"papsimmo"!#"2023/01-1"!#"vente"!#"boutique"!#"40270"!#"GRENADE-SUR-L'ADOUR"!#"France"!#"Rue René Vielle"!#""!#""!#"66000"!#""!#""!#""!#""!#"1"!#"1"!#"2"!#"0"!#"Restaurant et Bar à vendre - Grenade-sur-l'Adour (40700)"!#"Découvrez cette opportunité unique de devenir propriétaire d'un restaurant bar au cœur de Grenade-sur-l'Adour, une charmante ville dynamique et accueillante.<br>Caractéristiques :Capacité : 75 couverts, répartis sur 2 salles et une terrasse extérieure, idéale pour les beaux jours.Clientèle : 98% de clientèle locale, fidélisée par un menu accessible et des plats à emporter.Bar : Fort potentiel de développement pour attirer une clientèle variée.Cuisine : Moderne et en excellent état, équipée d'un four à pizza.Confort : Climatisation réversible récente pour un confort optimal en toute saison.Accessibilité : Respect des normes handicapées.Finances : Chiffre d'affaires intéressant avec une bonne rentabilité, idéal pour un couple souhaitant se lancer dans l'aventure de la restauration.Emplacement : Situé en bordure de route avec un parking à proximité, offrant une visibilité et un accès facile pour les clients.Options : Possibilité achat de l'immeuble comprenant aussi appartement T3 de 88 m² à l'étage.<br>Ville : Grenade-sur-l'Adour est une ville dynamique et sympathique, offrant de nombreuses animations et services, ce qui attire une clientèle régulière et diverse.<br>Prix : 66 000 Euros<br>Ne manquez pas cette occasion de reprendre un établissement bien implanté et de développer votre propre affaire dans un cadre agréable et propice à la réussite.<br>Contact : 06 77 31 26 39 ou ddehez@papsimmo.fr<br>Les informations sur les risques auxquels, ce bien est exposé sont disponibles sur le site Géorisques : www.georisques.gouv.fr"!#""!#""!#"0"!#""!#""!#""!#""!#"0"!#""!#"0"!#"0"!#""!#""!#"0"!#"0"!#"0"!#"1"!#"0"!#""!#"0"!#"0"!#""!#"0"!#"0"!#"0"!#"0"!#"1"!#""!#""!#""!#""!#""!#""!#""!#""!#""!#""!#""!#""!#"0"!#"0"!#"0"!#"0"!#"0"!#"0"!#"0"!#"0"!#"0"!#"0"!#"0"!#"0"!#"0"!#"0"!#"0"!#"0"!#"0"!#"0"!#""!#""!#"0"!#"SI"!#"0"!#"0"!#"https://www.papsimmo.fr/properties/2023-01-1/20180712-145541.jpg?20240102"!#"https://www.papsimmo.fr/properties/2023-01-1/20180712-145449.jpg?20240102"!#"https://www.papsimmo.fr/properties/2023-01-1/20180712-145633.jpg?20240102"!#""!#""!#""!#""!#""!#""!#"Photo-2023/01-1-1"!#"Photo-2023/01-1-2"!#"Photo-2023/01-1-3"!#""!#""!#""!#""!#""!#""!#""!#""!#"."!#"PAPs immo"!#"contact@papsimmo.fr"!#"40270"!#"GRENADE-SUR-L'ADOUR"!#""!#""!#"25"!#"23/01/2023"!#""!#""!#""!#""!#""!#""!#""!#""!#""!#""!#""!#""!#""!#""!#""!#""!#""!#""!#""!#""!#""!#""!#""!#""!#""!#""!#""!#""!#""!#""!#""!#""!#""!#""!#""!#""!#""!#""!#""!#""!#""!#""!#""!#""!#""!#""!#""!#""!#"0"!#"0"!#""!#""!#""!#""!#""!#""!#""!#""!#""!#""!#""!#""!#"0"!#"NS"!#"0"!#"NS"!#""!#"RES"!#""!#""!#""!#""!#""!#""!#""!#"0"!#"0"!#"0"!#"0"!#""!#""!#""!#""!#""!#""!#""!#""!#""!#""!#""!#""!#""!#""!#""!#""!#""!#""!#""!#""!#""!#""!#""!#""!#""!#""!#""!#""!#""!#""!#""!#""!#""!#""!#""!#""!#""!#""!#""!#""!#""!#""!#""!#""!#""!#""!#""!#""!#""!#""!#""!#""!#""!#""!#""!#""!#""!#""!#""!#""!#""!#""!#""!#""!#""!#""!#""!#"0.00"!#""!#""!#""!#""!#""!#""!#""!#""!#""!#""!#""!#""!#""!#""!#""!#""!#""!#""!#""!#""!#""!#""!#""!#""!#""!#""!#""!#""!#""!#""!#""!#""!#""!#""!#""!#""!#""!#""!#""!#""!#"4.11"!#""!#""!#""!#""!#""!#""!#""!#""!#""!#""!#""!#""!#""!#""!#""!#""!#""!#""!#""!#""!#""!#""!#""!#""!#"0"!#"0"!#""!#""!#""!#""!#""!#""
"papsimmo"!#"2023/04-1"!#"vente"!#"Terrain"!#"40240"!#"ESTIGARDE"!#"France"!#"village"!#""!#""!#"19202"!#""!#""!#""!#""!#"0"!#"1143"!#"0"!#"0"!#"Terrain constructible"!#"À la recherche du terrain idéal pour votre projet de construction ? <br>Ne cherchez plus ! Nous vous proposons plusieurs terrains constructibles et viabilisés, allant de 1143 m² à 1476 m², situés dans une charmante commune rurale des Landes d'Armagnac.<br>Ces terrains sont totalement libres de constructeur, ce qui vous permet une grande liberté dans la réalisation de votre projet. De plus, la réglementation en vigueur est souple, se conformant au PLUI (Plan Local d'Urbanisme Intercommunal), ce qui facilite vos démarches administratives.<br>Vous serez ravi d'apprendre que ces terrains offrent la possibilité de construire en R+1, vous permettant ainsi de concevoir une maison spacieuse et adaptée à vos besoins.<br>Concernant l'assainissement, il est individuel, vous garantissant ainsi une parfaite autonomie dans la gestion de celui-ci.<br>Enfin, il est essentiel de noter que ces terrains ne sont pas soumis au DPE (Diagnostic de Performance Énergétique), vous permettant de vous concentrer pleinement sur votre projet de construction.<br>Idéal pour les primo-accédants, cette opportunité vous permettra de réaliser le rêve d'une maison sur mesure, dans un cadre paisible et verdoyant.Prix :  à partir de 19 202€ <br>Contact  06 77 31 26 39 ou  contact@papsimmo.frLes informations sur les risques auxquels, ce bien est exposé sont disponibles sur le site Géorisques : www.georisques.gouv.fr"!#""!#""!#"0"!#""!#""!#""!#""!#"0"!#""!#"0"!#"0"!#""!#""!#"0"!#"0"!#"0"!#"1"!#"0"!#""!#"0"!#"0"!#""!#"0"!#"0"!#"0"!#"0"!#"0"!#""!#""!#""!#""!#""!#""!#""!#""!#""!#""!#""!#""!#"0"!#"0"!#"0"!#"0"!#"0"!#"0"!#"0"!#"0"!#"0"!#"0"!#"0"!#"0"!#"0"!#"0"!#"0"!#"0"!#"0"!#"0"!#""!#""!#"0"!#"SI"!#"0"!#"0"!#"https://www.papsimmo.fr/properties/2023-04-1/terrain02052023.jpg?20240102"!#""!#""!#""!#""!#""!#""!#""!#""!#"Photo-2023/04-1-1"!#""!#""!#""!#""!#""!#""!#""!#""!#""!#""!#"."!#"PAPs immo"!#"contact@papsimmo.fr"!#"40240"!#"ESTIGARDE"!#""!#""!#"31"!#"03/04/2023"!#""!#""!#""!#""!#""!#""!#""!#""!#""!#""!#""!#""!#""!#""!#""!#""!#""!#""!#""!#""!#""!#""!#""!#""!#""!#""!#""!#""!#""!#""!#""!#""!#""!#""!#""!#""!#""!#""!#""!#""!#""!#""!#""!#""!#""!#""!#""!#""!#"0"!#"0"!#""!#""!#""!#""!#""!#""!#""!#""!#""!#""!#""!#""!#"0"!#"NS"!#"0"!#"NS"!#""!#""!#""!#""!#""!#""!#""!#""!#""!#"0"!#"0"!#"0"!#"0"!#""!#""!#""!#""!#""!#""!#""!#""!#""!#""!#""!#""!#""!#""!#""!#""!#""!#""!#""!#""!#""!#""!#""!#""!#""!#""!#""!#""!#""!#""!#""!#""!#""!#""!#""!#""!#""!#""!#""!#""!#""!#""!#""!#""!#""!#""!#""!#""!#""!#""!#""!#""!#""!#""!#""!#""!#""!#""!#""!#""!#""!#""!#""!#""!#""!#""!#""!#"0.00"!#""!#""!#""!#""!#""!#""!#""!#""!#""!#""!#""!#""!#""!#""!#""!#""!#""!#""!#""!#""!#""!#""!#""!#""!#""!#""!#""!#""!#""!#""!#""!#""!#""!#""!#""!#""!#""!#""!#""!#""!#"4.11"!#""!#""!#""!#""!#""!#""!#""!#""!#""!#""!#""!#""!#""!#""!#""!#""!#""!#""!#""!#""!#""!#""!#""!#""!#"0"!#"0"!#""!#""!#""!#""!#""!#""
"papsimmo"!#"2023/04-3"!#"vente"!#"Immeuble"!#"40100"!#"DAX"!#"France"!#"80 avenue des tuileries"!#""!#""!#"249900"!#""!#""!#""!#""!#"144"!#"359"!#"6"!#"4"!#"Immeuble"!#"Au centre de Dax, cet immeuble à usage d'habitation est composé de deux studios, de deux T2 et un sous-sol.<br> - au rez-de-chaussée : 2 studios avec coin cuisine, espace nuit avec placard, salle d'eau (meuble vasque, douche, WC)<br>- au premier étage  – un appartement de type 2 pièces comprenant une pièce de vie avec cuisine, une chambre, une salle de bain (meuble, vasque, baignoire, WC)<br>— Au deuxième étage  – un appartement mansardé de type 2 pièces comprenant une pièce de vie, une cuisine, une chambre, une salle d'eau (meuble, vasque, douche) et WC séparé.<br>Le tout sur un terrain de 359 m² avec parking privatif.<br>Rapport locatif environ 20 000 euros de revenus fonciers par an.<br>Pas de copropriété, parfait pour investisseur.<br>Taxe foncière : 2248€Prix : 249 900€<br>Contact  06 77 31 26 39 ou contact@papsimmo.fr<br>Les informations sur les risques auxquels, ce bien est exposé sont disponibles sur le site Géorisques : www.georisques.gouv.fr"!#""!#""!#"0"!#""!#""!#"1940"!#""!#"0"!#""!#"0"!#"0"!#""!#""!#"0"!#"0"!#"0"!#"1"!#"3"!#""!#"0"!#"0"!#""!#"0"!#"0"!#"0"!#"0"!#"0"!#""!#""!#""!#""!#""!#""!#""!#""!#""!#""!#""!#""!#"0"!#"0"!#"0"!#"0"!#"0"!#"0"!#"0"!#"0"!#"0"!#"0"!#"0"!#"0"!#"0"!#"0"!#"0"!#"0"!#"0"!#"0"!#""!#""!#"0"!#"SI"!#"0"!#"0"!#"https://www.papsimmo.fr/properties/2023-04-3/2020-stud-1.jpg?20240102"!#"https://www.papsimmo.fr/properties/2023-04-3/2020-stud-2.jpg?20240102"!#"https://www.papsimmo.fr/properties/2023-04-3/img-1637.jpg?20240102"!#"https://www.papsimmo.fr/properties/2023-04-3/img-1638.jpg?20240102"!#"https://www.papsimmo.fr/properties/2023-04-3/dscn4491.jpg?20240102"!#"https://www.papsimmo.fr/properties/2023-04-3/20230428-133031.jpg?20240102"!#"https://www.papsimmo.fr/properties/2023-04-3/img-1639.jpg?20240102"!#"https://www.papsimmo.fr/properties/2023-04-3/20230428-133025.jpg?20240102"!#""!#"Photo-2023/04-3-1"!#"Photo-2023/04-3-2"!#"Photo-2023/04-3-3"!#"Photo-2023/04-3-4"!#"Photo-2023/04-3-5"!#"Photo-2023/04-3-7"!#"Photo-2023/04-3-8"!#""!#""!#""!#""!#"."!#"PAPs immo"!#"contact@papsimmo.fr"!#"40100"!#"DAX"!#""!#""!#"34"!#"30/04/2023"!#""!#""!#""!#""!#""!#""!#""!#""!#""!#""!#""!#""!#""!#""!#""!#""!#""!#""!#""!#""!#""!#""!#""!#""!#""!#""!#""!#""!#""!#""!#""!#""!#""!#""!#""!#""!#""!#""!#""!#""!#""!#""!#""!#""!#""!#""!#""!#""!#"0"!#"0"!#""!#""!#""!#""!#""!#""!#""!#""!#""!#""!#""!#""!#"308"!#"E"!#"10"!#"B"!#""!#""!#""!#""!#""!#""!#""!#""!#""!#"0"!#"0"!#"0"!#"0"!#""!#""!#""!#""!#""!#""!#""!#""!#""!#""!#""!#""!#""!#""!#""!#""!#""!#""!#""!#""!#""!#""!#""!#""!#""!#""!#""!#""!#""!#""!#""!#""!#""!#""!#""!#""!#""!#""!#""!#""!#""!#""!#""!#""!#""!#""!#""!#""!#""!#""!#""!#""!#""!#""!#""!#""!#""!#""!#""!#""!#""!#""!#""!#""!#""!#""!#""!#"0.00"!#""!#""!#""!#""!#""!#""!#""!#""!#""!#""!#""!#""!#""!#""!#""!#""!#""!#""!#""!#""!#""!#""!#""!#""!#""!#""!#""!#""!#""!#""!#""!#""!#""!#""!#""!#""!#""!#""!#""!#""!#"4.11"!#""!#""!#""!#""!#""!#""!#""!#""!#""!#""!#""!#""!#""!#""!#""!#""!#""!#""!#""!#""!#""!#""!#"04/04/2023"!#""!#"2660"!#"3650"!#"01/01/2021"!#""!#""!#""!#""!#""
"papsimmo"!#"2023/07-2"!#"vente"!#"Maison"!#"40310"!#"GABARRET"!#"France"!#"32-36 PLACE DE LA FONTAINE"!#""!#""!#"215000"!#""!#""!#""!#""!#"320"!#"995"!#"14"!#"8"!#"Ensemble immobilier au cœur de Gabarret"!#"Opportunité exceptionnelle pour les investisseurs : Ensemble immobilier avec énorme potentiel au cœur de GabarretCet ensemble immobilier unique, idéalement situé au cœur de Gabarret, offre un potentiel incroyable et représente une opportunité à ne pas manquer.<br>Composé d'un immeuble d'environ 200 m² répartis sur trois niveaux, cette propriété propose une configuration flexible pour votre projet d'investissement.<br>Au rez-de-chaussée, vous découvrirez un appartement T3 prêt à être occupé, offrant un revenu locatif immédiat. Au premier étage, un magnifique plateau à réhabiliter vous permettra de laisser libre cours à votre créativité et de façonner un espace selon vos besoins et envies. Le dernier étage, actuellement un vaste grenier, offre un potentiel d'aménagement exceptionnel pour créer des espaces de vie supplémentaires.<br>En plus de l'immeuble principal, cette propriété comprend également deux maisons mitoyennes d'environ 60 m² chacune, toutes deux de type T3, donnant sur un charmant patio. Ces maisons constituent une opportunité supplémentaire de location ou de revente, augmentant ainsi le potentiel de rendement de votre investissement.<br>Le lot de 995 m² comprend une grande cour intérieure, offrant un espace polyvalent pour aménager des dépendances, un garage ou un parking. De plus, le raccordement tout-à-l'égout est déjà réalisé, ce qui facilite les démarches administratives.<br>Certes, des travaux sont à prévoir, mais imaginez les possibilités offertes par cet ensemble immobilier ! Que vous soyez un investisseur averti à la recherche d'un projet lucratif ou un professionnel du bâtiment passionné par la rénovation, cette propriété est faite pour vous.<br>Ne laissez pas passer cette occasion unique de réaliser un investissement prometteur et découvrez par vous-même le potentiel illimité de cet ensemble immobilier exceptionnel.<br>Taxe foncière : 1336€Prix : 215 000€<br>Contact 06 77 31 26 39 ou  contact@papsimmo.frLes informations sur les risques auxquels, ce bien est exposé sont disponibles sur le site Géorisques : www.georisques.gouv.fr"!#""!#""!#"3"!#""!#""!#"1900"!#""!#"0"!#""!#"3"!#"0"!#""!#""!#"0"!#"0"!#"0"!#"1"!#"0"!#""!#"0"!#"0"!#""!#"0"!#"0"!#"0"!#"0"!#"1"!#""!#""!#""!#""!#""!#""!#""!#""!#""!#""!#""!#""!#"0"!#"0"!#"0"!#"0"!#"0"!#"0"!#"0"!#"0"!#"0"!#"0"!#"0"!#"0"!#"0"!#"0"!#"0"!#"0"!#"0"!#"0"!#""!#""!#"0"!#"SI"!#"0"!#"0"!#"https://www.papsimmo.fr/properties/2023-07-2/20230707-124909.jpg?20240102"!#"https://www.papsimmo.fr/properties/2023-07-2/20230707-130449.jpg?20240102"!#"https://www.papsimmo.fr/properties/2023-07-2/20230707-130345.jpg?20240102"!#"https://www.papsimmo.fr/properties/2023-07-2/img-0541.jpg?20240102"!#""!#""!#""!#""!#""!#"Photo-2023/07-2-1"!#"Photo-2023/07-2-2"!#"Photo-2023/07-2-3"!#"Photo-2023/07-2-4"!#""!#""!#""!#""!#""!#""!#""!#"."!#"PAPs immo"!#"contact@papsimmo.fr"!#"40310"!#"GABARRET"!#""!#""!#"39"!#"10/07/2023"!#""!#""!#""!#""!#""!#""!#""!#""!#""!#""!#""!#""!#""!#""!#""!#""!#""!#""!#""!#""!#""!#""!#""!#""!#""!#""!#""!#""!#""!#""!#""!#""!#""!#""!#""!#""!#""!#""!#""!#""!#""!#""!#""!#""!#""!#""!#""!#""!#"0"!#"0"!#""!#""!#""!#""!#""!#""!#""!#""!#""!#""!#""!#""!#"255"!#"E"!#"8"!#"B"!#""!#""!#""!#""!#""!#""!#""!#""!#""!#"0"!#"0"!#"0"!#"0"!#""!#""!#""!#""!#""!#""!#""!#""!#""!#""!#""!#""!#""!#""!#""!#""!#""!#""!#""!#""!#""!#""!#""!#""!#""!#""!#""!#""!#""!#""!#""!#""!#""!#""!#""!#""!#""!#""!#""!#""!#""!#""!#""!#""!#""!#""!#""!#""!#""!#""!#""!#""!#""!#""!#""!#""!#""!#""!#""!#""!#""!#""!#""!#""!#""!#""!#""!#"0.00"!#""!#""!#""!#""!#""!#""!#""!#""!#""!#""!#""!#""!#""!#""!#""!#""!#""!#""!#""!#""!#""!#""!#""!#""!#""!#""!#""!#""!#""!#""!#""!#""!#""!#""!#""!#""!#""!#""!#""!#""!#"4.11"!#""!#""!#""!#""!#""!#""!#""!#""!#""!#""!#""!#""!#""!#""!#""!#""!#""!#""!#""!#""!#""!#""!#"19/06/2023"!#""!#"1290"!#"1790"!#"01/01/2021"!#""!#""!#""!#""!#""
"papsimmo"!#"2023/09-2"!#"vente"!#"Maison"!#"40240"!#"ESTIGARDE"!#"France"!#"965 route de Herré"!#""!#""!#"149000"!#""!#""!#""!#""!#"75"!#"1260"!#"4"!#"2"!#"Maison plain-pied sur un terrain de 1260 m²"!#"Cette maison de plain-pied est un véritable havre de paix. <br>Elle offre un salon, avec une cheminée équipée d'un insert bois, crée une ambiance chaleureuse, tandis que la salle à manger offre un accès direct à une terrasse couverte, idéale pour les repas en plein air, une cuisine entièrement équipée, deux chambres avec placard, une salle d'eau bien aménagée (douche, meuble vasque, bidet), des toilettes séparées et un cellier/buanderie avec une mezzanine astucieuse.<br>Le terrain est clôturé, préservant votre intimité à tout moment. Pas de vis-à-vis, seulement la sérénité d'un environnement calme et paisible. De plus, une petite dépendance avec un bucher, un récupérateur d'eau 1300 Litres et un grand garage à double entrée sont à votre disposition.<br>Profitez du confort d'un chauffage rayonnant au plafond avec label, réglable à distance via votre téléphone pour une maison toujours à la température idéale.<br>Que vous recherchiez un chez-vous pour votre famille ou un refuge paisible pour votre retraite, ce bien répond à toutes vos attentes.<br>N'attendez pas, contactez-nous dès maintenant pour une visite sur la commune d'ESTIGARDE<br>Votre avenir commence ici, dans cette maison où le calme et le confort sont au rendez-vous.<br>Taxe foncière : 256€Prix : 149 000€<br>Contact 06 77 31 26 39 ou contact@papsimmo.fr  "!#""!#""!#"0"!#""!#""!#"1998"!#""!#"0"!#""!#"1"!#"0"!#""!#""!#"0"!#"0"!#"0"!#"1"!#"0"!#""!#"0"!#"0"!#""!#"0"!#"0"!#"0"!#"0"!#"1"!#""!#""!#""!#""!#""!#""!#""!#""!#""!#""!#""!#""!#"0"!#"0"!#"0"!#"0"!#"0"!#"0"!#"0"!#"0"!#"0"!#"0"!#"0"!#"0"!#"0"!#"0"!#"0"!#"0"!#"0"!#"0"!#""!#""!#"0"!#"SI"!#"0"!#"0"!#"https://www.papsimmo.fr/properties/2023-09-2/20230904-100934.jpg?20240102"!#"https://www.papsimmo.fr/properties/2023-09-2/20230904-100522.jpg?20240102"!#"https://www.papsimmo.fr/properties/2023-09-2/20230904-100606.jpg?20240102"!#"https://www.papsimmo.fr/properties/2023-09-2/20230904-100221.jpg?20240102"!#"https://www.papsimmo.fr/properties/2023-09-2/20230904-100259.jpg?20240102"!#"https://www.papsimmo.fr/properties/2023-09-2/20230904-095814.jpg?20240102"!#"https://www.papsimmo.fr/properties/2023-09-2/dscn4604.jpg?20240102"!#""!#""!#"Photo-2023/09-2-1"!#"Photo-2023/09-2-2"!#"Photo-2023/09-2-3"!#"Photo-2023/09-2-4"!#"Photo-2023/09-2-5"!#"Photo-2023/09-2-7"!#""!#""!#""!#""!#""!#"."!#"PAPs immo"!#"contact@papsimmo.fr"!#"40240"!#"ESTIGARDE"!#""!#""!#"47"!#"04/09/2023"!#""!#""!#""!#""!#""!#""!#""!#""!#""!#""!#""!#""!#""!#""!#""!#""!#""!#""!#""!#""!#""!#""!#""!#""!#""!#""!#""!#""!#""!#""!#""!#""!#""!#""!#""!#""!#""!#""!#""!#""!#""!#""!#""!#""!#""!#""!#""!#""!#"0"!#"0"!#""!#""!#""!#""!#""!#""!#""!#""!#""!#""!#""!#""!#"238"!#"D"!#"7"!#"B"!#""!#""!#""!#""!#""!#""!#""!#""!#""!#"0"!#"0"!#"0"!#"0"!#""!#""!#""!#""!#""!#""!#""!#""!#""!#""!#""!#""!#""!#""!#""!#""!#""!#""!#""!#""!#""!#""!#""!#""!#""!#""!#""!#""!#""!#""!#""!#""!#""!#""!#""!#""!#""!#""!#""!#""!#""!#""!#""!#""!#""!#""!#""!#""!#""!#""!#""!#""!#""!#""!#""!#""!#""!#""!#""!#""!#""!#""!#""!#""!#""!#""!#""!#"0.00"!#""!#""!#""!#""!#""!#""!#""!#""!#""!#""!#""!#""!#""!#""!#""!#""!#""!#""!#""!#""!#""!#""!#""!#""!#""!#""!#""!#""!#""!#""!#""!#""!#""!#""!#""!#""!#""!#""!#""!#""!#"4.11"!#""!#""!#""!#""!#""!#""!#""!#""!#""!#""!#""!#""!#""!#""!#""!#""!#""!#""!#""!#""!#""!#""!#"04/09/2023"!#""!#"1010"!#"1420"!#"01/01/2021"!#""!#""!#""!#""!#""
"papsimmo"!#"2023/06-3"!#"vente"!#"Immeuble"!#"40000"!#"MONT-DE-MARSAN"!#"France"!#"Rue du Maréchal Bosquet"!#""!#""!#"552000"!#""!#""!#""!#""!#"1650"!#"742"!#"10"!#"0"!#"IMMEUBLE HYPER CENTRE MONT DE MARSAN"!#"EN EXCLUSIVITE<br>Produit rare et idéalement situé HYPER CENTRE de Mont de Marsan,<br>L'immeuble offre un beau potentiel et de beaux volumes environ 1650 m² avec possibilité R+3<br>pour y installer des bureaux, diverses cellules commerciales ou de le transformer en habitation.Prix : 552 000€<br>Contact 06 77 31 26 39 ou  contact@papsimmo.frLes informations sur les risques auxquels, ce bien est exposé sont disponibles sur le site Géorisques : www.georisques.gouv.fr<br><br> "!#""!#""!#"0"!#""!#""!#""!#""!#"0"!#""!#"0"!#"0"!#""!#""!#"0"!#"0"!#"0"!#"1"!#"0"!#""!#"0"!#"0"!#""!#"0"!#"0"!#"0"!#"0"!#"0"!#""!#""!#""!#""!#""!#""!#""!#""!#""!#""!#""!#""!#"0"!#"0"!#"0"!#"0"!#"0"!#"0"!#"0"!#"0"!#"0"!#"0"!#"0"!#"0"!#"0"!#"0"!#"0"!#"0"!#"0"!#"0"!#""!#""!#"0"!#"SI"!#"0"!#"0"!#"https://www.papsimmo.fr/properties/2023-06-3/telechargement.jpg?20240102"!#""!#""!#""!#""!#""!#""!#""!#""!#"Photo-2023/06-3-1"!#""!#""!#""!#""!#""!#""!#""!#""!#""!#""!#"."!#"PAPs immo"!#"contact@papsimmo.fr"!#"40000"!#"MONT-DE-MARSAN"!#""!#""!#"36"!#"14/09/2023"!#""!#""!#""!#""!#""!#""!#""!#""!#""!#""!#""!#""!#""!#""!#""!#""!#""!#""!#""!#""!#""!#""!#""!#""!#""!#""!#""!#""!#""!#""!#""!#""!#""!#""!#""!#""!#""!#""!#""!#""!#""!#""!#""!#""!#""!#""!#""!#""!#"0"!#"0"!#""!#""!#""!#""!#""!#""!#""!#""!#""!#""!#""!#""!#"0"!#"VI"!#"0"!#"VI"!#""!#""!#""!#""!#""!#""!#""!#""!#""!#"0"!#"0"!#"0"!#"0"!#""!#""!#""!#""!#""!#""!#""!#""!#""!#""!#""!#""!#""!#""!#""!#""!#""!#""!#""!#""!#""!#""!#""!#""!#""!#""!#""!#""!#""!#""!#""!#""!#""!#""!#""!#""!#""!#""!#""!#""!#""!#""!#""!#""!#""!#""!#""!#""!#""!#""!#""!#""!#""!#""!#""!#""!#""!#""!#""!#""!#""!#""!#""!#""!#""!#""!#""!#"0.00"!#""!#""!#""!#""!#""!#""!#""!#""!#""!#""!#""!#""!#""!#""!#""!#""!#""!#""!#""!#""!#""!#""!#""!#""!#""!#""!#""!#""!#""!#""!#""!#""!#""!#""!#""!#""!#""!#""!#""!#""!#"4.11"!#""!#""!#""!#""!#""!#""!#""!#""!#""!#""!#""!#""!#""!#""!#""!#""!#""!#""!#""!#""!#""!#""!#"22/12/2020"!#""!#"0"!#"0"!#""!#""!#""!#""!#""!#""
"papsimmo"!#"2023/100950-1"!#"vente"!#"Terrain"!#"40120"!#"SAINT-GOR"!#"France"!#"LIEU DIT SAUTIRAN"!#""!#""!#"110000"!#""!#""!#""!#""!#"0"!#"28803"!#"0"!#"0"!#"TERRAIN DE 2HA88A03CA"!#"À une heure de BORDEAUX ou de l'OCÉAN, ce magnifique terrain plat de 28 803 m²,<br>avec une belle partie constructible d'environ 17 000m² est desservi en eau et électricité.<br>Terrain avec CU et permis de construire validé.<br>Au calme, une belle vue sans vis-à-vis, un vrai coup de coeur pour ce village tranquille.<br>Parfait pour y vivre en famille ou pour une retraite paisible.Prix : 110 000€<br>Contact  06 77 31 26 39 ou  contact@papsimmo.frLes informations sur les risques auxquels, ce bien est exposé sont disponibles sur le site Géorisques : www.georisques.gouv.fr"!#""!#""!#"0"!#""!#""!#""!#""!#"0"!#""!#"0"!#"0"!#""!#""!#"0"!#"0"!#"0"!#"1"!#"0"!#""!#"0"!#"0"!#""!#"0"!#"0"!#"0"!#"0"!#"0"!#""!#""!#""!#""!#""!#""!#""!#""!#""!#""!#""!#""!#"0"!#"0"!#"0"!#"0"!#"0"!#"0"!#"0"!#"0"!#"0"!#"0"!#"0"!#"0"!#"0"!#"0"!#"0"!#"0"!#"0"!#"0"!#""!#""!#"0"!#"SI"!#"0"!#"0"!#"https://www.papsimmo.fr/properties/2023-100950-1/capture-6523bc9973227683968242.jpg?20240102"!#""!#""!#""!#""!#""!#""!#""!#""!#"Photo-2023/100950-1-1"!#""!#""!#""!#""!#""!#""!#""!#""!#""!#""!#"."!#"PAPs immo"!#"contact@papsimmo.fr"!#"40120"!#"SAINT-GOR"!#""!#""!#"49"!#"09/10/2023"!#""!#""!#""!#""!#""!#""!#""!#""!#""!#""!#""!#""!#""!#""!#""!#""!#""!#""!#""!#""!#""!#""!#""!#""!#""!#""!#""!#""!#""!#""!#""!#""!#""!#""!#""!#""!#""!#""!#""!#""!#""!#""!#""!#""!#""!#""!#""!#""!#"0"!#"0"!#""!#""!#""!#""!#""!#""!#""!#""!#""!#""!#""!#""!#"0"!#"NS"!#"0"!#"NS"!#""!#""!#""!#""!#""!#""!#""!#""!#""!#"0"!#"0"!#"0"!#"0"!#""!#""!#""!#""!#""!#""!#""!#""!#""!#""!#""!#""!#""!#""!#""!#""!#""!#""!#""!#""!#""!#""!#""!#""!#""!#""!#""!#""!#""!#""!#""!#""!#""!#""!#""!#""!#""!#""!#""!#""!#""!#""!#""!#""!#""!#""!#""!#""!#""!#""!#""!#""!#""!#""!#""!#""!#""!#""!#""!#""!#""!#""!#""!#""!#""!#""!#""!#"0.00"!#""!#""!#""!#""!#""!#""!#""!#""!#""!#""!#""!#""!#""!#""!#""!#""!#""!#""!#""!#""!#""!#""!#""!#""!#""!#""!#""!#""!#""!#""!#""!#""!#""!#""!#""!#""!#""!#""!#""!#""!#"4.11"!#""!#""!#""!#""!#""!#""!#""!#""!#""!#""!#""!#""!#""!#""!#""!#""!#""!#""!#""!#""!#""!#""!#""!#""!#"0"!#"0"!#""!#""!#""!#""!#""!#""
"papsimmo"!#"2023/101046-1"!#"location"!#"Bureau "!#"40280"!#"SAINT-PIERRE-DU-MONT"!#"France"!#"ZI de la téoulere"!#""!#""!#"0"!#""!#""!#"1"!#""!#"234"!#"0"!#"15"!#"0"!#"LOCATION BUREAU"!#"Immeuble de bureau d'un seul niveau composé de 9 bureaux, d'un open-space, d'un salle d'attente, d'une salle de repos, d'une salle d'archive, de sanitaire, couloirs de circulations et de palcards sur environ 232 m².<br>Parking plusieurs places, batiment sous alarme.<br>Disponible de suite.Loyer mensuel HT: 2950€<br>Charges mensuelles HT: 100€Contact  06 77 31 26 39 ou  contact@papsimmo.frLes informations sur les risques auxquels ce bien est exposé sont disponibles sur le site Géorisques : www.georisques.gouv.fr<br>Dépôt de garantie : 5900€.<br><br><br> "!#""!#""!#"0"!#""!#""!#"1997"!#""!#"0"!#""!#"0"!#"0"!#""!#""!#"0"!#"0"!#"0"!#"1"!#"0"!#""!#"0"!#"0"!#""!#"0"!#"0"!#"0"!#"0"!#"0"!#""!#""!#""!#""!#""!#""!#""!#""!#""!#""!#""!#""!#"0"!#"0"!#"0"!#"0"!#"0"!#"0"!#"0"!#"0"!#"0"!#"0"!#"0"!#"0"!#"0"!#"0"!#"0"!#"0"!#"0"!#"0"!#""!#""!#"0"!#"SI"!#"0"!#"0"!#"https://www.papsimmo.fr/properties/2023-101046-1/capture-d-ecran-2023-10-17-081501.jpg?20240102"!#"https://www.papsimmo.fr/properties/2023-101046-1/capture-d-ecran-2023-10-17-081547.jpg?20240102"!#"https://www.papsimmo.fr/properties/2023-101046-1/capture-d-ecran-2023-10-17-081238.jpg?20240102"!#""!#""!#""!#""!#""!#""!#"Photo-2023/101046-1-1"!#"Photo-2023/101046-1-2"!#"Photo-2023/101046-1-3"!#""!#""!#""!#""!#""!#""!#""!#""!#"."!#"PAPs immo"!#"contact@papsimmo.fr"!#"40280"!#"SAINT-PIERRE-DU-MONT"!#""!#""!#"50"!#"10/10/2023"!#""!#""!#""!#""!#""!#""!#""!#""!#""!#""!#""!#""!#""!#""!#""!#""!#""!#""!#""!#""!#""!#""!#""!#""!#""!#""!#""!#""!#""!#""!#""!#""!#""!#""!#""!#""!#""!#""!#""!#""!#""!#""!#""!#""!#""!#""!#""!#""!#"0"!#"0"!#""!#""!#""!#""!#""!#""!#""!#""!#""!#""!#""!#""!#"0"!#"VI"!#"0"!#"VI"!#""!#""!#""!#""!#""!#""!#""!#""!#""!#"0"!#"0"!#"0"!#"0"!#""!#""!#""!#""!#""!#""!#""!#""!#""!#"35400.00"!#"1200.00"!#"0.00"!#"0.00"!#"oui"!#"non"!#"oui"!#"non"!#"non"!#"non"!#"non"!#"non"!#""!#""!#""!#""!#""!#""!#""!#""!#""!#""!#""!#""!#""!#""!#""!#""!#""!#""!#""!#""!#""!#""!#""!#""!#""!#""!#""!#""!#""!#""!#""!#""!#""!#""!#""!#""!#""!#""!#""!#""!#""!#""!#""!#""!#""!#""!#"0.00"!#""!#""!#""!#""!#""!#""!#""!#""!#""!#""!#""!#""!#""!#""!#""!#""!#""!#""!#""!#""!#""!#""!#""!#""!#""!#""!#""!#""!#""!#""!#""!#""!#""!#""!#""!#""!#""!#""!#""!#""!#"4.11"!#""!#""!#""!#""!#""!#""!#""!#""!#""!#""!#""!#""!#""!#""!#""!#""!#""!#""!#""!#""!#""!#""!#""!#""!#"0"!#"0"!#""!#""!#""!#""!#""!#""
"papsimmo"!#"2023/101042-1"!#"vente"!#"Terrain"!#"40120"!#"CACHEN"!#"France"!#"route du Ginx"!#""!#""!#"210000"!#""!#""!#""!#""!#"0"!#"11969"!#"0"!#"0"!#"Terrain Constructible de 1 Ha 19a 69ca"!#"À saisir, ce magnifique terrain constructible de plus d’un hectare (1 Ha 19a 69ca), plat et arboré, niché au cœur du bourg d’un charmant village. Situé à seulement 5 minutes de Roquefort, de l'autoroute A65, et à 20 minutes de Mont-de-Marsan, ce terrain offre une localisation idéale pour un projet de vie ou d’investissement.Prix : 210 000€Pour plus d’informations, contactez-nous au 06 77 31 26 39 ou par email à contact@papsimmo.fr"!#""!#""!#"0"!#""!#""!#""!#""!#"0"!#""!#"0"!#"0"!#""!#""!#"0"!#"0"!#"0"!#"1"!#"0"!#""!#"0"!#"0"!#""!#"0"!#"0"!#"0"!#"0"!#"0"!#""!#""!#""!#""!#""!#""!#""!#""!#""!#""!#""!#""!#"0"!#"0"!#"0"!#"0"!#"0"!#"0"!#"0"!#"0"!#"0"!#"0"!#"0"!#"0"!#"0"!#"0"!#"0"!#"0"!#"0"!#"0"!#""!#""!#"0"!#"SI"!#"0"!#"0"!#"https://www.papsimmo.fr/properties/2023-101042-1/20230927-143849.jpg?20240102"!#"https://www.papsimmo.fr/properties/2023-101042-1/20230927-143606.jpg?20240102"!#"https://www.papsimmo.fr/properties/2023-101042-1/20230927-143612.jpg?20240102"!#"https://www.papsimmo.fr/properties/2023-101042-1/20230927-143632.jpg?20240102"!#""!#""!#""!#""!#""!#"Photo-2023/101042-1-1"!#"Photo-2023/101042-1-2"!#"Photo-2023/101042-1-3"!#"Photo-2023/101042-1-4"!#""!#""!#""!#""!#""!#""!#""!#"."!#"PAPs immo"!#"contact@papsimmo.fr"!#"40120"!#"CACHEN"!#""!#""!#"51"!#"10/10/2023"!#""!#""!#""!#""!#""!#""!#""!#""!#""!#""!#""!#""!#""!#""!#""!#""!#""!#""!#""!#""!#""!#""!#""!#""!#""!#""!#""!#""!#""!#""!#""!#""!#""!#""!#""!#""!#""!#""!#""!#""!#""!#""!#""!#""!#""!#""!#""!#""!#"0"!#"0"!#""!#""!#""!#""!#""!#""!#""!#""!#""!#""!#""!#""!#"0"!#"NS"!#"0"!#"NS"!#""!#""!#""!#""!#""!#""!#""!#""!#""!#"0"!#"0"!#"0"!#"0"!#""!#""!#""!#""!#""!#""!#""!#""!#""!#""!#""!#""!#""!#""!#""!#""!#""!#""!#""!#""!#""!#""!#""!#""!#""!#""!#""!#""!#""!#""!#""!#""!#""!#""!#""!#""!#""!#""!#""!#""!#""!#""!#""!#""!#""!#""!#""!#""!#""!#""!#""!#""!#""!#""!#""!#""!#""!#""!#""!#""!#""!#""!#""!#""!#""!#""!#""!#"0.00"!#""!#""!#""!#""!#""!#""!#""!#""!#""!#""!#""!#""!#""!#""!#""!#""!#""!#""!#""!#""!#""!#""!#""!#""!#""!#""!#""!#""!#""!#""!#""!#""!#""!#""!#""!#""!#""!#""!#""!#""!#"4.11"!#""!#""!#""!#""!#""!#""!#""!#""!#""!#""!#""!#""!#""!#""!#""!#""!#""!#""!#""!#""!#""!#""!#""!#""!#"0"!#"0"!#""!#""!#""!#""!#""!#""
"papsimmo"!#"2023/111115-1"!#"vente"!#"Maison"!#"47700"!#"CASTELJALOUX"!#"France"!#"130/150 allée de mourmoureau"!#""!#""!#"240000"!#""!#""!#""!#""!#"188"!#"5025"!#"8"!#"4"!#"Ensemble avec 2 maisons, piscine et dépendances"!#"Découvrez le charme de cette propriété à Casteljaloux, avec un emplacement privilégié à proximité du Centre thermal « Eurothermes ». Spécialisée en rhumatologie et offrant des bains thermoludiques, cette résidence se trouve également proche d'un parc aquatique et d'un golf 18 trous.<br>Composée de deux habitations distinctes, la première de 102 m² offre une cuisine conviviale, un vaste séjour de 52 m², une salle d'eau moderne et une chambre confortable.<br>La seconde habitation de 86.5 m² propose une belle pièce de vie sur 33.5 m² avec une cuisine équipée, trois chambres spacieuses, une salle d'eau, un wc, et une véranda de 35 m².<br>L'ensemble est complété par un garage ossature bois de 50 m² avec un auvent et un abri voiture,<br>une piscine pour se détendre, le tout niché sur un vaste terrain de 5025 m².<br> Idéal pour un investissement locatif thermal, la création de gîtes, chambres d'hôtes, ou encore pour réunir plusieurs générations de famille. Ne manquez pas cette opportunité unique d'allier bien-être et investissement judicieux.<br>Taxe foncière : 1652€Prix : 240 000€<br>Contact 06 77 31 26 39 ou contact@papsimmo.frLes informations sur les risques auxquels, ce bien est exposé sont disponibles sur le site Géorisques : www.georisques.gouv.fr"!#""!#""!#"0"!#""!#""!#""!#""!#"0"!#""!#"2"!#"0"!#""!#""!#"0"!#"0"!#"0"!#"1"!#"0"!#""!#"0"!#"0"!#""!#"0"!#"0"!#"0"!#"0"!#"1"!#""!#""!#""!#""!#""!#""!#""!#""!#""!#""!#""!#""!#"0"!#"0"!#"0"!#"0"!#"0"!#"0"!#"0"!#"0"!#"0"!#"0"!#"0"!#"0"!#"0"!#"0"!#"0"!#"0"!#"0"!#"0"!#""!#""!#"0"!#"SI"!#"0"!#"0"!#"https://www.papsimmo.fr/properties/2023-111115-1/photo-3ce79358566501a156becec1562fe7ce.jpg?20240102"!#"https://www.papsimmo.fr/properties/2023-111115-1/maison-2-2.jpg?20240102"!#"https://www.papsimmo.fr/properties/2023-111115-1/photo-781c52fb345d07b562c9ba2099731a00.jpg?20240102"!#"https://www.papsimmo.fr/properties/2023-111115-1/maison-2-1.jpg?20240102"!#"https://www.papsimmo.fr/properties/2023-111115-1/img-20231103-161730.jpg?20240102"!#"https://www.papsimmo.fr/properties/2023-111115-1/photo-62f7aa7a517069d9db09a3221c760957.jpg?20240102"!#"https://www.papsimmo.fr/properties/2023-111115-1/img-20231103-161700.jpg?20240102"!#"https://www.papsimmo.fr/properties/2023-111115-1/photo-f2b85cd7523cd5324ad3b62f98ee9288.jpg?20240102"!#"https://www.papsimmo.fr/properties/2023-111115-1/img-20231103-161648.jpg?20240102"!#"Photo-2023/111115-1-1"!#"Photo-2023/111115-1-2"!#"Photo-2023/111115-1-3"!#"Photo-2023/111115-1-4"!#"Photo-2023/111115-1-5"!#"Photo-2023/111115-1-7"!#"Photo-2023/111115-1-8"!#"Photo-2023/111115-1-9"!#"Photo-2023/111115-1-10"!#""!#""!#"."!#"PAPs immo"!#"contact@papsimmo.fr"!#"47700"!#"CASTELJALOUX"!#""!#""!#"56"!#"11/11/2023"!#""!#""!#""!#""!#""!#""!#""!#""!#""!#""!#""!#""!#""!#""!#""!#""!#""!#""!#""!#""!#""!#""!#""!#""!#""!#""!#""!#""!#""!#""!#""!#""!#""!#""!#""!#""!#""!#""!#""!#""!#""!#""!#""!#""!#""!#""!#""!#""!#"0"!#"0"!#"https://www.papsimmo.fr/properties/2023-111115-1/photo-9d11d3781fb9466aabb583b082ce1f92.jpg?20240102"!#"https://www.papsimmo.fr/properties/2023-111115-1/img-20231103-161652.jpg?20240102"!#"https://www.papsimmo.fr/properties/2023-111115-1/img-20231103-161658.jpg?20240102"!#""!#""!#""!#""!#""!#""!#""!#""!#""!#"216"!#"D"!#"36"!#"D"!#""!#""!#""!#""!#""!#""!#""!#""!#""!#"0"!#"0"!#"0"!#"0"!#""!#""!#""!#""!#""!#""!#""!#""!#""!#""!#""!#""!#""!#""!#""!#""!#""!#""!#""!#""!#""!#""!#""!#""!#""!#""!#""!#""!#""!#""!#""!#""!#""!#""!#""!#""!#""!#""!#""!#""!#""!#""!#""!#""!#""!#""!#""!#""!#""!#""!#""!#""!#""!#""!#""!#""!#""!#""!#""!#""!#""!#""!#""!#""!#""!#""!#""!#"0.00"!#""!#""!#""!#""!#""!#""!#""!#""!#""!#""!#""!#""!#""!#"Photo-2023/111115-1-10"!#"Photo-2023/111115-1-11"!#"Photo-2023/111115-1-12"!#""!#""!#""!#""!#""!#""!#""!#""!#""!#""!#""!#""!#""!#""!#""!#""!#""!#""!#""!#""!#""!#""!#""!#""!#"4.11"!#""!#""!#""!#""!#""!#""!#""!#""!#""!#""!#""!#""!#""!#""!#""!#""!#""!#""!#""!#""!#""!#""!#"20/09/2023"!#""!#"3750"!#"5180"!#"01/12/2021"!#""!#""!#""!#""!#""
"papsimmo"!#"2024/012134-1"!#"vente"!#"Propriété"!#"40360"!#"POMAREZ"!#"France"!#"1698 chemin du Lucq"!#""!#""!#"880000"!#""!#""!#""!#""!#"236"!#"330000"!#"14"!#"4"!#"Propriété agricole chalossaise avec maison de maitre, dépendances et terres agricoles bio"!#"Cette propriété agricole située en terre chalossaise entre Dax et Orthez, vous propose une belle maison de Maitre de 236m²  avec grande dépendance jouxtant la partie habitable . La partie agricole est composée de 30 ha de terres fertiles cultivées en agriculture biologique,   3 ha de bois,  deux bâtiments d'élevage et une  conserverie aux normes européennes .Ce bien atypique alliant charme et fonctionnalité  offre de solides atouts  pour  des projets agricoles. Il permet d'envisager notamment  plusieurs ateliers de production, transformation, élevage  à proximité de villes qui constituent de réels débouchés commerciaux.Contact: Marie-Paule Hernandez 06 03 98 08 42 ou mphernandez@papsimmo.frLes informations sur les risques auxquels, ce bien est exposé sont disponibles sur le site Géorisques : www.georisques.gouv.fr"!#""!#""!#"1"!#""!#""!#"1880"!#""!#"0"!#""!#"0"!#"0"!#""!#""!#"0"!#"0"!#"0"!#"1"!#"0"!#""!#"0"!#"0"!#""!#"0"!#"0"!#"0"!#"0"!#"0"!#""!#""!#""!#""!#""!#""!#""!#""!#""!#""!#""!#""!#"0"!#"0"!#"0"!#"0"!#"0"!#"0"!#"0"!#"0"!#"0"!#"0"!#"0"!#"0"!#"0"!#"0"!#"0"!#"0"!#"0"!#"0"!#""!#""!#"0"!#"SI"!#"0"!#"0"!#"https://www.papsimmo.fr/properties/2024-012130-1/Facade-maison.jpg?20240121"!#"https://www.papsimmo.fr/properties/2024-012130-1/Conserverie.jpg?20240121"!#"https://www.papsimmo.fr/properties/2024-012130-1/20240201-110450.jpg?20240205"!#"https://www.papsimmo.fr/properties/2024-012130-1/IMG-20230813-203554-1.jpg?20240205"!#"https://www.papsimmo.fr/properties/2024-012130-1/maison-habitation-2.jpg?20240205"!#"https://www.papsimmo.fr/properties/2024-012130-1/20240201-105033.jpg?20240205"!#"https://www.papsimmo.fr/properties/2024-012130-1/20240201-105039.jpg?20240205"!#"https://www.papsimmo.fr/properties/2024-012130-1/20240201-105507.jpg?20240205"!#"https://www.papsimmo.fr/properties/2024-012130-1/cuisine-1.jpg?20240205"!#"Photo-2024/012134-1-1"!#"Photo-2024/012134-1-2"!#"Photo-2024/012134-1-3"!#"Photo-2024/012134-1-4"!#"Photo-2024/012134-1-5"!#"Photo-2024/012134-1-7"!#"Photo-2024/012134-1-8"!#"Photo-2024/012134-1-9"!#"Photo-2024/012134-1-10"!#""!#""!#"06.03.98.08.42"!#"Marie Paule HERNANDEZ 896574"!#"mphernandez@papsimmo.fr"!#"40360"!#"POMAREZ"!#""!#""!#"64"!#"11/01/2024"!#""!#""!#""!#""!#""!#""!#""!#""!#""!#""!#""!#""!#""!#""!#""!#""!#""!#""!#""!#""!#""!#""!#""!#""!#""!#""!#""!#""!#""!#""!#""!#""!#""!#""!#""!#""!#""!#""!#""!#""!#""!#""!#""!#""!#""!#""!#""!#""!#"0"!#"0"!#"https://www.papsimmo.fr/properties/2024-012130-1/cuisine-2.jpg?20240205"!#"https://www.papsimmo.fr/properties/2024-012130-1/chambre-1.jpg?20240205"!#"https://www.papsimmo.fr/properties/2024-012130-1/chambre-2.jpg?20240205"!#"https://www.papsimmo.fr/properties/2024-012130-1/20240201-110111.jpg?20240205"!#"https://www.papsimmo.fr/properties/2024-012130-1/20240201-110151.jpg?20240205"!#""!#""!#""!#""!#""!#""!#""!#"296"!#"E"!#"8"!#"B"!#""!#""!#""!#""!#""!#""!#""!#""!#""!#"0"!#"0"!#"0"!#"0"!#""!#""!#""!#""!#""!#""!#""!#""!#""!#""!#""!#""!#""!#""!#""!#""!#""!#""!#""!#""!#""!#""!#""!#""!#""!#""!#""!#""!#""!#""!#""!#""!#""!#""!#""!#""!#""!#""!#""!#""!#""!#""!#""!#""!#""!#""!#""!#""!#""!#""!#""!#""!#""!#""!#""!#""!#""!#""!#""!#""!#""!#""!#""!#""!#""!#""!#""!#"0.00"!#""!#""!#""!#""!#""!#""!#""!#""!#""!#""!#""!#""!#""!#"Photo-2024/012134-1-10"!#"Photo-2024/012134-1-11"!#"Photo-2024/012134-1-12"!#"Photo-2024/012134-1-13"!#"Photo-2024/012134-1-14"!#""!#""!#""!#""!#""!#""!#""!#""!#""!#""!#""!#""!#""!#""!#""!#""!#""!#""!#""!#""!#""!#""!#"4.11"!#""!#""!#""!#""!#""!#""!#""!#""!#""!#""!#""!#""!#""!#""!#""!#""!#""!#""!#""!#""!#""!#""!#"29/11/2023"!#""!#"3890"!#"5320"!#"20/03/2024"!#""!#""!#""!#""!#""
"papsimmo"!#"2024/012133-1"!#"vente"!#"Terrain"!#"40360"!#"POMAREZ"!#"France"!#"1698 chemin du Lucq"!#""!#""!#"360000"!#""!#""!#""!#""!#"0"!#"240000"!#"0"!#"0"!#"24 ha de terres agricoles bio en Chalosse"!#"24 hectares de terres agricoles cultivées en agriculture biologique en  deux ensembles  proches. Ces terres riches en matière organique sont à fort potentiel sans irrigation.Contact: 06 03 98 08 42 ou mphernandez@papsimmo.frLes informations sur les risques auxquels, ce bien est exposé sont disponibles sur le site Géorisques : www.georisques.gouv.fr"!#""!#""!#"0"!#""!#""!#""!#""!#"0"!#""!#"0"!#"0"!#""!#""!#"0"!#"0"!#"0"!#"1"!#"0"!#""!#"0"!#"0"!#""!#"0"!#"0"!#"0"!#"0"!#"0"!#""!#""!#""!#""!#""!#""!#""!#""!#""!#""!#""!#""!#"0"!#"0"!#"0"!#"0"!#"0"!#"0"!#"0"!#"0"!#"0"!#"0"!#"0"!#"0"!#"0"!#"0"!#"0"!#"0"!#"0"!#"0"!#""!#""!#"0"!#"SI"!#"0"!#"0"!#"https://www.papsimmo.fr/properties/2024-012106-1/IMG-20231126-100613-1.jpg?20240208"!#""!#""!#""!#""!#""!#""!#""!#""!#"Photo-2024/012133-1-1"!#""!#""!#""!#""!#""!#""!#""!#""!#""!#""!#"06.03.98.08.42"!#"Marie Paule HERNANDEZ 896574"!#"mphernandez@papsimmo.fr"!#"40360"!#"POMAREZ"!#""!#""!#"65"!#"11/01/2024"!#""!#""!#""!#""!#""!#""!#""!#""!#""!#""!#""!#""!#""!#""!#""!#""!#""!#""!#""!#""!#""!#""!#""!#""!#""!#""!#""!#""!#""!#""!#""!#""!#""!#""!#""!#""!#""!#""!#""!#""!#""!#""!#""!#""!#""!#""!#""!#""!#"0"!#"0"!#""!#""!#""!#""!#""!#""!#""!#""!#""!#""!#""!#""!#"0"!#"NS"!#"0"!#"NS"!#""!#""!#""!#""!#""!#""!#""!#""!#""!#"0"!#"0"!#"0"!#"0"!#""!#""!#""!#""!#""!#""!#""!#""!#""!#""!#""!#""!#""!#""!#""!#""!#""!#""!#""!#""!#""!#""!#""!#""!#""!#""!#""!#""!#""!#""!#""!#""!#""!#""!#""!#""!#""!#""!#""!#""!#""!#""!#""!#""!#""!#""!#""!#""!#""!#""!#""!#""!#""!#""!#""!#""!#""!#""!#""!#""!#""!#""!#""!#""!#""!#""!#""!#"0.00"!#""!#""!#""!#""!#""!#""!#""!#""!#""!#""!#""!#""!#""!#""!#""!#""!#""!#""!#""!#""!#""!#""!#""!#""!#""!#""!#""!#""!#""!#""!#""!#""!#""!#""!#""!#""!#""!#""!#""!#""!#"4.11"!#""!#""!#""!#""!#""!#""!#""!#""!#""!#""!#""!#""!#""!#""!#""!#""!#""!#""!#""!#""!#""!#""!#""!#""!#"0"!#"0"!#""!#""!#""!#""!#""!#""
"papsimmo"!#"2024/012130-1"!#"vente"!#"Propriété"!#"40360"!#"POMAREZ"!#"France"!#"1698 chemin du Lucq"!#""!#""!#"570000"!#""!#""!#""!#""!#"236"!#"90000"!#"8"!#"4"!#"Grand corps de ferme en campagne chalossaise avec 9 ha de foncier en agriculture biologique"!#"Situé entre Dax et Orthez, dans la région landaise de la Chalosse, ce bien décline charme et authenticité tant dans sa maison de maître de 236m² sur deux niveaux que dans la belle dépendance qui la jouxte. 9 hectares de foncier complètent cet ensemble situé au calme en campagne : 6 ha de terre agricole fertile permettant toutes sortes de productions ou d'élevage et 3 ha de boisContact : 06 03 98 08 42 ou mphernandez@papsimmo.frLes informations sur les risques auxquels, ce bien est exposé sont disponibles sur le site Géorisques : www.georisques.gouv.fr"!#""!#""!#"1"!#""!#""!#"1900"!#""!#"0"!#""!#"0"!#"0"!#""!#""!#"0"!#"0"!#"0"!#"1"!#"0"!#""!#"0"!#"0"!#""!#"0"!#"0"!#"0"!#"0"!#"0"!#""!#""!#""!#""!#""!#""!#""!#""!#""!#""!#""!#""!#"0"!#"0"!#"0"!#"0"!#"0"!#"0"!#"0"!#"0"!#"0"!#"0"!#"0"!#"0"!#"0"!#"0"!#"0"!#"0"!#"0"!#"0"!#""!#""!#"0"!#"SI"!#"0"!#"0"!#"https://www.papsimmo.fr/properties/2024-012130-1/Conserverie.jpg?20240121"!#"https://www.papsimmo.fr/properties/2024-012130-1/IMG-20231126-095858.jpg?20240208"!#"https://www.papsimmo.fr/properties/2024-012130-1/IMG-20230813-203554-1.jpg?20240208"!#"https://www.papsimmo.fr/properties/2024-012130-1/20240201-105033.jpg?20240208"!#"https://www.papsimmo.fr/properties/2024-012130-1/20240201-105451.jpg?20240208"!#"https://www.papsimmo.fr/properties/2024-012130-1/cuisine-1.jpg?20240208"!#"https://www.papsimmo.fr/properties/2024-012130-1/chambre-2.jpg?20240208"!#"https://www.papsimmo.fr/properties/2024-012130-1/20240201-110111.jpg?20240208"!#"https://www.papsimmo.fr/properties/2024-012130-1/20240201-110151.jpg?20240208"!#"Photo-2024/012130-1-1"!#"Photo-2024/012130-1-2"!#"Photo-2024/012130-1-3"!#"Photo-2024/012130-1-4"!#"Photo-2024/012130-1-5"!#"Photo-2024/012130-1-7"!#"Photo-2024/012130-1-8"!#"Photo-2024/012130-1-9"!#""!#""!#""!#"06.03.98.08.42"!#"Marie Paule HERNANDEZ 896574"!#"mphernandez@papsimmo.fr"!#"40360"!#"POMAREZ"!#""!#""!#"66"!#"21/01/2024"!#""!#""!#""!#""!#""!#""!#""!#""!#""!#""!#""!#""!#""!#""!#""!#""!#""!#""!#""!#""!#""!#""!#""!#""!#""!#""!#""!#""!#""!#""!#""!#""!#""!#""!#""!#""!#""!#""!#""!#""!#""!#""!#""!#""!#""!#""!#""!#""!#"0"!#"0"!#""!#""!#""!#""!#""!#""!#""!#""!#""!#""!#""!#""!#"0"!#"G"!#"0"!#"G"!#""!#""!#""!#""!#""!#""!#""!#""!#""!#"0"!#"0"!#"0"!#"0"!#""!#""!#""!#""!#""!#""!#""!#""!#""!#""!#""!#""!#""!#""!#""!#""!#""!#""!#""!#""!#""!#""!#""!#""!#""!#""!#""!#""!#""!#""!#""!#""!#""!#""!#""!#""!#""!#""!#""!#""!#""!#""!#""!#""!#""!#""!#""!#""!#""!#""!#""!#""!#""!#""!#""!#""!#""!#""!#""!#""!#""!#""!#""!#""!#""!#""!#""!#"0.00"!#""!#""!#""!#""!#""!#""!#""!#""!#""!#""!#""!#""!#""!#""!#""!#""!#""!#""!#""!#""!#""!#""!#""!#""!#""!#""!#""!#""!#""!#""!#""!#""!#""!#""!#""!#""!#""!#""!#""!#""!#"4.11"!#""!#""!#""!#""!#""!#""!#""!#""!#""!#""!#""!#""!#""!#""!#""!#""!#""!#""!#""!#""!#""!#""!#""!#""!#"0"!#"0"!#""!#""!#""!#""!#""!#""
"papsimmo"!#"2024/010546-1"!#"vente"!#"Maison"!#"40190"!#"VILLENEUVE-DE-MARSAN"!#"France"!#"697 chemin des BROUSTERTS"!#""!#""!#"235000"!#""!#""!#""!#""!#"135"!#"1591"!#"5"!#"4"!#"MAISON ET APPARTEMENT 135 m2"!#"Villeneuve de Marsan, découvrez cette villa entièrement rénovée, offrant un confort moderne à proximité des commerces et écoles. Les travaux récents incluent l'électricité, le double vitrage, les volets roulants électriques, la peinture intérieure et extérieure, la toiture, l'isolation, la chaudière et le ballon d'eau chaude. Le sous-sol abrite un appartement T2 indépendant de 43 m² avec son entrée privée, idéal pour accueillir des invités ou pour un potentiel locatif. Il comprend également un garage, un atelier d'une surface d'environ 75 m². Au rez-de-chaussée, vous trouverez une entrée accueillante, une cuisine avec cheminée, un séjour avec la possibilité d'agrandissement, trois chambres spacieuses, une lingerie, un dressing, une salle de bains et des toilettes. Cette propriété offre également une dépendance de 60 m², ajoutant un espace supplémentaire polyvalent. Le terrain, arboré et clos, s'étend sur 1591 m², offrant un espace extérieur entretenu et propice à l'installation d'une piscine. La connectivité est assurée avec la fibre et le wifi 6E. Avec ses caractéristiques polyvalentes, cette propriété présente des opportunités passionnantes, que ce soit pour des chambres d'hôtes, du locatif ou simplement pour une vie familiale confortable.À visiter rapidement !!Taxe foncière : 954 €pPrix : 235 000 €<br>Contact : 06.44.30.73.89 ou amfuret@papsimmo.fr<br>Les informations sur les risques auxquels, ce bien est exposé sont disponibles sur le site Géorisques : www.georisques.gouv.fr  "!#"03/01/2024"!#""!#"1"!#""!#""!#"1963"!#""!#"1"!#""!#"2"!#"0"!#""!#""!#"0"!#"0"!#"0"!#"1"!#"0"!#""!#"0"!#"0"!#""!#"0"!#"0"!#"0"!#"0"!#"0"!#""!#""!#""!#""!#""!#""!#""!#""!#""!#""!#""!#""!#"0"!#"0"!#"0"!#"0"!#"0"!#"0"!#"0"!#"0"!#"0"!#"0"!#"0"!#"0"!#"0"!#"0"!#"0"!#"0"!#"0"!#"0"!#""!#""!#"0"!#"SI"!#"0"!#"0"!#"https://www.papsimmo.fr/properties/2024-010546-1/thumbnail-20240423-170500.jpg?20240424"!#"https://www.papsimmo.fr/properties/2024-010546-1/401-198-131221091258.jpg?20240318"!#"https://www.papsimmo.fr/properties/2024-010546-1/20240102-145251.jpg?20240105"!#"https://www.papsimmo.fr/properties/2024-010546-1/20240102-145458.jpg?20240105"!#"https://www.papsimmo.fr/properties/2024-010546-1/20240102-145810.jpg?20240105"!#"https://www.papsimmo.fr/properties/2024-010546-1/20240102-151346.jpg?20240105"!#"https://www.papsimmo.fr/properties/2024-010546-1/20240102-151021.jpg?20240105"!#"https://www.papsimmo.fr/properties/2024-010546-1/401-198-131221091927.jpg?20240108"!#""!#"Photo-2024/010546-1-1"!#"Photo-2024/010546-1-2"!#"Photo-2024/010546-1-3"!#"Photo-2024/010546-1-4"!#"Photo-2024/010546-1-5"!#"Photo-2024/010546-1-7"!#"Photo-2024/010546-1-8"!#""!#""!#""!#""!#"06.44.30.73.89"!#"Anne-Marie FURET  355025"!#"amfuret@papsimmo.fr"!#"40190"!#"VILLENEUVE-DE-MARSAN"!#""!#""!#"61"!#"05/01/2024"!#""!#""!#""!#""!#""!#""!#""!#""!#""!#""!#""!#""!#""!#""!#""!#""!#""!#""!#""!#""!#""!#""!#""!#""!#""!#""!#""!#""!#""!#""!#""!#""!#""!#""!#""!#""!#""!#""!#""!#""!#""!#""!#""!#""!#""!#""!#""!#""!#"0"!#"0"!#""!#""!#""!#""!#""!#""!#""!#""!#""!#""!#""!#""!#"252"!#"E"!#"59"!#"B"!#""!#""!#""!#""!#""!#""!#""!#""!#""!#"0"!#"0"!#"0"!#"0"!#""!#""!#""!#""!#""!#""!#""!#""!#""!#""!#""!#""!#""!#""!#""!#""!#""!#""!#""!#""!#""!#""!#""!#""!#""!#""!#""!#""!#""!#""!#""!#""!#""!#""!#""!#""!#""!#""!#""!#""!#""!#""!#""!#""!#""!#""!#""!#""!#""!#""!#""!#""!#""!#""!#""!#""!#""!#""!#""!#""!#""!#""!#""!#""!#""!#""!#""!#"0.00"!#""!#""!#""!#""!#""!#""!#""!#""!#""!#""!#""!#""!#""!#""!#""!#""!#""!#""!#""!#""!#""!#""!#""!#""!#""!#""!#""!#""!#""!#""!#""!#""!#""!#""!#""!#""!#""!#""!#""!#""!#"4.11"!#""!#""!#""!#""!#""!#""!#""!#""!#""!#""!#""!#""!#""!#""!#""!#""!#""!#""!#""!#""!#""!#""!#"15/10/2020"!#""!#"0"!#"0"!#""!#""!#""!#""!#""!#""
"papsimmo"!#"2024/011100-1"!#"vente"!#"Maison"!#"40000"!#"MONT-DE-MARSAN"!#"France"!#"294 boulevard des acaccias"!#""!#""!#"165000"!#""!#""!#""!#""!#"220"!#"688"!#"8"!#"5"!#"Maison 220 m²."!#"Mont de Marsan, proche de tous commerces et commodités. <br>Cette maison familiale d'environs 220 m² qui peut être divisée en 2 logements !! <br>Elle se compose : En rez-de-chaussée : Sas, entrée, cuisine aménagée, buanderie, salon avec cheminée, séjour, 2 chambres avec placards,1 wc, salle de douche avec wc. <br>À l’étage : Spacieux séjour, 3 chambres, dont 2 communicantes sur 1 salle d'eau, (suites parentales) 1 wc. <br>Extérieurs : 1 terrasse couverte, 2 abris voitures, 1 dépendance. <br>Le tout sur un terrain de 866 m² clos.<br>Sa configuration laisse de grandes possibilités (ex : chambres d'hôtes, gîte, séminaires...) <br>À visiter sans tarder !!<br>Taxe foncière 1107 €Prix 165 000 €<br>Contact : 06.44.30.73.89 ou amfuret@papsimmo.fr<br>Les informations sur les risques auxquels, ce bien est exposé sont disponibles sur le site Géorisques : www.georisques.gouv.fr"!#"11/01/2024"!#""!#"1"!#""!#""!#""!#""!#"0"!#""!#"3"!#"0"!#"640"!#""!#"0"!#"0"!#"0"!#"1"!#"0"!#""!#"0"!#"0"!#""!#"0"!#"0"!#"0"!#"0"!#"1"!#""!#""!#""!#""!#""!#""!#""!#""!#""!#""!#""!#""!#"0"!#"0"!#"0"!#"0"!#"0"!#"0"!#"0"!#"0"!#"0"!#"0"!#"0"!#"0"!#"0"!#"0"!#"0"!#"0"!#"0"!#"0"!#""!#""!#"0"!#"SI"!#"0"!#"0"!#"https://www.papsimmo.fr/properties/2024-011100-1/thumbnail-20230628-100708.jpg?20240111"!#"https://www.papsimmo.fr/properties/2024-011100-1/thumbnail-20220922-182028.jpg?20240111"!#"https://www.papsimmo.fr/properties/2024-011100-1/thumbnail-20220921-180312.jpg?20240111"!#"https://www.papsimmo.fr/properties/2024-011100-1/thumbnail-20240109-153709.jpg?20240111"!#"https://www.papsimmo.fr/properties/2024-011100-1/thumbnail-20220922-175341-1.jpg?20240111"!#"https://www.papsimmo.fr/properties/2024-011100-1/thumbnail-20220922-175114.jpg?20240111"!#"https://www.papsimmo.fr/properties/2024-011100-1/thumbnail-20220922-180025.jpg?20240111"!#"https://www.papsimmo.fr/properties/2024-011100-1/thumbnail-20220922-180626.jpg?20240111"!#"https://www.papsimmo.fr/properties/2024-011100-1/thumbnail-20220922-181355.jpg?20240111"!#"Photo-2024/011100-1-1"!#"Photo-2024/011100-1-2"!#"Photo-2024/011100-1-3"!#"Photo-2024/011100-1-4"!#"Photo-2024/011100-1-5"!#"Photo-2024/011100-1-7"!#"Photo-2024/011100-1-8"!#"Photo-2024/011100-1-9"!#"Photo-2024/011100-1-10"!#""!#""!#"06.44.30.73.89"!#"Anne-Marie FURET  355025"!#"amfuret@papsimmo.fr"!#"40000"!#"MONT-DE-MARSAN"!#""!#""!#"67"!#"11/01/2024"!#""!#""!#""!#""!#""!#""!#""!#""!#""!#""!#""!#""!#""!#""!#""!#""!#""!#""!#""!#""!#""!#""!#""!#""!#""!#""!#""!#""!#""!#""!#""!#""!#""!#""!#""!#""!#""!#""!#""!#""!#""!#""!#""!#""!#""!#""!#""!#""!#"0"!#"0"!#"https://www.papsimmo.fr/properties/2024-011100-1/thumbnail-20220921-180924.jpg?20240111"!#""!#""!#""!#""!#""!#""!#""!#""!#""!#""!#""!#"183"!#"D"!#"40"!#"D"!#""!#""!#""!#""!#""!#""!#""!#""!#""!#"0"!#"0"!#"0"!#"0"!#""!#""!#""!#""!#""!#""!#""!#""!#""!#""!#""!#""!#""!#""!#""!#""!#""!#""!#""!#""!#""!#""!#""!#""!#""!#""!#""!#""!#""!#""!#""!#""!#""!#""!#""!#""!#""!#""!#""!#""!#""!#""!#""!#""!#""!#""!#""!#""!#""!#""!#""!#""!#""!#""!#""!#""!#""!#""!#""!#""!#""!#""!#""!#""!#""!#""!#""!#"0.00"!#""!#""!#""!#""!#""!#""!#""!#""!#""!#""!#""!#""!#""!#"Photo-2024/011100-1-10"!#""!#""!#""!#""!#""!#""!#""!#""!#""!#""!#""!#""!#""!#""!#""!#""!#""!#""!#""!#""!#""!#""!#""!#""!#""!#""!#"4.11"!#""!#""!#""!#""!#""!#""!#""!#""!#""!#""!#""!#""!#""!#""!#""!#""!#""!#""!#""!#""!#""!#""!#"14/09/2022"!#""!#"2980"!#"3420"!#"20/01/2024"!#""!#""!#""!#""!#""
"papsimmo"!#"2024/011519-1"!#"vente"!#"Propriété"!#"40000"!#"MONT-DE-MARSAN"!#"France"!#"1856, route de Grenade"!#""!#""!#"277600"!#""!#""!#""!#""!#"220"!#"11107"!#"6"!#"4"!#"Maison et Studio"!#"À seulement 15 minutes de Mont de Marsan et cinq minutes tous commerces et écoles.<br>Venez découvrir cette maison de campagne spacieuse et fonctionnelle.Elle se compose au rez-de-chaussée : <br>Entrée avec placards, véranda récente, cuisine indépendante aménagée avec clim, séjour de 54 m² avec cheminée et clim, donnant sur un balcon, trois chambres, une salle de bains, une salle d'eau, 2 Wc.<br>Au sous-sol, vous serez séduit par son studio indépendant, une buanderie, une cuisine d'été, un garage.<br>Les extérieurs vous combleront par ses terrasses couvertes : une coté EST et une côté SUD, pour profiter pleinement des beaux jours. <br>Se trouve également une vaste dépendance, 1 abri bois et 1 hangar et pour combler le tout, un terrain joliment arboré sur 11.107 m² clos, avec portail motorisé.Ce bien est modulable et offre de multiples possibilités !!Prix : 277 600 €<br>Contact : 06.44.30.73.89 ou amfuret@papsimmo.fr<br>Les informations sur les risques auxquels, ce bien est exposé sont disponibles sur le site Géorisques : www.georisques.gouv.fr  "!#""!#""!#"0"!#""!#""!#"1980"!#""!#"1"!#""!#"3"!#"0"!#"16384"!#""!#"0"!#"0"!#"0"!#"1"!#"1"!#""!#"0"!#"0"!#""!#"0"!#"0"!#"0"!#"0"!#"1"!#""!#""!#""!#""!#""!#""!#""!#""!#""!#""!#""!#""!#"0"!#"0"!#"0"!#"0"!#"0"!#"0"!#"0"!#"0"!#"0"!#"0"!#"0"!#"0"!#"0"!#"0"!#"0"!#"0"!#"0"!#"0"!#""!#""!#"0"!#"SI"!#"0"!#"0"!#"https://www.papsimmo.fr/properties/2024-011519-1/thumbnail-20230202-110114.jpg?20240115"!#"https://www.papsimmo.fr/properties/2024-011519-1/thumbnail-20230220-151258.jpg?20240115"!#"https://www.papsimmo.fr/properties/2024-011519-1/thumbnail-20230220-150952.jpg?20240115"!#"https://www.papsimmo.fr/properties/2024-011519-1/thumbnail-20240116-114357-1.jpg?20240116"!#"https://www.papsimmo.fr/properties/2024-011519-1/thumbnail-20240116-100809.jpg?20240116"!#"https://www.papsimmo.fr/properties/2024-011519-1/thumbnail-20230202-104454.jpg?20240115"!#"https://www.papsimmo.fr/properties/2024-011519-1/thumbnail-20240116-100916.jpg?20240116"!#"https://www.papsimmo.fr/properties/2024-011519-1/thumbnail-20230202-110303.jpg?20240115"!#"https://www.papsimmo.fr/properties/2024-011519-1/thumbnail-20230202-110350.jpg?20240115"!#"Photo-2024/011519-1-1"!#"Photo-2024/011519-1-2"!#"Photo-2024/011519-1-3"!#"Photo-2024/011519-1-4"!#"Photo-2024/011519-1-5"!#"Photo-2024/011519-1-7"!#"Photo-2024/011519-1-8"!#"Photo-2024/011519-1-9"!#""!#""!#""!#"06.44.30.73.89"!#"Anne-Marie FURET  355025"!#"amfuret@papsimmo.fr"!#"40000"!#"MONT-DE-MARSAN"!#""!#""!#"68"!#"15/01/2024"!#""!#""!#""!#""!#""!#""!#""!#""!#""!#""!#""!#""!#""!#""!#""!#""!#""!#""!#""!#""!#""!#""!#""!#""!#""!#""!#""!#""!#""!#""!#""!#""!#""!#""!#""!#""!#""!#""!#""!#""!#""!#""!#""!#""!#""!#""!#""!#""!#"0"!#"0"!#""!#""!#""!#""!#""!#""!#""!#""!#""!#""!#""!#""!#"286"!#"E"!#"9"!#"B"!#""!#""!#""!#""!#""!#""!#""!#""!#""!#"0"!#"0"!#"0"!#"0"!#""!#""!#""!#""!#""!#""!#""!#""!#""!#""!#""!#""!#""!#""!#""!#""!#""!#""!#""!#""!#""!#""!#""!#""!#""!#""!#""!#""!#""!#""!#""!#""!#""!#""!#""!#""!#""!#""!#""!#""!#""!#""!#""!#""!#""!#""!#""!#""!#""!#""!#""!#""!#""!#""!#""!#""!#""!#""!#""!#""!#""!#""!#""!#""!#""!#""!#""!#"0.00"!#""!#""!#""!#""!#""!#""!#""!#""!#""!#""!#""!#""!#""!#""!#""!#""!#""!#""!#""!#""!#""!#""!#""!#""!#""!#""!#""!#""!#""!#""!#""!#""!#""!#""!#""!#""!#""!#""!#""!#""!#"4.11"!#""!#""!#""!#""!#""!#""!#""!#""!#""!#""!#""!#""!#""!#""!#""!#""!#""!#""!#""!#""!#""!#""!#"22/02/2022"!#""!#"3240"!#"4450"!#"01/01/2021"!#""!#""!#""!#""!#""
"papsimmo"!#"2024/011810-1"!#"vente"!#"Appartement"!#"40600"!#"BISCARROSSE"!#"France"!#"14 rue du chemin du cimetière"!#""!#""!#"109500"!#""!#""!#""!#""!#"29"!#"0"!#"1"!#"1"!#"Studio centre Biscarosse + Parking"!#"Opportunité exceptionnelle, au cœur de la ville de BISCARROSSE.<br>Ce studio en rez-de-chaussée, construit en 2009, offre une configuration optimale avec entrée, séjour, coin cuisine, et salle de bains.<br>Sa localisation privilégiée, vous place à deux pas des commerces, restaurants, cafés, du marché local, et d'un charmant square de promenade.<br>Profitez pleinement de la vie urbaine, de toutes les activités culturelles et sociales de la ville sans utiliser votre voiture.<br>Cette rare opportunité vous permet d'avoir un pied-à-terre idéalement situé.<br>Que vous souhaitiez l'utiliser en location saisonnière ou à l'année avec un rendement intéressant, ce studio vous offre une flexibilité inégalée.<br>De plus, bénéficiez d'un parking privé et un range-vélo commun sécurisé, un atout majeur en plein centre-ville.<br>Ne laissez pas passer cette occasion unique ! Contactez-nous dès maintenant pour organiser une visite et envisagez la vie pratique et dynamique qui vous attend dans ce studio au cœur de l'action.<br>Taxe foncière : 436 €<br>Charge copropriété trimestrielle : 135 €Prix : 109 500 €<br><br>"!#""!#""!#"0"!#""!#""!#""!#""!#"0"!#""!#"1"!#"0"!#""!#""!#"0"!#"0"!#"0"!#"1"!#"0"!#""!#"0"!#"0"!#""!#"0"!#"0"!#"0"!#"0"!#"0"!#""!#""!#""!#""!#""!#""!#""!#""!#""!#""!#""!#""!#"0"!#"0"!#"0"!#"0"!#"0"!#"0"!#"0"!#"0"!#"0"!#"0"!#"0"!#"0"!#"0"!#"0"!#"0"!#"0"!#"0"!#"0"!#""!#""!#"0"!#"SI"!#"0"!#"0"!#"https://www.papsimmo.fr/properties/2024-011810-1/thumbnail-20231204-101813.jpg?20240326"!#"https://www.papsimmo.fr/properties/2024-011810-1/thumbnail-20231204-101755.jpg?20240326"!#"https://www.papsimmo.fr/properties/2024-011810-1/thumbnail-20231204-101827.jpg?20240326"!#"https://www.papsimmo.fr/properties/2024-011810-1/thumbnail-20231204-101856.jpg?20240326"!#"https://www.papsimmo.fr/properties/2024-011810-1/thumbnail-20231204-101714.jpg?20240326"!#"https://www.papsimmo.fr/properties/2024-011810-1/thumbnail-20231204-102527.jpg?20240326"!#"https://www.papsimmo.fr/properties/2024-011810-1/20231204-102704.jpg?20240326"!#""!#""!#"Photo-2024/011810-1-1"!#"Photo-2024/011810-1-2"!#"Photo-2024/011810-1-3"!#"Photo-2024/011810-1-4"!#"Photo-2024/011810-1-5"!#"Photo-2024/011810-1-7"!#""!#""!#""!#""!#""!#"06.44.30.73.89"!#"Anne-Marie FURET  355025"!#"amfuret@papsimmo.fr"!#"40600"!#"BISCARROSSE"!#""!#""!#"69"!#"18/01/2024"!#""!#""!#""!#""!#""!#""!#""!#""!#""!#""!#""!#""!#""!#""!#""!#""!#""!#""!#""!#""!#""!#""!#""!#""!#""!#""!#""!#""!#""!#""!#""!#""!#""!#""!#""!#""!#""!#""!#""!#""!#""!#""!#""!#""!#""!#""!#""!#""!#"0"!#"0"!#""!#""!#""!#""!#""!#""!#""!#""!#""!#""!#""!#""!#"288"!#"E"!#"9"!#"B"!#""!#""!#""!#""!#""!#""!#""!#""!#""!#"0"!#"0"!#"0"!#"0"!#""!#""!#""!#""!#""!#""!#""!#""!#""!#""!#""!#""!#""!#""!#""!#""!#""!#""!#""!#""!#""!#""!#""!#""!#""!#""!#""!#""!#""!#""!#""!#""!#""!#""!#""!#""!#""!#""!#""!#""!#""!#""!#""!#""!#""!#""!#""!#""!#""!#""!#""!#""!#""!#""!#""!#""!#""!#""!#""!#""!#""!#""!#""!#""!#""!#"1"!#""!#"0.00"!#""!#""!#""!#""!#""!#""!#""!#""!#""!#""!#""!#""!#""!#""!#""!#""!#""!#""!#""!#""!#""!#""!#""!#""!#""!#""!#""!#""!#""!#""!#""!#""!#""!#""!#""!#""!#""!#""!#""!#""!#"4.11"!#""!#""!#""!#""!#""!#""!#""!#""!#""!#""!#""!#""!#""!#""!#""!#""!#""!#""!#""!#""!#""!#""!#""!#""!#"540"!#"780"!#"20/01/2024"!#""!#""!#""!#""!#""
"papsimmo"!#"2024/020823-1"!#"vente"!#"Maison"!#"40000"!#"MONT-DE-MARSAN"!#"France"!#"6 rue des margurites"!#""!#""!#"299000"!#""!#""!#""!#""!#"123"!#"957"!#"5"!#"3"!#"Maison / Villa 122 m²"!#"Au SUD de Mont de Marsan, venez découvrir cette superbe villa de plein pied, située au fond d'une impasse, sans aucuns travaux à prévoir,équipée d'une aspiration centralisée.<br>Elle se compose : d'une entrée avec placard, 1 wc avec point d'eau, d'un séjour spacieux et lumineux vue sur la piscine,1 cuisine aménagée, équipée,1 arrière cuisine, 3 chambres avec placard, 2 salles de douche, 2 wc dont 1 avec point d'eau.Attenant à la maison,1 garage de 27 m² entièrement isolé.Au summum du confort, vous pourrez profiter à souhait, de la piscine au sel de 7x4 ainsi que de sa terrasse couverte.Le jardin arboré qui entoure la maison, est entièrement clôturé et possède un local technique, un atelier, un portillon et un portail électrique.A visiter Rapidement !!Taxe foncière 1200 €Prix : 299 000€<br>Contact : 06.44.30.73.89 ou mfuret@papsimmo.fr<br>Les informations sur les risques auxquels, ce bien est exposé sont disponibles sur le site Géorisques : www.georisques.gouv.fr "!#""!#""!#"0"!#""!#""!#"2006"!#""!#"2"!#""!#"2"!#"0"!#"128"!#""!#"0"!#"0"!#"0"!#"1"!#"0"!#""!#"0"!#"0"!#""!#"0"!#"0"!#"0"!#"0"!#"1"!#""!#""!#""!#""!#""!#""!#""!#""!#""!#""!#""!#""!#"0"!#"0"!#"0"!#"0"!#"0"!#"0"!#"0"!#"0"!#"0"!#"0"!#"0"!#"0"!#"0"!#"0"!#"0"!#"0"!#"0"!#"0"!#""!#""!#"0"!#"SI"!#"0"!#"0"!#"https://www.papsimmo.fr/properties/2024-020823-1/thumbnail-20230907-113042.jpg?20240208"!#"https://www.papsimmo.fr/properties/2024-020823-1/thumbnail-20230907-114025.jpg?20240208"!#"https://www.papsimmo.fr/properties/2024-020823-1/thumbnail-20240208-115618.jpg?20240208"!#"https://www.papsimmo.fr/properties/2024-020823-1/thumbnail-20230907-114232.jpg?20240208"!#"https://www.papsimmo.fr/properties/2024-020823-1/thumbnail-20240208-115800.jpg?20240208"!#"https://www.papsimmo.fr/properties/2024-020823-1/thumbnail-20240208-115210-1.jpg?20240208"!#"https://www.papsimmo.fr/properties/2024-020823-1/thumbnail-20240208-115228.jpg?20240208"!#"https://www.papsimmo.fr/properties/2024-020823-1/thumbnail-20230907-114601.jpg?20240208"!#"https://www.papsimmo.fr/properties/2024-020823-1/thumbnail-20230907-115226.jpg?20240208"!#"Photo-2024/020823-1-1"!#"Photo-2024/020823-1-2"!#"Photo-2024/020823-1-3"!#"Photo-2024/020823-1-4"!#"Photo-2024/020823-1-5"!#"Photo-2024/020823-1-7"!#"Photo-2024/020823-1-8"!#"Photo-2024/020823-1-9"!#"Photo-2024/020823-1-10"!#""!#""!#"06.44.30.73.89"!#"Anne-Marie FURET  355025"!#"amfuret@papsimmo.fr"!#"40000"!#"MONT-DE-MARSAN"!#""!#""!#"73"!#"08/02/2024"!#""!#""!#""!#""!#""!#""!#""!#""!#""!#""!#""!#""!#""!#""!#""!#""!#""!#""!#""!#""!#""!#""!#""!#""!#""!#""!#""!#""!#""!#""!#""!#""!#""!#""!#""!#""!#""!#""!#""!#""!#""!#""!#""!#""!#""!#""!#""!#""!#"0"!#"0"!#"https://www.papsimmo.fr/properties/2024-020823-1/thumbnail-20230907-114810.jpg?20240208"!#"https://www.papsimmo.fr/properties/2024-020823-1/thumbnail-20230907-115823.jpg?20240208"!#""!#""!#""!#""!#""!#""!#""!#""!#""!#""!#"193"!#"D"!#"6"!#"A"!#""!#""!#""!#""!#""!#""!#""!#""!#""!#"0"!#"0"!#"0"!#"0"!#""!#""!#""!#""!#""!#""!#""!#""!#""!#""!#""!#""!#""!#""!#""!#""!#""!#""!#""!#""!#""!#""!#""!#""!#""!#""!#""!#""!#""!#""!#""!#""!#""!#""!#""!#""!#""!#""!#""!#""!#""!#""!#""!#""!#""!#""!#""!#""!#""!#""!#""!#""!#""!#""!#""!#""!#""!#""!#""!#""!#""!#""!#""!#""!#""!#""!#""!#"0.00"!#""!#""!#""!#""!#""!#""!#""!#""!#""!#""!#""!#""!#""!#"Photo-2024/020823-1-10"!#"Photo-2024/020823-1-11"!#""!#""!#""!#""!#""!#""!#""!#""!#""!#""!#""!#""!#""!#""!#""!#""!#""!#""!#""!#""!#""!#""!#""!#""!#""!#"4.11"!#""!#""!#""!#""!#""!#""!#""!#""!#""!#""!#""!#""!#""!#""!#""!#""!#""!#""!#""!#""!#""!#""!#"30/01/2024"!#""!#"1440"!#"1990"!#"01/01/2021"!#""!#""!#""!#""!#""
"papsimmo"!#"2024/022030-1"!#"vente"!#"boutique"!#"40000"!#"MONT-DE-MARSAN"!#"France"!#"13 Avenue Sadi Carnot"!#""!#""!#"46000"!#""!#""!#""!#""!#"56"!#"0"!#"2"!#"0"!#"local commercial"!#" **À VENDRE : Fonds de Commerce à Mont-de-Marsan 🌟**Découvrez cette superbe opportunité de commerce à Mont-de-Marsan ! 😍🍽 **Local de 80 m²** comprenant :- Un espace intérieur accueillant avec **24 places assises** 🪑- Une belle terrasse extérieure de **24 places** ☀️Idéal pour une activité de bar, café, vente de glaces,*magasin, épicerie, **, avec une cave à explorer 🛒🍋🍷.**Emplacement de choix** en plein cœur d'une zone très fréquentée ! 🚶‍♂️🚶‍♀️Ne manquez pas cette belle opportunité ! 🌟✨ **Un loyer mensuel de seulement 650 euros** – accessible à tous les budgets ! 💸✨ Un prix attractif de **46 000 euros** – une affaire à ne pas manquer ! 🔥 📞 **Contactez-nous dès aujourd'hui** pour planifier une visite et découvrir tout le potentiel de ce fonds de commerce ! 🚀Saisissez cette opportunité avant qu'il ne soit trop tard ! ⏳😊 Loyer 655 €Prix : 46 000 €<br><br>   "!#""!#""!#"0"!#""!#""!#""!#""!#"0"!#""!#"1"!#"0"!#""!#""!#"0"!#"0"!#"0"!#"1"!#"0"!#""!#"0"!#"0"!#""!#"0"!#"0"!#"0"!#"0"!#"1"!#""!#""!#""!#""!#""!#""!#""!#""!#""!#""!#""!#""!#"0"!#"0"!#"0"!#"0"!#"0"!#"0"!#"0"!#"0"!#"0"!#"0"!#"0"!#"0"!#"0"!#"0"!#"0"!#"0"!#"0"!#"0"!#""!#""!#"0"!#"SI"!#"0"!#"0"!#"https://www.papsimmo.fr/properties/2024-022030-1/Capture-2.jpg?20240220"!#"https://www.papsimmo.fr/properties/2024-022030-1/Capture.jpg?20240220"!#"https://www.papsimmo.fr/properties/2024-022030-1/images.jpg?20240809"!#""!#""!#""!#""!#""!#""!#"Photo-2024/022030-1-1"!#"Photo-2024/022030-1-2"!#"Photo-2024/022030-1-3"!#""!#""!#""!#""!#""!#""!#""!#""!#"06.44.30.73.89"!#"Anne-Marie FURET  355025"!#"amfuret@papsimmo.fr"!#"40000"!#"MONT-DE-MARSAN"!#""!#""!#"79"!#"20/02/2024"!#""!#""!#""!#""!#""!#""!#""!#""!#""!#""!#""!#""!#""!#""!#""!#""!#""!#""!#""!#""!#""!#""!#""!#""!#""!#""!#""!#""!#""!#""!#""!#""!#""!#""!#""!#""!#""!#""!#""!#""!#""!#""!#""!#""!#""!#""!#""!#""!#"0"!#"0"!#""!#""!#""!#""!#""!#""!#""!#""!#""!#""!#""!#""!#"0"!#"NS"!#"0"!#"NS"!#""!#""!#""!#""!#""!#""!#""!#""!#""!#"0"!#"0"!#"0"!#"0"!#""!#""!#""!#""!#""!#""!#""!#""!#""!#""!#""!#""!#""!#""!#""!#""!#""!#""!#""!#""!#""!#""!#""!#""!#""!#""!#""!#""!#""!#""!#""!#""!#""!#""!#""!#""!#""!#""!#""!#""!#""!#""!#""!#""!#""!#""!#""!#""!#""!#""!#""!#""!#""!#""!#""!#""!#""!#""!#""!#""!#""!#""!#""!#""!#""!#""!#""!#"0.00"!#""!#""!#""!#""!#""!#""!#""!#""!#""!#""!#""!#""!#""!#""!#""!#""!#""!#""!#""!#""!#""!#""!#""!#""!#""!#""!#""!#""!#""!#""!#""!#""!#""!#""!#""!#""!#""!#""!#""!#""!#"4.11"!#""!#""!#""!#""!#""!#""!#""!#""!#""!#""!#""!#""!#""!#""!#""!#""!#""!#""!#""!#""!#""!#""!#""!#""!#"0"!#"0"!#""!#""!#""!#""!#""!#""
"papsimmo"!#"2024/030619-1"!#"vente"!#"Maison"!#"40240"!#"SAINT-JUSTIN"!#"France"!#"Mont de Marsan"!#""!#""!#"123000"!#""!#""!#""!#""!#"110"!#"160"!#"5"!#"3"!#"Maison 110 m² et garage."!#"Venez découvrir, dans un village sympathique, cette charmante maison rénovée, d'environs 110 m².<br>Elle vous offre en rez-de-chaussée : cuisine aménagée, salle à manger avec poêle à bois, salon, salle d'eau avec douche à l'italienne, WC.<br>À l'étage : 3 chambres spacieuses et lumineuses dont une avec point d’eau et WC, d'environ 22 m², 21 m² et 10 m² donnant sur un balcon. <br>Les extérieurs vous combleront avec sa terrasse couverte, un garage, et un terrain cloturé, parfait pour profiter des espaces exterieurs en toute intimité.L’ensemble est idéal pour une famille ou ceux qui recherchent le confort d’une maison rénové.<br>À visiter rapidement !!Taxe foncière 385 €Prix : 123 000 € "!#""!#""!#"1"!#""!#""!#"1900"!#""!#"0"!#""!#"2"!#"0"!#"8192"!#""!#"0"!#"0"!#"0"!#"1"!#"1"!#""!#"0"!#"0"!#""!#"0"!#"0"!#"0"!#"0"!#"1"!#""!#""!#""!#""!#""!#""!#""!#""!#""!#""!#""!#""!#"0"!#"0"!#"0"!#"0"!#"0"!#"0"!#"0"!#"0"!#"0"!#"0"!#"0"!#"0"!#"0"!#"0"!#"0"!#"0"!#"0"!#"0"!#""!#""!#"0"!#"SI"!#"0"!#"0"!#"https://www.papsimmo.fr/properties/2024-030619-1/thumbnail-20240510-122522.jpg?20240808"!#"https://www.papsimmo.fr/properties/2024-030619-1/thumbnail-20240510-123130.jpg?20240514"!#"https://www.papsimmo.fr/properties/2024-030619-1/thumbnail-20240306-141904.jpg?20240808"!#"https://www.papsimmo.fr/properties/2024-030619-1/thumbnail-Screenshot-20240805-203232-Facebook.jpg?20240808"!#"https://www.papsimmo.fr/properties/2024-030619-1/thumbnail-20240510-123457.jpg?20240514"!#"https://www.papsimmo.fr/properties/2024-030619-1/thumbnail-20240510-122113.jpg?20240808"!#"https://www.papsimmo.fr/properties/2024-030619-1/thumbnail-20240306-143911.jpg?20240306"!#"https://www.papsimmo.fr/properties/2024-030619-1/thumbnail-20240306-143603.jpg?20240306"!#"https://www.papsimmo.fr/properties/2024-030619-1/thumbnail-20240306-143244.jpg?20240306"!#"Photo-2024/030619-1-1"!#"Photo-2024/030619-1-2"!#"Photo-2024/030619-1-3"!#"Photo-2024/030619-1-4"!#"Photo-2024/030619-1-5"!#"Photo-2024/030619-1-7"!#"Photo-2024/030619-1-8"!#"Photo-2024/030619-1-9"!#""!#""!#""!#"06.44.30.73.89"!#"Anne-Marie FURET  355025"!#"amfuret@papsimmo.fr"!#"40240"!#"SAINT-JUSTIN"!#""!#""!#"80"!#"06/03/2024"!#""!#""!#""!#""!#""!#""!#""!#""!#""!#""!#""!#""!#""!#""!#""!#""!#""!#""!#""!#""!#""!#""!#""!#""!#""!#""!#""!#""!#""!#""!#""!#""!#""!#""!#""!#""!#""!#""!#""!#""!#""!#""!#""!#""!#""!#""!#""!#""!#"0"!#"0"!#""!#""!#""!#""!#""!#""!#""!#""!#""!#""!#""!#""!#"322"!#"E"!#"10"!#"B"!#""!#""!#""!#""!#""!#""!#""!#""!#""!#"0"!#"0"!#"0"!#"0"!#""!#""!#""!#""!#""!#""!#""!#""!#""!#""!#""!#""!#""!#""!#""!#""!#""!#""!#""!#""!#""!#""!#""!#""!#""!#""!#""!#""!#""!#""!#""!#""!#""!#""!#""!#""!#""!#""!#""!#""!#""!#""!#""!#""!#""!#""!#""!#""!#""!#""!#""!#""!#""!#""!#""!#""!#""!#""!#""!#""!#""!#""!#""!#""!#""!#""!#""!#"0.00"!#""!#""!#""!#""!#""!#""!#""!#""!#""!#""!#""!#""!#""!#""!#""!#""!#""!#""!#""!#""!#""!#""!#""!#""!#""!#""!#""!#""!#""!#""!#""!#""!#""!#""!#""!#""!#""!#""!#""!#""!#"4.11"!#""!#""!#""!#""!#""!#""!#""!#""!#""!#""!#""!#""!#""!#""!#""!#""!#""!#""!#""!#""!#""!#""!#"11/08/2201"!#""!#"2555"!#"3457"!#"01/01/2020"!#""!#""!#""!#""!#""
"papsimmo"!#"2024/032408-1"!#"vente"!#"Ferme"!#"40190"!#"VILLENEUVE-DE-MARSAN"!#"France"!#"3201"!#""!#""!#"320000"!#""!#""!#""!#""!#"117"!#"66772"!#"4"!#"2"!#"Ferme, chalet, Hangard 200m² sur  6. 6772 hectares."!#"Proche de tous cmmerces et commodités, je vous propose au bord d'un Lac de Réalisez votre rêve, en vous installant dans ce véritable havre de paix, offrant une vue imprenable sur le lac et une atmosphère de tranquillité absolue.Cette propriété exceptionnelle s'étend sur 6,6772 hectares bio et comprend une maison en ossature bois de 80 m², avec une charpente traditionnelle en chêne.Un hangar spacieux de 200 m², doté d'un auvent orienté à l'ouest, complète cet ensemble. Trois travées sont ouvertes, tandis qu'une travée de 50 m² est fermée, offrant ainsi la possibilité d'aménager un atelier ou un appartement, avec l'eau et l'électricité déjà disponibles sur place.À proximité du hangar, un charmant chalet de 37 m² constitue également un logement indépendant sur le site, offrant un espace confortable et intime pour les invités ou pour une escapade en pleine nature.Un verger planté de différentes espèces fruitières en 2015 relie harmonieusement la maison et les dépendances, ajoutant une touche de charme bucolique à cette propriété.Les possibilités qui s'offrent à vous sont infinies. Que vous envisagiez d'aménager des gîtes pour les vacanciers à la recherche de quiétude, ou de proposer des locations pour les curistes désireux de se ressourcer dans un cadre naturel préservé, cette propriété offre un potentiel remarquable.Ne laissez pas passer cette occasion unique de vivre votre rêve dans un cadre enchanteur, où la nature et la tranquillité se conjuguent pour offrir une qualité de vie incomparable.Contactez-nous dès maintenant pour organiser une visite et laissez-vous séduire par le charme et le potentiel infini de cette propriété exceptionnelle.Taxe Foncière : 400 euros<br>Prix 320 000 €Contact : 06.44.30.73.89 ou mfuret@papsimmo.fr<br>Les informations sur les risques auxquels, ce bien est exposé sont disponibles sur le site Géorisques : www.georisques.gouv.fr"!#""!#""!#"1"!#""!#""!#"2018"!#""!#"0"!#""!#"2"!#"0"!#""!#""!#"0"!#"0"!#"0"!#"1"!#"0"!#""!#"0"!#"0"!#""!#"0"!#"0"!#"0"!#"0"!#"1"!#""!#""!#""!#""!#""!#""!#""!#""!#""!#""!#""!#""!#"0"!#"0"!#"0"!#"0"!#"0"!#"0"!#"0"!#"0"!#"0"!#"0"!#"0"!#"0"!#"0"!#"0"!#"0"!#"0"!#"0"!#"0"!#""!#""!#"0"!#"SI"!#"0"!#"0"!#"https://www.papsimmo.fr/properties/2024-032408-1/Capture.jpg?20240325"!#"https://www.papsimmo.fr/properties/2024-032408-1/thumbnail-20240321-163239.jpg?20240324"!#"https://www.papsimmo.fr/properties/2024-032408-1/thumbnail-20240321-160507.jpg?20240324"!#"https://www.papsimmo.fr/properties/2024-032408-1/thumbnail-IMG-20200425-170743-Copie.jpg?20240327"!#"https://www.papsimmo.fr/properties/2024-032408-1/thumbnail-20240321-163116.jpg?20240324"!#"https://www.papsimmo.fr/properties/2024-032408-1/thumbnail-20240321-163517.jpg?20240324"!#"https://www.papsimmo.fr/properties/2024-032408-1/thumbnail-20240321-164141-1.jpg?20240325"!#"https://www.papsimmo.fr/properties/2024-032408-1/thumbnail-20240321-164839.jpg?20240324"!#"https://www.papsimmo.fr/properties/2024-032408-1/thumbnail-20240321-164629.jpg?20240325"!#"Photo-2024/032408-1-1"!#"Photo-2024/032408-1-2"!#"Photo-2024/032408-1-3"!#"Photo-2024/032408-1-4"!#"Photo-2024/032408-1-5"!#"Photo-2024/032408-1-7"!#"Photo-2024/032408-1-8"!#"Photo-2024/032408-1-9"!#"Photo-2024/032408-1-10"!#""!#""!#"06.44.30.73.89"!#"Anne-Marie FURET  355025"!#"amfuret@papsimmo.fr"!#"40190"!#"VILLENEUVE-DE-MARSAN"!#""!#""!#"93"!#"24/03/2024"!#""!#""!#""!#""!#""!#""!#""!#""!#""!#""!#""!#""!#""!#""!#""!#""!#""!#""!#""!#""!#""!#""!#""!#""!#""!#""!#""!#""!#""!#""!#""!#""!#""!#""!#""!#""!#""!#""!#""!#""!#""!#""!#""!#""!#""!#""!#""!#""!#"0"!#"0"!#"https://www.papsimmo.fr/properties/2024-032408-1/thumbnail-20240321-164037.jpg?20240325"!#"https://www.papsimmo.fr/properties/2024-032408-1/thumbnail-20240321-164341.jpg?20240324"!#"https://www.papsimmo.fr/properties/2024-032408-1/IMG-20230918-142212-1.jpg?20240324"!#""!#""!#""!#""!#""!#""!#""!#""!#""!#"128"!#"C"!#"3"!#"A"!#""!#""!#""!#""!#""!#""!#""!#""!#""!#"0"!#"0"!#"0"!#"0"!#""!#""!#""!#""!#""!#""!#""!#""!#""!#""!#""!#""!#""!#""!#""!#""!#""!#""!#""!#""!#""!#""!#""!#""!#""!#""!#""!#""!#""!#""!#""!#""!#""!#""!#""!#""!#""!#""!#""!#""!#""!#""!#""!#""!#""!#""!#""!#""!#""!#""!#""!#""!#""!#""!#""!#""!#""!#""!#""!#""!#""!#""!#""!#""!#""!#""!#""!#"0.00"!#""!#""!#""!#""!#""!#""!#""!#""!#""!#""!#""!#""!#""!#"Photo-2024/032408-1-10"!#"Photo-2024/032408-1-11"!#"Photo-2024/032408-1-12"!#""!#""!#""!#""!#""!#""!#""!#""!#""!#""!#""!#""!#""!#""!#""!#""!#""!#""!#""!#""!#""!#""!#""!#""!#"4.11"!#""!#""!#""!#""!#""!#""!#""!#""!#""!#""!#""!#""!#""!#""!#""!#""!#""!#""!#""!#""!#""!#""!#"13/11/2023"!#""!#"0"!#"0"!#""!#""!#""!#""!#""!#""
"papsimmo"!#"2024/070829-1"!#"vente"!#"Maison"!#"40000"!#"MONT-DE-MARSAN"!#"France"!#"Mont de Marsan"!#""!#""!#"245000"!#""!#""!#""!#""!#"151"!#"1334"!#"5"!#"3"!#"Maison 150 m², 2 garages 21 m² et 53 m² terrain clos 1334 m²"!#"À SAISIR !<br>Venez découvrir secteur EST, cette maison exceptionnelle, située dans un cadre privilégié, à proximité immédiate de tous commerces, écoles, collèges et services médicaux. Sur une parcelle de 1334 m² entièrement clôturée, avec portail électrique et portillon, cette propriété offre confort et commodités.<br>– Intérieur Fonctionnel, entrée spacieuse avec placards intégrés.<br>– Cuisine aménagée et cellier, séjour lumineux avec cheminée, 3 chambres et 1 bureau, salle de bain et WC séparé, véranda avec climatisation réversible et volets roulants électriques sur le toit.<br>– Extérieurs Agréables et Bien Pensés, jardin arboré et clos, parfait pour la détente.<br>– Deux garages (21 m² et 53 m²), idéaux pour une activité ou stockage.<br>– Chaudière à condensation au gaz de ville (marque Frisquet), pompe à chaleur pour un confort thermique optimal.<br>– Isolation récente par les combles (laine soufflée)<br>– Arrosage intégré pour un entretien facile du jardin.<br>Ne manquez pas cette opportunité unique ! Contactez-nous pour planifier une visite et laissez-vous séduire par le charme et les prestations de cette maison.<br>À visiter rapidement !!<br>Prix 245 000 euros "!#""!#""!#"0"!#""!#""!#"1968"!#""!#"1"!#""!#"1"!#"0"!#"24576"!#""!#"0"!#"0"!#"0"!#"1"!#"0"!#""!#"0"!#"0"!#""!#"0"!#"0"!#"0"!#"0"!#"0"!#""!#""!#""!#""!#""!#""!#""!#""!#""!#""!#""!#""!#"0"!#"0"!#"0"!#"0"!#"0"!#"0"!#"0"!#"0"!#"0"!#"0"!#"0"!#"0"!#"0"!#"0"!#"0"!#"0"!#"0"!#"0"!#""!#""!#"0"!#"SI"!#"0"!#"0"!#"https://www.papsimmo.fr/properties/2024-070829-1/thumbnail-20240710-181915.jpg?20240710"!#"https://www.papsimmo.fr/properties/2024-070829-1/WhatsApp-Image-2024-08-07-a-17-47-36-7d3fe2d2.jpg?20240807"!#"https://www.papsimmo.fr/properties/2024-070829-1/thumbnail-20240708-145539.jpg?20240710"!#"https://www.papsimmo.fr/properties/2024-070829-1/telechargement.jpg?20240709"!#"https://www.papsimmo.fr/properties/2024-070829-1/thumbnail-20240708-144619.jpg?20240709"!#"https://www.papsimmo.fr/properties/2024-070829-1/thumbnail-20240710-182133.jpg?20240710"!#"https://www.papsimmo.fr/properties/2024-070829-1/thumbnail-20240708-145656-1.jpg?20240708"!#"https://www.papsimmo.fr/properties/2024-070829-1/telechargement-1.jpg?20240709"!#"https://www.papsimmo.fr/properties/2024-070829-1/thumbnail-20240708-144820-1.jpg?20240708"!#"Photo-2024/070829-1-1"!#"Photo-2024/070829-1-2"!#"Photo-2024/070829-1-3"!#"Photo-2024/070829-1-4"!#"Photo-2024/070829-1-5"!#"Photo-2024/070829-1-7"!#"Photo-2024/070829-1-8"!#"Photo-2024/070829-1-9"!#"Photo-2024/070829-1-10"!#""!#""!#"06.44.30.73.89"!#"Anne-Marie FURET  355025"!#"amfuret@papsimmo.fr"!#"40000"!#"MONT-DE-MARSAN"!#""!#""!#"110"!#"08/07/2024"!#""!#""!#""!#""!#""!#""!#""!#""!#""!#""!#""!#""!#""!#""!#""!#""!#""!#""!#""!#""!#""!#""!#""!#""!#""!#""!#""!#""!#""!#""!#""!#""!#""!#""!#""!#""!#""!#""!#""!#""!#""!#""!#""!#""!#""!#""!#""!#""!#"0"!#"0"!#"https://www.papsimmo.fr/properties/2024-070829-1/thumbnail-20240710-181335.jpg?20240710"!#"https://www.papsimmo.fr/properties/2024-070829-1/thumbnail-20240708-150848.jpg?20240710"!#"https://www.papsimmo.fr/properties/2024-070829-1/thumbnail-20240716-180808-1.jpg?20240719"!#""!#""!#""!#""!#""!#""!#""!#""!#""!#"242"!#"D"!#"44"!#"D"!#""!#""!#""!#""!#""!#""!#""!#""!#""!#"0"!#"0"!#"0"!#"0"!#""!#""!#""!#""!#""!#""!#""!#""!#""!#""!#""!#""!#""!#""!#""!#""!#""!#""!#""!#""!#""!#""!#""!#""!#""!#""!#""!#""!#""!#""!#""!#""!#""!#""!#""!#""!#""!#""!#""!#""!#""!#""!#""!#""!#""!#""!#""!#""!#""!#""!#""!#""!#""!#""!#""!#""!#""!#""!#""!#""!#""!#""!#""!#""!#""!#""!#""!#"0.00"!#""!#""!#""!#""!#""!#""!#""!#""!#""!#""!#""!#""!#""!#"Photo-2024/070829-1-10"!#"Photo-2024/070829-1-11"!#"Photo-2024/070829-1-12"!#""!#""!#""!#""!#""!#""!#""!#""!#""!#""!#""!#""!#""!#""!#""!#""!#""!#""!#""!#""!#""!#""!#""!#""!#"4.11"!#""!#""!#""!#""!#""!#""!#""!#""!#""!#""!#""!#""!#""!#""!#""!#""!#""!#""!#""!#""!#""!#""!#"13/09/2023"!#""!#"2290"!#"3190"!#"01/01/2021"!#""!#""!#""!#""!#""
"papsimmo"!#"2024/071953-1"!#"vente"!#"Maison"!#"40420"!#"LABRIT"!#"France"!#"896 route de Libon"!#""!#""!#"138000"!#""!#""!#""!#""!#"141"!#"2600"!#"6"!#"2"!#"Maison 141 m² 4 chambres, 2600 m² terrain clos."!#"Maison de 141 m², partiellement rénovée, séduira les amoureux de la nature. Nichée dans un cadre verdoyant qui privilégie la tranquillité sans vis-à-vis.Idéal pour une première acquisition, cette maison offre une occasion unique pour les amateurs de travaux. Avec un fort potentiel de rénovation, elle permet de personnaliser chaque espace. (Quelques photos pour se projeter).Elle se compose sur 2 niveaux : entrée, 4 chambres 1 bureau, cuisine, arrière cuisine, salon, véranda, 2 wc, 2 salles d’eau. <br>A l'exterieur, se trouve, 1 atelier , abri jardin.Le tout sur un terrain clos de 2600 m². piscinable.A visiter rapidement !!<br>Taxe fonciére 450 euros"!#""!#""!#"1"!#""!#""!#""!#""!#"0"!#""!#"2"!#"0"!#""!#""!#"0"!#"0"!#"0"!#"1"!#"0"!#""!#"0"!#"0"!#""!#"0"!#"0"!#"0"!#"0"!#"0"!#""!#""!#""!#""!#""!#""!#""!#""!#""!#""!#""!#""!#"0"!#"0"!#"0"!#"0"!#"0"!#"0"!#"0"!#"0"!#"0"!#"0"!#"0"!#"0"!#"0"!#"0"!#"0"!#"0"!#"0"!#"0"!#""!#""!#"0"!#"SI"!#"0"!#"0"!#"https://www.papsimmo.fr/properties/2024-071953-1/thumbnail-20240716-112413.jpg?20240719"!#"https://www.papsimmo.fr/properties/2024-071953-1/thumbnail-Screenshot-20240719-162638-Google.jpg?20240719"!#"https://www.papsimmo.fr/properties/2024-071953-1/thumbnail-Screenshot-20240718-234728-Facebook-1.jpg?20240719"!#"https://www.papsimmo.fr/properties/2024-071953-1/thumbnail-Screenshot-20240719-100002-Facebook.jpg?20240719"!#"https://www.papsimmo.fr/properties/2024-071953-1/thumbnail-Screenshot-20240719-155138-Chrome.jpg?20240719"!#"https://www.papsimmo.fr/properties/2024-071953-1/thumbnail-20240716-110527.jpg?20240719"!#"https://www.papsimmo.fr/properties/2024-071953-1/thumbnail-20240716-111541.jpg?20240719"!#"https://www.papsimmo.fr/properties/2024-071953-1/thumbnail-Screenshot-20240719-154829-Chrome.jpg?20240719"!#"https://www.papsimmo.fr/properties/2024-071953-1/thumbnail-20240716-110851.jpg?20240720"!#"Photo-2024/071953-1-1"!#"Photo-2024/071953-1-2"!#"Photo-2024/071953-1-3"!#"Photo-2024/071953-1-4"!#"Photo-2024/071953-1-5"!#"Photo-2024/071953-1-7"!#"Photo-2024/071953-1-8"!#"Photo-2024/071953-1-9"!#"Photo-2024/071953-1-10"!#""!#""!#"06.44.30.73.89"!#"Anne-Marie FURET  355025"!#"amfuret@papsimmo.fr"!#"40420"!#"LABRIT"!#""!#""!#"111"!#"19/07/2024"!#""!#""!#""!#""!#""!#""!#""!#""!#""!#""!#""!#""!#""!#""!#""!#""!#""!#""!#""!#""!#""!#""!#""!#""!#""!#""!#""!#""!#""!#""!#""!#""!#""!#""!#""!#""!#""!#""!#""!#""!#""!#""!#""!#""!#""!#""!#""!#""!#"0"!#"0"!#"https://www.papsimmo.fr/properties/2024-071953-1/thumbnail-20240716-112135.jpg?20240719"!#"https://www.papsimmo.fr/properties/2024-071953-1/thumbnail-20240716-104840.jpg?20240719"!#"https://www.papsimmo.fr/properties/2024-071953-1/thumbnail-20240716-104914.jpg?20240719"!#""!#""!#""!#""!#""!#""!#""!#""!#""!#"369"!#"F"!#"10"!#"B"!#""!#""!#""!#""!#""!#""!#""!#""!#""!#"0"!#"0"!#"0"!#"0"!#""!#""!#""!#""!#""!#""!#""!#""!#""!#""!#""!#""!#""!#""!#""!#""!#""!#""!#""!#""!#""!#""!#""!#""!#""!#""!#""!#""!#""!#""!#""!#""!#""!#""!#""!#""!#""!#""!#""!#""!#""!#""!#""!#""!#""!#""!#""!#""!#""!#""!#""!#""!#""!#""!#""!#""!#""!#""!#""!#""!#""!#""!#""!#""!#""!#""!#""!#"0.00"!#""!#""!#""!#""!#""!#""!#""!#""!#""!#""!#""!#""!#""!#"Photo-2024/071953-1-10"!#"Photo-2024/071953-1-11"!#"Photo-2024/071953-1-12"!#""!#""!#""!#""!#""!#""!#""!#""!#""!#""!#""!#""!#""!#""!#""!#""!#""!#""!#""!#""!#""!#""!#""!#""!#"4.11"!#""!#""!#""!#""!#""!#""!#""!#""!#""!#""!#""!#""!#""!#""!#""!#""!#""!#""!#""!#""!#""!#""!#"04/07/2024"!#""!#"3390"!#"4640"!#"01/01/2021"!#""!#""!#""!#""!#""
"papsimmo"!#"2024/093027-1"!#"vente"!#"bureaux"!#"33390"!#"BLAYE"!#"France"!#"4 Bracaille"!#""!#""!#"107000"!#""!#""!#""!#""!#"219"!#"0"!#"0"!#"0"!#"Boucherie, charcuterie"!#"Belle affaire à saisir !!<br>Ne passez pas à côté de cette belle opportunité de Reprise de Boucherie, volaille, charcuterie !!Réalisez votre rêve en poursuivant cette activité commerciale prospère, dans des locaux en parfait état qui vous permettra une reprise d'activité immédiate, matériel compris. <br>Fréquentés par une clientèle fidèle qui apprécie la variété, la qualité des produits proposés.<br>Créée en 2010, cette entreprise est idéale pour se lancer ou développer son activité.Locaux d'une superficie de 200 m² dont un magasin de 60 m² avec 14 m² de vitrine, un bureau et une réserve, trois chambres froides, 1 laboratoire dédié à la découpe, un quai de livraison et un parking !!<br>Données financières :<br style="font-variant-ligatures: normal; font-variant-caps: normal; orphans: 2; text-align: start; widows: 2; -webkit-text-stroke-width: 0px; text-decoration-thickness: initial; text-decoration-style: initial; text-decoration-color: initial; word-spacing: 0px;">Loyer mensuel : 1000 €<br style="font-variant-ligatures: normal; font-variant-caps: normal; orphans: 2; text-align: start; widows: 2; -webkit-text-stroke-width: 0px; text-decoration-thickness: initial; text-decoration-style: initial; text-decoration-color: initial; word-spacing: 0px;">Chiffre d'affaires annuel : 400 000 €<br style="font-variant-ligatures: normal; font-variant-caps: normal; orphans: 2; text-align: start; widows: 2; -webkit-text-stroke-width: 0px; text-decoration-thickness: initial; text-decoration-style: initial; text-decoration-color: initial; word-spacing: 0px;">Prix du fonds de commerce : 107 000 €<br style="font-variant-ligatures: normal; font-variant-caps: normal; orphans: 2; text-align: start; widows: 2; -webkit-text-stroke-width: 0px; text-decoration-thickness: initial; text-decoration-style: initial; text-decoration-color: initial; word-spacing: 0px;"><br style="font-variant-ligatures: normal; font-variant-caps: normal; orphans: 2; text-align: start; widows: 2; -webkit-text-stroke-width: 0px; text-decoration-thickness: initial; text-decoration-style: initial; text-decoration-color: initial; word-spacing: 0px;">Une opportunité à ne pas manquer !"!#""!#""!#"0"!#""!#""!#""!#""!#"0"!#""!#"0"!#"0"!#""!#""!#"0"!#"0"!#"0"!#"1"!#"0"!#""!#"0"!#"0"!#""!#"0"!#"0"!#"0"!#"0"!#"0"!#""!#""!#""!#""!#""!#""!#""!#""!#""!#""!#""!#""!#"0"!#"0"!#"0"!#"0"!#"0"!#"0"!#"0"!#"0"!#"0"!#"0"!#"0"!#"0"!#"0"!#"0"!#"0"!#"0"!#"0"!#"0"!#""!#""!#"0"!#"SI"!#"0"!#"0"!#"https://www.papsimmo.fr/properties/2024-093027-1/attachment1727508416654.jpg?20240930"!#"https://www.papsimmo.fr/properties/2024-093027-1/attachment1727508398565-2.jpg?20240930"!#"https://www.papsimmo.fr/properties/2024-093027-1/attachment1727508434662.jpg?20240930"!#"https://www.papsimmo.fr/properties/2024-093027-1/attachment1727508374958.jpg?20240930"!#"https://www.papsimmo.fr/properties/2024-093027-1/attachment1727508470889.jpg?20240930"!#"https://www.papsimmo.fr/properties/2024-093027-1/attachment1727508453816.jpg?20240930"!#"https://www.papsimmo.fr/properties/2024-093027-1/attachment1727508490830.jpg?20240930"!#"https://www.papsimmo.fr/properties/2024-093027-1/attachment1727508508584.jpg?20240930"!#""!#"Photo-2024/093027-1-1"!#"Photo-2024/093027-1-2"!#"Photo-2024/093027-1-3"!#"Photo-2024/093027-1-4"!#"Photo-2024/093027-1-5"!#"Photo-2024/093027-1-7"!#"Photo-2024/093027-1-8"!#""!#""!#""!#""!#"06.44.30.73.89"!#"Anne-Marie FURET  355025"!#"amfuret@papsimmo.fr"!#"33390"!#"BLAYE"!#""!#""!#"117"!#"30/09/2024"!#""!#""!#""!#""!#""!#""!#""!#""!#""!#""!#""!#""!#""!#""!#""!#""!#""!#""!#""!#""!#""!#""!#""!#""!#""!#""!#""!#""!#""!#""!#""!#""!#""!#""!#""!#""!#""!#""!#""!#""!#""!#""!#""!#""!#""!#""!#""!#""!#"0"!#"0"!#""!#""!#""!#""!#""!#""!#""!#""!#""!#""!#""!#""!#"0"!#"NS"!#"0"!#"NS"!#""!#""!#""!#""!#""!#""!#""!#""!#""!#"0"!#"0"!#"0"!#"0"!#""!#""!#""!#""!#""!#""!#""!#""!#""!#""!#""!#""!#""!#""!#""!#""!#""!#""!#""!#""!#""!#""!#""!#""!#""!#""!#""!#""!#""!#""!#""!#""!#""!#""!#""!#""!#""!#""!#""!#""!#""!#""!#""!#""!#""!#""!#""!#""!#""!#""!#""!#""!#""!#""!#""!#""!#""!#""!#""!#""!#""!#""!#""!#""!#""!#""!#""!#"0.00"!#""!#""!#""!#""!#""!#""!#""!#""!#""!#""!#""!#""!#""!#""!#""!#""!#""!#""!#""!#""!#""!#""!#""!#""!#""!#""!#""!#""!#""!#""!#""!#""!#""!#""!#""!#""!#""!#""!#""!#""!#"4.11"!#""!#""!#""!#""!#""!#""!#""!#""!#""!#""!#""!#""!#""!#""!#""!#""!#""!#""!#""!#""!#""!#""!#""!#""!#"0"!#"0"!#""!#""!#""!#""!#""!#""
"papsimmo"!#"2024/102004-1"!#"vente"!#"Propriété"!#"40000"!#"MONT-DE-MARSAN"!#"France"!#"Méniguére"!#""!#""!#"750000"!#""!#""!#""!#""!#"360"!#"21173"!#"14"!#"9"!#"Propriété, 3 chs d'hôtes, 2 gîtes, 1 studio, piscine, terrain 21173 m²."!#"Située à l'EST de Mont de Marsan, Je vous propose un changement de vie avec cette propriété d’exception dans un cadre idéal pour une nouvelle aventure !<br>Déjà en pleine activité, elle présente un potentiel unique pour réussir une reconversion dans le secteur touristique. Sur place, vous découvrirez une maison principale, un studio, trois chambres d'hôtes, deux gîtes, une salle de sport, un atelier, 1 car port. Le tout est parfaitement aménagé pour vous accueillir et vous lancer immédiatement dans cette nouvelle aventure. <br>La propriété comprend : Maison d'habitation : Un espace confortable et chaleureux pour vous et votre famille, avec la possibilité de vivre sur place tout en gérant votre activité.<br>Studio : Idéal pour des locations saisonnières ou pour accueillir vos invités en toute intimité.<br>Trois chambres d'hôtes : Un formidable atout pour développer une activité touristique, parfait pour les vacanciers en quête de détente et de tranquillité.<br>Deux gîtes : Ces hébergements supplémentaires sont parfaits pour accueillir des familles ou des groupes, vous offrant ainsi plusieurs sources de revenus, une salle de sport : face à l'étang, une piscine 12x6, un atelier, un car port.<br>Cette propriété est bien plus qu'un simple lieu de vie, c'est une véritable opportunité professionnelle, nichée dans un cadre naturel exceptionnel, avec une vue imprenable sur un étang et une piscine idéale pour des soirées conviviales entre amis ou en famille, elle allie confort et charme. Idéale pour ceux qui cherchent à fuir le tumulte de la ville, cette propriété est une véritable invitation à la détente et à l'épanouissement personnel, vous ouvrant ainsi les portes d'un avenir prometteur. Le tout dans un environnement empreint de sérénité, un lieu où nature se rejoignent pour offrir une qualité de vie incomparable. Possibilité d'acquérir 3 hectares supplémentaires.<br>Vous avez ici une chance rare de concilier vos projets de vie !! A visiter rapidement !!"!#""!#""!#"0"!#""!#""!#""!#""!#"7"!#""!#"7"!#"0"!#"8704"!#""!#"0"!#"0"!#"0"!#"1"!#"0"!#""!#"0"!#"0"!#""!#"0"!#"0"!#"0"!#"0"!#"1"!#""!#""!#""!#""!#""!#""!#""!#""!#""!#""!#""!#""!#"0"!#"0"!#"0"!#"0"!#"0"!#"0"!#"0"!#"0"!#"0"!#"0"!#"0"!#"0"!#"0"!#"0"!#"0"!#"0"!#"0"!#"0"!#""!#""!#"0"!#"SI"!#"0"!#"0"!#"https://www.papsimmo.fr/properties/2024-102004-1/thumbnail-20241019-161419.jpg?20241021"!#"https://www.papsimmo.fr/properties/2024-102004-1/thumbnail-20241019-160608.jpg?20241021"!#"https://www.papsimmo.fr/properties/2024-102004-1/Vue-aererienne.jpg?20241021"!#"https://www.papsimmo.fr/properties/2024-102004-1/thumbnail-20241019-161918-1.jpg?20241023"!#"https://www.papsimmo.fr/properties/2024-102004-1/thumbnail-20241019-161315.jpg?20241023"!#"https://www.papsimmo.fr/properties/2024-102004-1/thumbnail-20241019-161440.jpg?20241021"!#"https://www.papsimmo.fr/properties/2024-102004-1/20200717-221840.jpg?20241023"!#"https://www.papsimmo.fr/properties/2024-102004-1/thumbnail-20241019-161511.jpg?20241021"!#"https://www.papsimmo.fr/properties/2024-102004-1/thumbnail-20241019-161804.jpg?20241021"!#"Photo-2024/102004-1-1"!#"Photo-2024/102004-1-2"!#"Photo-2024/102004-1-3"!#"Photo-2024/102004-1-4"!#"Photo-2024/102004-1-5"!#"Photo-2024/102004-1-7"!#"Photo-2024/102004-1-8"!#"Photo-2024/102004-1-9"!#"Photo-2024/102004-1-10"!#""!#""!#"06.44.30.73.89"!#"Anne-Marie FURET  355025"!#"amfuret@papsimmo.fr"!#"40000"!#"MONT-DE-MARSAN"!#""!#""!#"121"!#"20/10/2024"!#""!#""!#""!#""!#""!#""!#""!#""!#""!#""!#""!#""!#""!#""!#""!#""!#""!#""!#""!#""!#""!#""!#""!#""!#""!#""!#""!#""!#""!#""!#""!#""!#""!#""!#""!#""!#""!#""!#""!#""!#""!#""!#""!#""!#""!#""!#""!#""!#"0"!#"0"!#"https://www.papsimmo.fr/properties/2024-102004-1/IMG-59691.jpg?20241023"!#"https://www.papsimmo.fr/properties/2024-102004-1/DSC04202.jpg?20241023"!#"https://www.papsimmo.fr/properties/2024-102004-1/thumbnail-20241019-154608.jpg?20241021"!#"https://www.papsimmo.fr/properties/2024-102004-1/thumbnail-20241019-155141.jpg?20241021"!#"https://www.papsimmo.fr/properties/2024-102004-1/thumbnail-20241019-155458.jpg?20241021"!#"https://www.papsimmo.fr/properties/2024-102004-1/IMG-E4211.jpg?20241023"!#"https://www.papsimmo.fr/properties/2024-102004-1/thumbnail-20241019-155837.jpg?20241021"!#"https://www.papsimmo.fr/properties/2024-102004-1/20200717-222459.jpg?20241023"!#"https://www.papsimmo.fr/properties/2024-102004-1/IMG-3798.jpg?20241023"!#""!#""!#""!#"150"!#"C"!#"22"!#"C"!#""!#""!#""!#""!#""!#""!#""!#""!#""!#"0"!#"0"!#"0"!#"0"!#""!#""!#""!#""!#""!#""!#""!#""!#""!#""!#""!#""!#""!#""!#""!#""!#""!#""!#""!#""!#""!#""!#""!#""!#""!#""!#""!#""!#""!#""!#""!#""!#""!#""!#""!#""!#""!#""!#""!#""!#""!#""!#""!#""!#""!#""!#""!#""!#""!#""!#""!#""!#""!#""!#""!#""!#""!#""!#""!#""!#""!#""!#""!#""!#""!#""!#""!#"0.00"!#""!#""!#""!#""!#""!#""!#""!#""!#""!#""!#""!#""!#""!#"Photo-2024/102004-1-10"!#"Photo-2024/102004-1-11"!#"Photo-2024/102004-1-12"!#"Photo-2024/102004-1-13"!#"Photo-2024/102004-1-14"!#"Photo-2024/102004-1-15"!#"Photo-2024/102004-1-16"!#"Photo-2024/102004-1-17"!#"Photo-2024/102004-1-18"!#""!#""!#""!#""!#""!#""!#""!#""!#""!#""!#""!#""!#""!#""!#""!#""!#""!#""!#"4.11"!#""!#""!#""!#""!#""!#""!#""!#""!#""!#""!#""!#""!#""!#""!#""!#""!#""!#""!#""!#""!#""!#""!#"11/03/2023"!#""!#"1200"!#"1708"!#"01/01/2021"!#""!#""!#""!#""!#""
"papsimmo"!#"2024/021202-1"!#"vente"!#"Maison"!#"40000"!#"MONT-DE-MARSAN"!#"France"!#"16 petite rue des landes"!#""!#""!#"149000"!#""!#""!#""!#""!#"94"!#"77"!#"4"!#"2"!#"Maison de ville T4 centre Mont de Marsan."!#"En exclusivité, idéalement située au cœur de Mont de Marsan, <br>cette maison de ville T4 présente un potentiel exceptionnel pour les primo-accédants ou les investisseurs.<br>Au rez-de-chaussée, vous trouverez une entrée avec placard, une cuisine indépendante avec cellier attenant, une salle de bain rénovée avec meuble vasque et baignoire, ainsi qu'une toilette séparée. Un beau séjour d'environ 26 m² offre un espace de vie lumineux et convivial.<br>À l'étage, deux chambres de tailles généreuses (11 m² et 16 m²), ainsi qu'un bureau/chambre créent des possibilités d'aménagement flexibles. De plus, les combles aménageables sur sol planché ouvrent de nouvelles perspectives d'espace.<br>Pour votre confort, un parking privé et un espace commun viennent compléter cette propriété, donnant des solutions pratiques pour le stationnement.<br>Cette maison offre un excellent potentiel avec la possibilité de personnalisation selon vos besoins et vos envies. <br>Que vous soyez à la recherche d'une première acquisition ou d'un investissement locatif, ne laissez pas passer cette opportunité !<br>Taxe foncière : 1068€Prix : 149 000€<br>Contact : 06.01.17.40.31 ou ddehez@papsimmo.fr<br>Les informations sur les risques auxquels, ce bien est exposé sont disponibles sur le site Géorisques : www.georisques.gouv.fr"!#""!#""!#"1"!#""!#""!#""!#""!#"1"!#""!#"1"!#"0"!#""!#""!#"0"!#"0"!#"0"!#"1"!#"0"!#""!#"0"!#"0"!#""!#"0"!#"0"!#"0"!#"0"!#"0"!#""!#""!#""!#""!#""!#""!#""!#""!#""!#""!#""!#""!#"0"!#"0"!#"0"!#"0"!#"0"!#"0"!#"0"!#"0"!#"0"!#"0"!#"0"!#"0"!#"0"!#"0"!#"0"!#"0"!#"0"!#"0"!#""!#""!#"0"!#"SI"!#"0"!#"0"!#"https://www.papsimmo.fr/properties/2024-021202-1/photo.jpg?20240319"!#"https://www.papsimmo.fr/properties/2024-021202-1/20240212-122340.jpg?20240319"!#"https://www.papsimmo.fr/properties/2024-021202-1/WhatsApp-Image-2024-03-19-a-09-34-50-70a0b0ee.jpg?20240319"!#"https://www.papsimmo.fr/properties/2024-021202-1/20240212-122612.jpg?20240212"!#"https://www.papsimmo.fr/properties/2024-021202-1/20240212-122519.jpg?20240212"!#"https://www.papsimmo.fr/properties/2024-021202-1/20240212-122009.jpg?20240212"!#"https://www.papsimmo.fr/properties/2024-021202-1/20240212-122206.jpg?20240212"!#"https://www.papsimmo.fr/properties/2024-021202-1/20240212-122059.jpg?20240212"!#""!#"Photo-2024/021202-1-1"!#"Photo-2024/021202-1-2"!#"Photo-2024/021202-1-3"!#"Photo-2024/021202-1-4"!#"Photo-2024/021202-1-5"!#"Photo-2024/021202-1-7"!#"Photo-2024/021202-1-8"!#""!#""!#""!#""!#"06.77.31.26.39"!#"Denis DEHEZ 497036"!#"ddehez@papsimmo.fr"!#"40000"!#"MONT-DE-MARSAN"!#""!#""!#"74"!#"12/02/2024"!#""!#""!#""!#""!#""!#""!#""!#""!#""!#""!#""!#""!#""!#""!#""!#""!#""!#""!#""!#""!#""!#""!#""!#""!#""!#""!#""!#""!#""!#""!#""!#""!#""!#""!#""!#""!#""!#""!#""!#""!#""!#""!#""!#""!#""!#""!#""!#""!#"0"!#"0"!#""!#""!#""!#""!#""!#""!#""!#""!#""!#""!#""!#""!#"217"!#"D"!#"7"!#"B"!#""!#""!#""!#""!#""!#""!#""!#""!#""!#"0"!#"0"!#"0"!#"0"!#""!#""!#""!#""!#""!#""!#""!#""!#""!#""!#""!#""!#""!#""!#""!#""!#""!#""!#""!#""!#""!#""!#""!#""!#""!#""!#""!#""!#""!#""!#""!#""!#""!#""!#""!#""!#""!#""!#""!#""!#""!#""!#""!#""!#""!#""!#""!#""!#""!#""!#""!#""!#""!#""!#""!#""!#""!#""!#""!#""!#""!#""!#""!#""!#""!#""!#""!#"0.00"!#""!#""!#""!#""!#""!#""!#""!#""!#""!#""!#""!#""!#""!#""!#""!#""!#""!#""!#""!#""!#""!#""!#""!#""!#""!#""!#""!#""!#""!#""!#""!#""!#""!#""!#""!#""!#""!#""!#""!#""!#"4.11"!#""!#""!#""!#""!#""!#""!#""!#""!#""!#""!#""!#""!#""!#""!#""!#""!#""!#""!#""!#""!#""!#""!#"08/01/2024"!#""!#"1240"!#"1730"!#"01/01/2021"!#""!#""!#""!#""!#""
"papsimmo"!#"2024/032353-1"!#"vente"!#"Terrain"!#"40000"!#"MONT-DE-MARSAN"!#"France"!#"Route de Bostens"!#""!#""!#"137000"!#""!#""!#""!#""!#"0"!#"11479"!#"0"!#"0"!#"Terrain constructible"!#"Découvrez ce magnifique terrain constructible plat de 11479 m² situé dans la charmante commune de Sarbazan. Bénéficiant d'une proximité avec toutes les commodités, cette parcelle est très bien située et offre deux entrées possibles pour une accessibilité optimale.<br>Idéal pour les investisseurs, les promoteurs immobiliers ou les professionnels de l'immobilier, ce terrain présente un potentiel remarquable pour le développement de projets résidentiels ou commerciaux.<br>Ne laissez pas passer cette opportunité exceptionnelle d'investissement. Contactez-nous dès aujourd'hui pour obtenir plus d'informations et explorer toutes les possibilités offertes par ce terrain prometteur à Sarbazan.Prix : 137 000€<br>Contact : 06.01.17.40.31 ou ddehez@papsimmo.fr<br>Les informations sur les risques auxquels, ce bien est exposé sont disponibles sur le site Géorisques : www.georisques.gouv.fr"!#""!#""!#"0"!#""!#""!#""!#""!#"0"!#""!#"0"!#"0"!#""!#""!#"0"!#"0"!#"0"!#"1"!#"0"!#""!#"0"!#"0"!#""!#"0"!#"0"!#"0"!#"0"!#"0"!#""!#""!#""!#""!#""!#""!#""!#""!#""!#""!#""!#""!#"0"!#"0"!#"0"!#"0"!#"0"!#"0"!#"0"!#"0"!#"0"!#"0"!#"0"!#"0"!#"0"!#"0"!#"0"!#"0"!#"0"!#"0"!#""!#""!#"0"!#"SI"!#"0"!#"0"!#"https://www.papsimmo.fr/properties/2024-032353-1/IMG-20240424-WA0048.jpg?20240424"!#"https://www.papsimmo.fr/properties/2024-032353-1/IMG-20240424-WA0049.jpg?20240424"!#"https://www.papsimmo.fr/properties/2024-032353-1/IMG-20240424-WA0045.jpg?20240424"!#"https://www.papsimmo.fr/properties/2024-032353-1/terrain-a-vendre-l331.jpg?20240324"!#""!#""!#""!#""!#""!#"Photo-2024/032353-1-1"!#"Photo-2024/032353-1-2"!#"Photo-2024/032353-1-3"!#"Photo-2024/032353-1-4"!#""!#""!#""!#""!#""!#""!#""!#"06.77.31.26.39"!#"Denis DEHEZ 497036"!#"ddehez@papsimmo.fr"!#"40000"!#"MONT-DE-MARSAN"!#""!#""!#"85"!#"23/03/2024"!#""!#""!#""!#""!#""!#""!#""!#""!#""!#""!#""!#""!#""!#""!#""!#""!#""!#""!#""!#""!#""!#""!#""!#""!#""!#""!#""!#""!#""!#""!#""!#""!#""!#""!#""!#""!#""!#""!#""!#""!#""!#""!#""!#""!#""!#""!#""!#""!#"0"!#"0"!#""!#""!#""!#""!#""!#""!#""!#""!#""!#""!#""!#""!#"0"!#"NS"!#"0"!#"NS"!#""!#""!#""!#""!#""!#""!#""!#""!#""!#"0"!#"0"!#"0"!#"0"!#""!#""!#""!#""!#""!#""!#""!#""!#""!#""!#""!#""!#""!#""!#""!#""!#""!#""!#""!#""!#""!#""!#""!#""!#""!#""!#""!#""!#""!#""!#""!#""!#""!#""!#""!#""!#""!#""!#""!#""!#""!#""!#""!#""!#""!#""!#""!#""!#""!#""!#""!#""!#""!#""!#""!#""!#""!#""!#""!#""!#""!#""!#""!#""!#""!#""!#""!#"0.00"!#""!#""!#""!#""!#""!#""!#""!#""!#""!#""!#""!#""!#""!#""!#""!#""!#""!#""!#""!#""!#""!#""!#""!#""!#""!#""!#""!#""!#""!#""!#""!#""!#""!#""!#""!#""!#""!#""!#""!#""!#"4.11"!#""!#""!#""!#""!#""!#""!#""!#""!#""!#""!#""!#""!#""!#""!#""!#""!#""!#""!#""!#""!#""!#""!#""!#""!#"0"!#"0"!#""!#""!#""!#""!#""!#""
"papsimmo"!#"2024/032434-1"!#"vente"!#"Immeuble"!#"40120"!#"ROQUEFORT"!#"France"!#"route de Pau"!#""!#""!#"210700"!#""!#""!#""!#""!#"270"!#"12968"!#"14"!#"7"!#"Ensemble immobilier avec terrain constructible"!#"Découvrez ce magnifique ensemble immobilier, offrant un potentiel remarquable pour les investisseurs, les promoteurs immobiliers et les professionnels de l'immobilier.<br>Cet ensemble se compose d'une maison de 140 m² à étage, à remettre au goût du jour, comprenant 4 chambres, un bureau, un double salon et une grande cuisine, elle présente un potentiel de rénovation intéressant.<br>En mitoyenneté, un appartement T2 et une grande maison à rénover entièrement avec 4 grandes pièces principales offrent des possibilités d'aménagement variées.<br>L'ensemble est complété par plusieurs dépendances, dont une grande bâtisse en pierre avec un chai attenant.<br>Le terrain magnifique, plat et constructible, s'étend sur 12 968 m², offrant un cadre idéal pour le développement de projets résidentiels ou commerciaux. Sa proximité avec toutes les commodités et ses deux entrées possibles assurent une accessibilité optimale.<br>Ne manquez pas cette opportunité exceptionnelle d'investissement. <br>Taxe foncière : 1170€Prix : 210700€<br><br>"!#""!#""!#"0"!#""!#""!#""!#""!#"0"!#""!#"4"!#"0"!#""!#""!#"0"!#"0"!#"0"!#"1"!#"0"!#""!#"0"!#"0"!#""!#"0"!#"0"!#"0"!#"0"!#"1"!#""!#""!#""!#""!#""!#""!#""!#""!#""!#""!#""!#""!#"0"!#"0"!#"0"!#"0"!#"0"!#"0"!#"0"!#"0"!#"0"!#"0"!#"0"!#"0"!#"0"!#"0"!#"0"!#"0"!#"0"!#"0"!#""!#""!#"0"!#"SI"!#"0"!#"0"!#"https://www.papsimmo.fr/properties/2024-032434-1/IMG-20240424-WA0054.jpg?20240424"!#"https://www.papsimmo.fr/properties/2024-032434-1/20230927-154723.jpg?20240326"!#"https://www.papsimmo.fr/properties/2024-032434-1/Capture-d-ecran-2024-03-27-083702.jpg?20240327"!#"https://www.papsimmo.fr/properties/2024-032434-1/20230927-154439.jpg?20240324"!#"https://www.papsimmo.fr/properties/2024-032434-1/IMG-20240323-WA0044.jpg?20240324"!#"https://www.papsimmo.fr/properties/2024-032434-1/20230927-154646.jpg?20240326"!#"https://www.papsimmo.fr/properties/2024-032434-1/20230927-154657.jpg?20240326"!#"https://www.papsimmo.fr/properties/2024-032434-1/20230927-155320.jpg?20240326"!#""!#"Photo-2024/032434-1-1"!#"Photo-2024/032434-1-2"!#"Photo-2024/032434-1-3"!#"Photo-2024/032434-1-4"!#"Photo-2024/032434-1-5"!#"Photo-2024/032434-1-7"!#"Photo-2024/032434-1-8"!#""!#""!#""!#""!#"06.77.31.26.39"!#"Denis DEHEZ 497036"!#"ddehez@papsimmo.fr"!#"40120"!#"ROQUEFORT"!#""!#""!#"87"!#"24/03/2024"!#""!#""!#""!#""!#""!#""!#""!#""!#""!#""!#""!#""!#""!#""!#""!#""!#""!#""!#""!#""!#""!#""!#""!#""!#""!#""!#""!#""!#""!#""!#""!#""!#""!#""!#""!#""!#""!#""!#""!#""!#""!#""!#""!#""!#""!#""!#""!#""!#"0"!#"0"!#""!#""!#""!#""!#""!#""!#""!#""!#""!#""!#""!#""!#"0"!#"VI"!#"0"!#"VI"!#""!#""!#""!#""!#""!#""!#""!#""!#""!#"0"!#"0"!#"0"!#"0"!#""!#""!#""!#""!#""!#""!#""!#""!#""!#""!#""!#""!#""!#""!#""!#""!#""!#""!#""!#""!#""!#""!#""!#""!#""!#""!#""!#""!#""!#""!#""!#""!#""!#""!#""!#""!#""!#""!#""!#""!#""!#""!#""!#""!#""!#""!#""!#""!#""!#""!#""!#""!#""!#""!#""!#""!#""!#""!#""!#""!#""!#""!#""!#""!#""!#""!#""!#"0.00"!#""!#""!#""!#""!#""!#""!#""!#""!#""!#""!#""!#""!#""!#""!#""!#""!#""!#""!#""!#""!#""!#""!#""!#""!#""!#""!#""!#""!#""!#""!#""!#""!#""!#""!#""!#""!#""!#""!#""!#""!#"4.11"!#""!#""!#""!#""!#""!#""!#""!#""!#""!#""!#""!#""!#""!#""!#""!#""!#""!#""!#""!#""!#""!#""!#""!#""!#"0"!#"0"!#""!#""!#""!#""!#""!#""
"papsimmo"!#"2024/042419-1"!#"vente"!#"Immeuble"!#"40120"!#"SARBAZAN"!#"France"!#"route de Pau"!#""!#""!#"149000"!#""!#""!#""!#""!#"270"!#"1489"!#"14"!#"7"!#"Ensemble immobilier"!#"Découvrez cet ensemble immobilier exceptionnel, offrant un potentiel remarquable pour les investisseurs, les professionnels de l'immobilier ou pour une vie familiale.<br>La maison principale, d'une surface de 140 m² sur deux niveaux, présente un agencement à repenser selon vos besoins. Avec 4 chambres, un bureau, un double salon et une grande cuisine, elle offre un potentiel de rénovation intéressant pour créer votre espace de vie idéal.<br>En mitoyenneté, un appartement T2 et une grande maison à rénover entièrement avec 4 grandes pièces principales offrent des possibilités d'aménagement variées, idéales pour divers projets résidentiels ou commerciaux.<br>L'ensemble est complété par plusieurs dépendances, dont une grande bâtisse en pierre avec un chai attenant, offrant des espaces de stockage supplémentaires ou la possibilité de créer des espaces de vie supplémentaires.<br>Le terrain de 1489 m² offre un cadre de vie idéal, avec la possibilité d'aménager des espaces extérieurs selon vos envies.<br>Sa proximité avec toutes les commodités assure une accessibilité optimale, ajoutant à l'attrait de cette propriété.<br>Taxe foncière : 1170€Prix : 149 000€<br>Contact : 06.77.31.26.39 ou ddehez@papsimmo.fr<br>Les informations sur les risques auxquels, ce bien est exposé sont disponibles sur le site Géorisques : www.georisques.gouv.fr"!#""!#""!#"1"!#""!#""!#""!#""!#"0"!#""!#"4"!#"0"!#""!#""!#"0"!#"0"!#"0"!#"1"!#"0"!#""!#"0"!#"0"!#""!#"0"!#"0"!#"0"!#"0"!#"1"!#""!#""!#""!#""!#""!#""!#""!#""!#""!#""!#""!#""!#"0"!#"0"!#"0"!#"0"!#"0"!#"0"!#"0"!#"0"!#"0"!#"0"!#"0"!#"0"!#"0"!#"0"!#"0"!#"0"!#"0"!#"0"!#""!#""!#"0"!#"SI"!#"0"!#"0"!#"https://www.papsimmo.fr/properties/2024-042419-1/IMG-20240424-WA0053.jpg?20240424"!#"https://www.papsimmo.fr/properties/2024-042419-1/IMG-20240424-WA0027.jpg?20240424"!#"https://www.papsimmo.fr/properties/2024-042419-1/IMG-20240424-WA0026.jpg?20240424"!#"https://www.papsimmo.fr/properties/2024-042419-1/IMG-20240424-WA0020.jpg?20240424"!#"https://www.papsimmo.fr/properties/2024-042419-1/IMG-20240424-WA0003.jpg?20240424"!#"https://www.papsimmo.fr/properties/2024-042419-1/IMG-20240424-WA0007.jpg?20240424"!#"https://www.papsimmo.fr/properties/2024-042419-1/IMG-20240424-WA0035.jpg?20240424"!#"https://www.papsimmo.fr/properties/2024-042419-1/IMG-20240424-WA0016.jpg?20240424"!#"https://www.papsimmo.fr/properties/2024-042419-1/IMG-20240424-WA0034.jpg?20240424"!#"Photo-2024/042419-1-1"!#"Photo-2024/042419-1-2"!#"Photo-2024/042419-1-3"!#"Photo-2024/042419-1-4"!#"Photo-2024/042419-1-5"!#"Photo-2024/042419-1-7"!#"Photo-2024/042419-1-8"!#"Photo-2024/042419-1-9"!#"Photo-2024/042419-1-10"!#""!#""!#"06.77.31.26.39"!#"Denis DEHEZ 497036"!#"ddehez@papsimmo.fr"!#"40120"!#"SARBAZAN"!#""!#""!#"86"!#"24/04/2024"!#""!#""!#""!#""!#""!#""!#""!#""!#""!#""!#""!#""!#""!#""!#""!#""!#""!#""!#""!#""!#""!#""!#""!#""!#""!#""!#""!#""!#""!#""!#""!#""!#""!#""!#""!#""!#""!#""!#""!#""!#""!#""!#""!#""!#""!#""!#""!#""!#"0"!#"0"!#"https://www.papsimmo.fr/properties/2024-042419-1/IMG-20240424-WA0037.jpg?20240424"!#"https://www.papsimmo.fr/properties/2024-042419-1/IMG-20240323-WA0036.jpg?20240424"!#"https://www.papsimmo.fr/properties/2024-042419-1/IMG-20240323-WA0025.jpg?20240424"!#"https://www.papsimmo.fr/properties/2024-042419-1/IMG-20240323-WA0034.jpg?20240424"!#"https://www.papsimmo.fr/properties/2024-042419-1/IMG-20240424-WA0041.jpg?20240424"!#"https://www.papsimmo.fr/properties/2024-042419-1/IMG-20240424-WA0050.jpg?20240424"!#"https://www.papsimmo.fr/properties/2024-042419-1/Capture-d-ecran-2024-03-27-083151.jpg?20240424"!#""!#""!#""!#""!#""!#"0"!#"VI"!#"0"!#"VI"!#""!#""!#""!#""!#""!#""!#""!#""!#""!#"0"!#"0"!#"0"!#"0"!#""!#""!#""!#""!#""!#""!#""!#""!#""!#""!#""!#""!#""!#""!#""!#""!#""!#""!#""!#""!#""!#""!#""!#""!#""!#""!#""!#""!#""!#""!#""!#""!#""!#""!#""!#""!#""!#""!#""!#""!#""!#""!#""!#""!#""!#""!#""!#""!#""!#""!#""!#""!#""!#""!#""!#""!#""!#""!#""!#""!#""!#""!#""!#""!#""!#""!#""!#"0.00"!#""!#""!#""!#""!#""!#""!#""!#""!#""!#""!#""!#""!#""!#"Photo-2024/042419-1-10"!#"Photo-2024/042419-1-11"!#"Photo-2024/042419-1-12"!#"Photo-2024/042419-1-13"!#"Photo-2024/042419-1-14"!#"Photo-2024/042419-1-15"!#"Photo-2024/042419-1-16"!#""!#""!#""!#""!#""!#""!#""!#""!#""!#""!#""!#""!#""!#""!#""!#""!#""!#""!#""!#""!#"4.11"!#""!#""!#""!#""!#""!#""!#""!#""!#""!#""!#""!#""!#""!#""!#""!#""!#""!#""!#""!#""!#""!#""!#""!#""!#"0"!#"0"!#""!#""!#""!#""!#""!#""
"papsimmo"!#"2024/050446-1"!#"vente"!#"Maison"!#"40000"!#"MONT-DE-MARSAN"!#"France"!#"6 rue André DUSSEL"!#""!#""!#"329000"!#""!#""!#""!#""!#"167"!#"862"!#"8"!#"5"!#"Maison contemporaine avec appartement T2 attenant"!#"Située dans un quartier paisible et sans vis-à-vis, cette propriété offre un cadre de vie idéal pour toute la famille, à proximité de toutes les commodités.<br>À votre arrivée, vous serez accueilli par une cuisine équipée moderne, ouverte sur un vaste salon-séjour baigné de lumière, créant un espace convivial et chaleureux pour vos moments de détente et de partage en famille ou entre amis.<br>Au total, vous bénéficierez de 4 chambres, dont une somptueuse suite parentale. Cette dernière est un véritable havre de paix, équipée d'une salle de bain luxueuse avec douche à l'italienne, meuble double vasque, baignoire, toilette, un espace dressing et même une mezzanine, offrant un confort et une intimité incomparables.<br>Une salle d'eau supplémentaire avec douche et lavabo ainsi qu'une toilette séparée viennent compléter cette maison pour votre plus grand confort.<br>Mais ce n'est pas tout ! Cette maison offre également un appartement T2 attenant, idéal pour recevoir des invités, un rapprochement familial ou pour générer un revenu locatif supplémentaire. Ce dernier comprend un séjour lumineux, une chambre avec salle d'eau privative, un grand cellier et une entrée séparée pour une indépendance totale.<br>Cette propriété a bénéficié d'une belle rénovation en 2022, avec des matériaux de qualité, garantissant un intérieur élégant et moderne. Vous apprécierez également le confort supplémentaire apporté par la climatisation réversible et le poêle à pellet.<br>À l'extérieur, un terrain clôturé de 862 m² vous attend, offrant un espace extérieur privilégié pour vos moments de détente et de loisirs en famille. De plus, la possibilité de construire une piscine ajoutera une touche de luxe supplémentaire à votre vie quotidienne.Prix : 329 000€<br>Contact : 06.77.31.26.39 ou ddehez@papsimmo.fr<br>Les informations sur les risques auxquels, ce bien est exposé sont disponibles sur le site Géorisques : www.georisques.gouv.fr"!#""!#""!#"0"!#""!#""!#"1986"!#""!#"1"!#""!#"3"!#"0"!#"16384"!#""!#"0"!#"0"!#"0"!#"1"!#"0"!#""!#"0"!#"0"!#""!#"0"!#"0"!#"0"!#"0"!#"1"!#""!#""!#""!#""!#""!#""!#""!#""!#""!#""!#""!#""!#"0"!#"0"!#"0"!#"0"!#"0"!#"0"!#"0"!#"0"!#"0"!#"0"!#"0"!#"0"!#"0"!#"0"!#"0"!#"0"!#"0"!#"0"!#""!#""!#"0"!#"SI"!#"0"!#"0"!#"https://www.papsimmo.fr/properties/2024-050446-1/IMG-20240504-WA0030.jpg?20240504"!#"https://www.papsimmo.fr/properties/2024-050446-1/IMG-20240504-WA0024.jpg?20240504"!#"https://www.papsimmo.fr/properties/2024-050446-1/IMG-20240504-WA0083.jpg?20240504"!#"https://www.papsimmo.fr/properties/2024-050446-1/IMG-20240504-WA0079.jpg?20240504"!#"https://www.papsimmo.fr/properties/2024-050446-1/IMG-20240504-WA0075.jpg?20240504"!#"https://www.papsimmo.fr/properties/2024-050446-1/IMG-20240504-WA0073.jpg?20240504"!#"https://www.papsimmo.fr/properties/2024-050446-1/IMG-20240504-WA0062.jpg?20240504"!#"https://www.papsimmo.fr/properties/2024-050446-1/IMG-20240504-WA0053.jpg?20240504"!#"https://www.papsimmo.fr/properties/2024-050446-1/IMG-20240504-WA0057.jpg?20240504"!#"Photo-2024/050446-1-1"!#"Photo-2024/050446-1-2"!#"Photo-2024/050446-1-3"!#"Photo-2024/050446-1-4"!#"Photo-2024/050446-1-5"!#"Photo-2024/050446-1-7"!#"Photo-2024/050446-1-8"!#"Photo-2024/050446-1-9"!#"Photo-2024/050446-1-10"!#""!#""!#"06.77.31.26.39"!#"Denis DEHEZ 497036"!#"ddehez@papsimmo.fr"!#"40000"!#"MONT-DE-MARSAN"!#""!#""!#"98"!#"04/05/2024"!#""!#""!#""!#""!#""!#""!#""!#""!#""!#""!#""!#""!#""!#""!#""!#""!#""!#""!#""!#""!#""!#""!#""!#""!#""!#""!#""!#""!#""!#""!#""!#""!#""!#""!#""!#""!#""!#""!#""!#""!#""!#""!#""!#""!#""!#""!#""!#""!#"0"!#"0"!#"https://www.papsimmo.fr/properties/2024-050446-1/IMG-20240504-WA0059.jpg?20240504"!#"https://www.papsimmo.fr/properties/2024-050446-1/IMG-20240504-WA0051.jpg?20240504"!#"https://www.papsimmo.fr/properties/2024-050446-1/IMG-20240504-WA0040.jpg?20240504"!#"https://www.papsimmo.fr/properties/2024-050446-1/IMG-20240504-WA0049.jpg?20240504"!#"https://www.papsimmo.fr/properties/2024-050446-1/IMG-20240504-WA0084.jpg?20240504"!#"https://www.papsimmo.fr/properties/2024-050446-1/IMG-20240504-WA0005.jpg?20240504"!#"https://www.papsimmo.fr/properties/2024-050446-1/IMG-20240504-WA0008.jpg?20240504"!#""!#""!#""!#""!#""!#"98"!#"B"!#"3"!#"A"!#""!#""!#""!#""!#""!#""!#""!#""!#""!#"0"!#"0"!#"0"!#"0"!#""!#""!#""!#""!#""!#""!#""!#""!#""!#""!#""!#""!#""!#""!#""!#""!#""!#""!#""!#""!#""!#""!#""!#""!#""!#""!#""!#""!#""!#""!#""!#""!#""!#""!#""!#""!#""!#""!#""!#""!#""!#""!#""!#""!#""!#""!#""!#""!#""!#""!#""!#""!#""!#""!#""!#""!#""!#""!#""!#""!#""!#""!#""!#""!#""!#""!#""!#"0.00"!#""!#""!#""!#""!#""!#""!#""!#""!#""!#""!#""!#""!#""!#"Photo-2024/050446-1-10"!#"Photo-2024/050446-1-11"!#"Photo-2024/050446-1-12"!#"Photo-2024/050446-1-13"!#"Photo-2024/050446-1-14"!#"Photo-2024/050446-1-15"!#"Photo-2024/050446-1-16"!#""!#""!#""!#""!#""!#""!#""!#""!#""!#""!#""!#""!#""!#""!#""!#""!#""!#""!#""!#""!#"4.11"!#""!#""!#""!#""!#""!#""!#""!#""!#""!#""!#""!#""!#""!#""!#""!#""!#""!#""!#""!#""!#""!#""!#"25/04/2024"!#""!#"970"!#"1400"!#"01/01/2021"!#""!#""!#""!#""!#""
"papsimmo"!#"2024/061303-1"!#"vente"!#"Maison"!#"40170"!#"SAINT-JULIEN-EN-BORN"!#"France"!#"14 rue des Hournails"!#""!#""!#"690000"!#""!#""!#""!#""!#"210"!#"554"!#"8"!#"5"!#"Maison récente 2020"!#"Découvrez cette superbe maison contemporaine à Mimizan-plage, idéale pour une famille en quête de tranquillité et de confort. <br>Avec un grand séjour ouvert sur une cuisine moderne, cinq chambres spacieuses, une salle de jeux, un atelier pratique, une salle d'eau avec WC, un cellier et un garage avec buanderie et arrière-cuisine, cette maison a tout pour plaire. <br>Son terrain paysagé de 554 m² comprend une piscine et une grande terrasse en bois, parfaite pour profiter du beau temps. Les nombreuses fenêtres et baies vitrées offrent une vue imprenable sur le jardin, créant une ambiance chaleureuse et conviviale. <br>Son architecture contemporaine et épurée lui confère un style élégant et sophistiqué, parfait pour les amateurs de modernité. <br>Située dans un quartier résidentiel calme et familial, cette maison est un havre de paix. <br>De plus, sa proximité avec l'océan, les commerces et les activités de loisirs de Mimizan-plage en fait un lieu de vie idéal pour toute la famille. Ne manquez pas cette opportunité exceptionnelle de vivre dans un cadre d'exception.<br>Taxe foncière : 935 €Prix : 690 000 € <br>Contact : 06.77.31.26.39 ou ddehez@papsimmo.frLes informations sur les risques auxquels, ce bien est exposé sont disponibles sur le site Géorisques : www.georisques.gouv.fr"!#""!#""!#"1"!#""!#""!#"2020"!#""!#"0"!#""!#"2"!#"0"!#""!#""!#"0"!#"0"!#"0"!#"1"!#"0"!#""!#"0"!#"0"!#""!#"0"!#"0"!#"0"!#"0"!#"1"!#""!#""!#""!#""!#""!#""!#""!#""!#""!#""!#""!#""!#"0"!#"0"!#"0"!#"0"!#"0"!#"0"!#"0"!#"0"!#"0"!#"0"!#"0"!#"0"!#"0"!#"0"!#"0"!#"0"!#"0"!#"0"!#""!#""!#"0"!#"SI"!#"0"!#"0"!#"https://www.papsimmo.fr/properties/2024-061303-1/IMG-20240613-WA0008.jpg?20240613"!#"https://www.papsimmo.fr/properties/2024-061303-1/IMG-20240613-WA0015.jpg?20240613"!#"https://www.papsimmo.fr/properties/2024-061303-1/IMG-20240613-WA0022.jpg?20240613"!#"https://www.papsimmo.fr/properties/2024-061303-1/WhatsApp-Image-2024-06-12-a-19-35-28-9451ef1e.jpg?20240613"!#"https://www.papsimmo.fr/properties/2024-061303-1/IMG-20240613-WA0018.jpg?20240613"!#"https://www.papsimmo.fr/properties/2024-061303-1/IMG-20240613-WA0012.jpg?20240613"!#"https://www.papsimmo.fr/properties/2024-061303-1/IMG-20240613-WA0016.jpg?20240613"!#"https://www.papsimmo.fr/properties/2024-061303-1/IMG-20240613-WA0017.jpg?20240613"!#""!#"Photo-2024/061303-1-1"!#"Photo-2024/061303-1-2"!#"Photo-2024/061303-1-3"!#"Photo-2024/061303-1-4"!#"Photo-2024/061303-1-5"!#"Photo-2024/061303-1-7"!#"Photo-2024/061303-1-8"!#""!#""!#""!#""!#"06.77.31.26.39"!#"Denis DEHEZ 497036"!#"ddehez@papsimmo.fr"!#"40170"!#"SAINT-JULIEN-EN-BORN"!#""!#""!#"108"!#"13/06/2024"!#""!#""!#""!#""!#""!#""!#""!#""!#""!#""!#""!#""!#""!#""!#""!#""!#""!#""!#""!#""!#""!#""!#""!#""!#""!#""!#""!#""!#""!#""!#""!#""!#""!#""!#""!#""!#""!#""!#""!#""!#""!#""!#""!#""!#""!#""!#""!#""!#"0"!#"0"!#""!#""!#""!#""!#""!#""!#""!#""!#""!#""!#""!#""!#"30"!#"A"!#"1"!#"A"!#""!#""!#""!#""!#""!#""!#""!#""!#""!#"0"!#"0"!#"0"!#"0"!#""!#""!#""!#""!#""!#""!#""!#""!#""!#""!#""!#""!#""!#""!#""!#""!#""!#""!#""!#""!#""!#""!#""!#""!#""!#""!#""!#""!#""!#""!#""!#""!#""!#""!#""!#""!#""!#""!#""!#""!#""!#""!#""!#""!#""!#""!#""!#""!#""!#""!#""!#""!#""!#""!#""!#""!#""!#""!#""!#""!#""!#""!#""!#""!#""!#""!#""!#"0.00"!#""!#""!#""!#""!#""!#""!#""!#""!#""!#""!#""!#""!#""!#""!#""!#""!#""!#""!#""!#""!#""!#""!#""!#""!#""!#""!#""!#""!#""!#""!#""!#""!#""!#""!#""!#""!#""!#""!#""!#""!#"4.11"!#""!#""!#""!#""!#""!#""!#""!#""!#""!#""!#""!#""!#""!#""!#""!#""!#""!#""!#""!#""!#""!#""!#"28/03/2024"!#""!#"430"!#"650"!#"01/01/2021"!#""!#""!#""!#""!#""
"papsimmo"!#"2024/082831-1"!#"vente"!#"Terrain"!#"40000"!#"MONT-DE-MARSAN"!#"France"!#"500 avenue Eloi DUCOM"!#""!#""!#"349000"!#""!#""!#""!#""!#"0"!#"873"!#"0"!#"0"!#"Terrain constructible à proximité de l'Hyper Centre de Mont-de-Marsan"!#"À seulement quelques pas du cœur de Mont-de-Marsan, découvrez ce superbe terrain plat de 873 m², idéal pour les promoteurs, marchands de biens, et également accessible aux particuliers souhaitant construire leur propre maison individuelle. Ce terrain constitue une occasion rare de développer un projet immobilier ambitieux ou de bâtir la maison de vos rêves dans une zone urbaine dynamique.Caractéristiques principales : Dimensions idéales : 19,91 m de largeur sur 44 m de longueur, offrant un cadre parfait pour une construction collective de qualité ou une maison individuelle spacieuse. Zonage : Classé en zone urbaine (U), avec des possibilités de construction attractives pour tous types de projets. Implantation : Les constructions peuvent être implantées à 0 à 5 m de la limite d’emprise publique, avec une hauteur maximale de R+3+attique sur les boulevards élargis. Si un bâtiment plus élevé se trouve dans un rayon de 150 m, il est possible d’atteindre cette hauteur. Marges latérales : Un retrait minimum de 3 m est requis par rapport aux limites séparatives latérales, garantissant ainsi de l'espace et de la luminosité pour chaque projet. Emprise au sol : Jusqu'à 80% d'emprise au sol, offrant une grande flexibilité pour vos projets architecturaux.<br><br>Possibilité d'agrandir jusqu'à 1 424 m² de terrain, avec une maison d'habitation et dépendance.Ce terrain, situé dans une zone en pleine évolution, est l'opportunité parfaite pour une petite opération de promotion immobilière, l'édification d'un ensemble collectif, ou la construction de votre maison individuelle. Ne manquez pas cette occasion unique de participer au développement de Mont-de-Marsan ou de réaliser votre projet de vie.Prix : 349 000€"!#""!#""!#"0"!#""!#""!#""!#""!#"0"!#""!#"0"!#"0"!#""!#""!#"0"!#"0"!#"0"!#"1"!#"0"!#""!#"0"!#"0"!#""!#"0"!#"0"!#"0"!#"0"!#"0"!#""!#""!#""!#""!#""!#""!#""!#""!#""!#""!#""!#""!#"0"!#"0"!#"0"!#"0"!#"0"!#"0"!#"0"!#"0"!#"0"!#"0"!#"0"!#"0"!#"0"!#"0"!#"0"!#"0"!#"0"!#"0"!#""!#""!#"0"!#"SI"!#"0"!#"0"!#"https://www.papsimmo.fr/properties/2024-082831-1/IMG-20240826-WA0052.jpg?20240828"!#"https://www.papsimmo.fr/properties/2024-082831-1/IMG-20240826-WA0051.jpg?20240828"!#"https://www.papsimmo.fr/properties/2024-082831-1/IMG-20240826-WA0050.jpg?20240828"!#""!#""!#""!#""!#""!#""!#"Photo-2024/082831-1-1"!#"Photo-2024/082831-1-2"!#"Photo-2024/082831-1-3"!#""!#""!#""!#""!#""!#""!#""!#""!#"06.77.31.26.39"!#"Denis DEHEZ 497036"!#"ddehez@papsimmo.fr"!#"40000"!#"MONT-DE-MARSAN"!#""!#""!#"112"!#"28/08/2024"!#""!#""!#""!#""!#""!#""!#""!#""!#""!#""!#""!#""!#""!#""!#""!#""!#""!#""!#""!#""!#""!#""!#""!#""!#""!#""!#""!#""!#""!#""!#""!#""!#""!#""!#""!#""!#""!#""!#""!#""!#""!#""!#""!#""!#""!#""!#""!#""!#"0"!#"0"!#""!#""!#""!#""!#""!#""!#""!#""!#""!#""!#""!#""!#"0"!#"NS"!#"0"!#"NS"!#""!#""!#""!#""!#""!#""!#""!#""!#""!#"0"!#"0"!#"0"!#"0"!#""!#""!#""!#""!#""!#""!#""!#""!#""!#""!#""!#""!#""!#""!#""!#""!#""!#""!#""!#""!#""!#""!#""!#""!#""!#""!#""!#""!#""!#""!#""!#""!#""!#""!#""!#""!#""!#""!#""!#""!#""!#""!#""!#""!#""!#""!#""!#""!#""!#""!#""!#""!#""!#""!#""!#""!#""!#""!#""!#""!#""!#""!#""!#""!#""!#""!#""!#"0.00"!#""!#""!#""!#""!#""!#""!#""!#""!#""!#""!#""!#""!#""!#""!#""!#""!#""!#""!#""!#""!#""!#""!#""!#""!#""!#""!#""!#""!#""!#""!#""!#""!#""!#""!#""!#""!#""!#""!#""!#""!#"4.11"!#""!#""!#""!#""!#""!#""!#""!#""!#""!#""!#""!#""!#""!#""!#""!#""!#""!#""!#""!#""!#""!#""!#""!#""!#"0"!#"0"!#""!#""!#""!#""!#""!#""
"papsimmo"!#"2024/082817-1"!#"vente"!#"Maison"!#"40000"!#"MONT-DE-MARSAN"!#"France"!#"1549, chemin de Thore"!#""!#""!#"244900"!#""!#""!#""!#""!#"147"!#"920"!#"6"!#"4"!#"Maison traditionnelle avec sous-sol sur terrain de 920 m²"!#"VOTRE HAVRE DE PAIX EN BORD DE RIVIÈRE<br> Située à deux pas du charmant chemin de Halage, le long des rives pittoresques de la Midouze, cette maison construite en 1981 offre un cadre de vie exceptionnel, mêlant confort moderne et sérénité.Une maison lumineuse et accueillante :Séjour spacieux et lumineux : Dès l'entrée, laissez-vous séduire par le vaste séjour de 42 m², baigné de lumière naturelle grâce à ses larges baies vitrées. Équipé de volets roulants électriques solaires, il allie confort et économie d'énergie, tout en offrant une vue apaisante sur le jardin.Cuisine contemporaine : Entièrement aménagée et équipée, cette cuisine fonctionnelle allie praticité et design pour répondre à vos envies culinaires.Espaces nuit confortables :À l'étage principal : Deux grandes chambres chaleureuses, une salle d'eau moderne, une salle de bain supplémentaire et un WC indépendant.Au sous-sol aménagé : Deux chambres supplémentaires idéales pour accueillir la famille ou les invités, une salle d'eau avec WC, ainsi qu'un dressing pratique .Sous-sol multifonction :Un garage spacieux de 58 m², parfait pour abriter vos véhicules, créez un espace atelier ou aménager selon vos besoins. Ce sous-sol offre également un espace modulable pour vos projets personnels ou professionnels.Un cadre verdoyant et apaisant :L'ensemble est conçu sur un terrain paysager de 920 m², véritable écrin de verdure où se mêlent détente et nature. Profitez de moments en plein air dans ce jardin intime, parfait pour des repas en famille ou des après-midis au soleil.Un emplacement privilégié :À seulement quelques pas des promenades bucoliques de la Midouze et à proximité des commodités, cette propriété allie le charme d'une vie paisible et la praticité d'un accès rapide à toutes les infrastructures essentielles.Informations pratiques :Taxe foncière : 1468 €Prix ​​: 244 900 €Un équilibre parfait entre charme, confort et emplacement de choix. Cette maison n'attend plus que vous pour écrire une nouvelle histoire."!#""!#""!#"1"!#""!#""!#"1981"!#""!#"1"!#""!#"2"!#"0"!#"640"!#""!#"0"!#"0"!#"0"!#"1"!#"1"!#""!#"0"!#"0"!#""!#"0"!#"0"!#"0"!#"0"!#"1"!#""!#""!#""!#""!#""!#""!#""!#""!#""!#""!#""!#""!#"0"!#"0"!#"0"!#"0"!#"0"!#"0"!#"0"!#"0"!#"0"!#"0"!#"0"!#"0"!#"0"!#"0"!#"0"!#"0"!#"0"!#"0"!#""!#""!#"0"!#"SI"!#"0"!#"0"!#"https://www.papsimmo.fr/properties/2024-082817-1/401-534-290524092913-HEIC.jpg?20241209"!#"https://www.papsimmo.fr/properties/2024-082817-1/IMG-20240828-WA0004.jpg?20241209"!#"https://www.papsimmo.fr/properties/2024-082817-1/IMG-20240828-WA0011.jpg?20240828"!#"https://www.papsimmo.fr/properties/2024-082817-1/IMG-20240828-WA0027.jpg?20240828"!#"https://www.papsimmo.fr/properties/2024-082817-1/IMG-20240828-WA0026.jpg?20240828"!#"https://www.papsimmo.fr/properties/2024-082817-1/IMG-20240828-WA0017.jpg?20240828"!#"https://www.papsimmo.fr/properties/2024-082817-1/IMG-20240828-WA0018.jpg?20240828"!#"https://www.papsimmo.fr/properties/2024-082817-1/IMG-20240828-WA0008.jpg?20240828"!#"https://www.papsimmo.fr/properties/2024-082817-1/IMG-20240828-WA0014.jpg?20241209"!#"Photo-2024/082817-1-1"!#"Photo-2024/082817-1-2"!#"Photo-2024/082817-1-3"!#"Photo-2024/082817-1-4"!#"Photo-2024/082817-1-5"!#"Photo-2024/082817-1-7"!#"Photo-2024/082817-1-8"!#"Photo-2024/082817-1-9"!#""!#""!#""!#"06.77.31.26.39"!#"Denis DEHEZ 497036"!#"ddehez@papsimmo.fr"!#"40000"!#"MONT-DE-MARSAN"!#""!#""!#"113"!#"28/08/2024"!#""!#""!#""!#""!#""!#""!#""!#""!#""!#""!#""!#""!#""!#""!#""!#""!#""!#""!#""!#""!#""!#""!#""!#""!#""!#""!#""!#""!#""!#""!#""!#""!#""!#""!#""!#""!#""!#""!#""!#""!#""!#""!#""!#""!#""!#""!#""!#""!#"0"!#"0"!#""!#""!#""!#""!#""!#""!#""!#""!#""!#""!#""!#""!#"261"!#"E"!#"51"!#"B"!#""!#""!#""!#""!#""!#""!#""!#""!#""!#"0"!#"0"!#"0"!#"0"!#""!#""!#""!#""!#""!#""!#""!#""!#""!#""!#""!#""!#""!#""!#""!#""!#""!#""!#""!#""!#""!#""!#""!#""!#""!#""!#""!#""!#""!#""!#""!#""!#""!#""!#""!#""!#""!#""!#""!#""!#""!#""!#""!#""!#""!#""!#""!#""!#""!#""!#""!#""!#""!#""!#""!#""!#""!#""!#""!#""!#""!#""!#""!#""!#""!#""!#""!#"0.00"!#""!#""!#""!#""!#""!#""!#""!#""!#""!#""!#""!#""!#""!#""!#""!#""!#""!#""!#""!#""!#""!#""!#""!#""!#""!#""!#""!#""!#""!#""!#""!#""!#""!#""!#""!#""!#""!#""!#""!#""!#"4.11"!#""!#""!#""!#""!#""!#""!#""!#""!#""!#""!#""!#""!#""!#""!#""!#""!#""!#""!#""!#""!#""!#""!#""!#""!#"2436"!#"3296"!#"01/01/2021"!#""!#""!#""!#""!#""
"papsimmo"!#"2024/100149-1"!#"vente"!#"Appartement"!#"40000"!#"MONT-DE-MARSAN"!#"France"!#"3 place Abbé BORDES"!#""!#""!#"89000"!#""!#""!#""!#""!#"42"!#"217"!#"2"!#"1"!#"Appartement T2 Idéal Investissement ou Premier Achat !"!#"Situé en plein cœur de Mont de Marsan, au 3e étage d'un immeuble sans ascenseur, cet appartement T2 de 43 m² est une véritable opportunité à ne pas manquer ! Que vous soyez investisseur à la recherche d'un bien à fort potentiel locatif (long terme ou Airbnb) ou un primo-accédant en quête de votre premier chez-vous.<br>L'appartement dispose d'un séjour lumineux avec cuisine ouverte, parfait pour vos moments de détente. Il comprend également un coin chambre agréable et cosy, une salle d'eau avec douche, lavabo, sèche-serviettes, un espace pour la machine à laver, ainsi qu'un coin WC.<br>Situé dans un quartier dynamique, à proximité immédiate des commerces, restaurants et services, cet appartement bénéficie d'un emplacement idéal en hypercentre.<br>Parfait pour un investissement locatif ou pour un premier achat, ce bien offre une belle opportunité à saisir.<br>Taxe foncière : 895€<br>Bien soumis au statut juridique de la copropriété : 625€/anPrix : 89 000€"!#""!#""!#"3"!#""!#""!#""!#""!#"0"!#""!#"1"!#"0"!#""!#""!#"0"!#"0"!#"0"!#"1"!#"0"!#""!#"0"!#"0"!#""!#"0"!#"0"!#"0"!#"0"!#"0"!#""!#""!#""!#""!#""!#""!#""!#""!#""!#""!#""!#""!#"0"!#"0"!#"0"!#"0"!#"0"!#"0"!#"0"!#"0"!#"0"!#"0"!#"0"!#"0"!#"0"!#"0"!#"0"!#"0"!#"0"!#"0"!#""!#""!#"0"!#"SI"!#"0"!#"0"!#"https://www.papsimmo.fr/properties/2024-100149-1/IMG-20241007-WA0025.jpg?20241007"!#"https://www.papsimmo.fr/properties/2024-100149-1/IMG-20241007-WA0014.jpg?20241007"!#"https://www.papsimmo.fr/properties/2024-100149-1/IMG-20241007-WA0019.jpg?20241007"!#"https://www.papsimmo.fr/properties/2024-100149-1/IMG-20241007-WA0023.jpg?20241007"!#"https://www.papsimmo.fr/properties/2024-100149-1/IMG-20241007-WA0012.jpg?20241007"!#"https://www.papsimmo.fr/properties/2024-100149-1/IMG-20241007-WA0015.jpg?20241007"!#""!#""!#""!#"Photo-2024/100149-1-1"!#"Photo-2024/100149-1-2"!#"Photo-2024/100149-1-3"!#"Photo-2024/100149-1-4"!#"Photo-2024/100149-1-5"!#""!#""!#""!#""!#""!#""!#"06.77.31.26.39"!#"Denis DEHEZ 497036"!#"ddehez@papsimmo.fr"!#"40000"!#"MONT-DE-MARSAN"!#""!#""!#"115"!#"01/10/2024"!#""!#""!#""!#""!#""!#""!#""!#""!#""!#""!#""!#""!#""!#""!#""!#""!#""!#""!#""!#""!#""!#""!#""!#""!#""!#""!#""!#""!#""!#""!#""!#""!#""!#""!#""!#""!#""!#""!#""!#""!#""!#""!#""!#""!#""!#""!#""!#""!#"0"!#"0"!#""!#""!#""!#""!#""!#""!#""!#""!#""!#""!#""!#""!#"318"!#"E"!#"10"!#"B"!#""!#""!#""!#""!#""!#""!#""!#""!#""!#"0"!#"0"!#"0"!#"0"!#""!#""!#""!#""!#""!#""!#""!#""!#""!#""!#""!#""!#""!#""!#""!#""!#""!#""!#""!#""!#""!#""!#""!#""!#""!#""!#""!#""!#""!#""!#""!#""!#""!#""!#""!#""!#""!#""!#""!#""!#""!#""!#""!#""!#""!#""!#""!#""!#""!#""!#""!#""!#""!#""!#""!#""!#""!#""!#""!#""!#""!#""!#""!#""!#""!#"1"!#""!#"625.00"!#""!#""!#""!#""!#""!#""!#""!#""!#""!#""!#""!#""!#""!#""!#""!#""!#""!#""!#""!#""!#""!#""!#""!#""!#""!#""!#""!#""!#""!#""!#""!#""!#""!#""!#""!#""!#""!#""!#""!#""!#"4.11"!#""!#""!#""!#""!#""!#""!#""!#""!#""!#""!#""!#""!#""!#""!#""!#""!#""!#""!#""!#""!#""!#""!#"03/10/2024"!#""!#"1066"!#"1442"!#"01/01/2023"!#""!#""!#""!#""!#""
"papsimmo"!#"2024/100851-1"!#"vente"!#"Maison"!#"40360"!#"POMAREZ"!#"France"!#"chemin du Gert"!#""!#""!#"282000"!#""!#""!#""!#""!#"174"!#"1786"!#"6"!#"3"!#"Ensemble immobilier grande Maison et dépendances"!#"🏡 Opportunité rare : Maison au calme avec grand potentiel pour projet familial ou logements multiples !🌿Dans un environnement paisible, découvrez cet ensemble immobilier parfait pour accueillir plusieurs familles ou créer un projet de vie commune. Déjà équipé de deux compteurs séparés, cette propriété offre de nombreuses possibilités d'aménagement.<br>Le premier logement est un T4 de plain-pied, avec une pièce de vie lumineuse de 50 m², trois chambres, salle d'eau, WC, entièrement rénovée, prêt à vous accueillir. <br>Le deuxième logement, à terminer, vous permet de personnaliser selon vos envies.<br>Les dépendances attenantes sont également aménageables, offrant encore plus de potentiel.<br>Tout a été pensé pour votre confort : électricité, toiture, assainissement et menuiserie ont été complètement rénovés. Il ne vous reste plus qu'à imaginer l'agencement parfait pour vos besoins.<br>Le tout sur un terrain de 1786 m² sans vis-à-vis.<br>Taxe foncière : 597€Prix : 282 000€"!#""!#""!#"0"!#""!#""!#"1902"!#""!#"0"!#""!#"2"!#"0"!#""!#""!#"0"!#"0"!#"0"!#"1"!#"0"!#""!#"0"!#"0"!#""!#"0"!#"0"!#"0"!#"0"!#"1"!#""!#""!#""!#""!#""!#""!#""!#""!#""!#""!#""!#""!#"0"!#"0"!#"0"!#"0"!#"0"!#"0"!#"0"!#"0"!#"0"!#"0"!#"0"!#"0"!#"0"!#"0"!#"0"!#"0"!#"0"!#"0"!#""!#""!#"0"!#"SI"!#"0"!#"0"!#"https://www.papsimmo.fr/properties/2024-100851-1/0zj1j8ol7ztryx5yxiym3mnrqsrullnnr8kypo8ps.jpg?20241008"!#"https://www.papsimmo.fr/properties/2024-100851-1/0aehw4z3t5c48awocc70jdo73zlu49j8qd410f9r4.jpg?20241008"!#"https://www.papsimmo.fr/properties/2024-100851-1/0a3cun4p624xulia16vlyjdpkr1qe7o18gr7dvu3k.jpg?20241008"!#"https://www.papsimmo.fr/properties/2024-100851-1/1j3i1vuewzp756agrwmsplxxrym4xcnr1hsaiy42o.jpg?20241008"!#"https://www.papsimmo.fr/properties/2024-100851-1/029j0fxgz2halvs8a8o1jziiqw6gh9m6iznm20nxc.jpg?20241008"!#"https://www.papsimmo.fr/properties/2024-100851-1/08talkij4wslsbzj5eipvmi63vk8htnae8vwk70o0.jpg?20241008"!#"https://www.papsimmo.fr/properties/2024-100851-1/223a02w8ipuatwvai0a5liw05ra4o8nk71mxib4tc.jpg?20241008"!#""!#""!#"Photo-2024/100851-1-1"!#"Photo-2024/100851-1-2"!#"Photo-2024/100851-1-3"!#"Photo-2024/100851-1-4"!#"Photo-2024/100851-1-5"!#"Photo-2024/100851-1-7"!#""!#""!#""!#""!#""!#"06.77.31.26.39"!#"Denis DEHEZ 497036"!#"ddehez@papsimmo.fr"!#"40360"!#"POMAREZ"!#""!#""!#"119"!#"08/10/2024"!#""!#""!#""!#""!#""!#""!#""!#""!#""!#""!#""!#""!#""!#""!#""!#""!#""!#""!#""!#""!#""!#""!#""!#""!#""!#""!#""!#""!#""!#""!#""!#""!#""!#""!#""!#""!#""!#""!#""!#""!#""!#""!#""!#""!#""!#""!#""!#""!#"0"!#"0"!#""!#""!#""!#""!#""!#""!#""!#""!#""!#""!#""!#""!#"143"!#"C"!#"4"!#"A"!#""!#""!#""!#""!#""!#""!#""!#""!#""!#"0"!#"0"!#"0"!#"0"!#""!#""!#""!#""!#""!#""!#""!#""!#""!#""!#""!#""!#""!#""!#""!#""!#""!#""!#""!#""!#""!#""!#""!#""!#""!#""!#""!#""!#""!#""!#""!#""!#""!#""!#""!#""!#""!#""!#""!#""!#""!#""!#""!#""!#""!#""!#""!#""!#""!#""!#""!#""!#""!#""!#""!#""!#""!#""!#""!#""!#""!#""!#""!#""!#""!#""!#""!#"0.00"!#""!#""!#""!#""!#""!#""!#""!#""!#""!#""!#""!#""!#""!#""!#""!#""!#""!#""!#""!#""!#""!#""!#""!#""!#""!#""!#""!#""!#""!#""!#""!#""!#""!#""!#""!#""!#""!#""!#""!#""!#"4.11"!#""!#""!#""!#""!#""!#""!#""!#""!#""!#""!#""!#""!#""!#""!#""!#""!#""!#""!#""!#""!#""!#""!#"11/12/2023"!#""!#"1330"!#"1890"!#"01/01/2021"!#""!#""!#""!#""!#""
"papsimmo"!#"2024/101451-1"!#"vente"!#"Propriété"!#"40270"!#"GRENADE-SUR-L'ADOUR"!#"France"!#"route de bascons"!#""!#""!#"280000"!#""!#""!#""!#""!#"209"!#"2600"!#"9"!#"6"!#"Belle Propriété de 9 pièces"!#"Votre havre de paix familial à Grenade-sur-l'Adour<br>Coup de cœur assuré ! Cette magnifique propriété de neuf pièces, nichée sur un terrain arboré d'environ 2600 m², vous offre le meilleur des deux mondes : confort et charme authentique.<br>Au rez-de-chaussée : Un vaste séjour lumineux de 63m² baigné de soleil, une cuisine équipée récente de 30m², un espace nuit complet avec deux chambres, un bureau, une salle d'eau et WC, une véranda et une terrasse pour profiter pleinement de l'extérieur.<br>À l'étage : chambres spacieuses pour accueillir toute la famille, une salle de bain et WC indépendants<br>Les plus de cette propriété : Un sous-sol aménagé de 130m² avec garage, buanderie et cave à vin, un terrain paysagé avec de nombreux fruitiers, des prestations de qualité : chauffage électrique et bois, climatisation réversible, tout-à-l'égout, un environnement calme et verdoyant à proximité des commerces.<br>Pourquoi vous allez l'adorer ?<br>Espace et luminosité : Des pièces généreuses pour vivre en toute sérénité.<br>Confort moderne : Équipements récents et pratiques pour un quotidien facilité.<br>Extérieur : Un jardin arboré pour vos moments de détente et de loisirs.<br>Potentiel : Une maison à personnaliser selon vos envies.<br>Taxe Foncière : 2120 €Prix : 280 000€  "!#""!#""!#"1"!#""!#""!#""!#""!#"1"!#""!#"2"!#"0"!#""!#""!#"0"!#"0"!#"0"!#"1"!#"1"!#""!#"0"!#"0"!#""!#"0"!#"0"!#"0"!#"0"!#"1"!#""!#""!#""!#""!#""!#""!#""!#""!#""!#""!#""!#""!#"0"!#"0"!#"0"!#"0"!#"0"!#"0"!#"0"!#"0"!#"0"!#"0"!#"0"!#"0"!#"0"!#"0"!#"0"!#"0"!#"0"!#"0"!#""!#""!#"0"!#"SI"!#"0"!#"0"!#"https://www.papsimmo.fr/properties/2024-101451-1/IMG-20240826-WA0080.jpg?20241015"!#"https://www.papsimmo.fr/properties/2024-101451-1/IMG-20240826-WA0084.jpg?20241015"!#"https://www.papsimmo.fr/properties/2024-101451-1/IMG-20240826-WA0107.jpg?20241015"!#"https://www.papsimmo.fr/properties/2024-101451-1/IMG-20240826-WA0114.jpg?20241015"!#"https://www.papsimmo.fr/properties/2024-101451-1/IMG-20240826-WA0116.jpg?20241015"!#"https://www.papsimmo.fr/properties/2024-101451-1/IMG-20240826-WA0123.jpg?20241015"!#"https://www.papsimmo.fr/properties/2024-101451-1/IMG-20240826-WA0125.jpg?20241015"!#"https://www.papsimmo.fr/properties/2024-101451-1/IMG-20240826-WA0129.jpg?20241015"!#""!#"Photo-2024/101451-1-1"!#"Photo-2024/101451-1-2"!#"Photo-2024/101451-1-3"!#"Photo-2024/101451-1-4"!#"Photo-2024/101451-1-5"!#"Photo-2024/101451-1-7"!#"Photo-2024/101451-1-8"!#""!#""!#""!#""!#"06.77.31.26.39"!#"Denis DEHEZ 497036"!#"ddehez@papsimmo.fr"!#"40270"!#"GRENADE-SUR-L'ADOUR"!#""!#""!#"116"!#"14/10/2024"!#""!#""!#""!#""!#""!#""!#""!#""!#""!#""!#""!#""!#""!#""!#""!#""!#""!#""!#""!#""!#""!#""!#""!#""!#""!#""!#""!#""!#""!#""!#""!#""!#""!#""!#""!#""!#""!#""!#""!#""!#""!#""!#""!#""!#""!#""!#""!#""!#"0"!#"0"!#""!#""!#""!#""!#""!#""!#""!#""!#""!#""!#""!#""!#"233"!#"D"!#"7"!#"B"!#""!#""!#""!#""!#""!#""!#""!#""!#""!#"0"!#"0"!#"0"!#"0"!#""!#""!#""!#""!#""!#""!#""!#""!#""!#""!#""!#""!#""!#""!#""!#""!#""!#""!#""!#""!#""!#""!#""!#""!#""!#""!#""!#""!#""!#""!#""!#""!#""!#""!#""!#""!#""!#""!#""!#""!#""!#""!#""!#""!#""!#""!#""!#""!#""!#""!#""!#""!#""!#""!#""!#""!#""!#""!#""!#""!#""!#""!#""!#""!#""!#""!#""!#"0.00"!#""!#""!#""!#""!#""!#""!#""!#""!#""!#""!#""!#""!#""!#""!#""!#""!#""!#""!#""!#""!#""!#""!#""!#""!#""!#""!#""!#""!#""!#""!#""!#""!#""!#""!#""!#""!#""!#""!#""!#""!#"4.11"!#""!#""!#""!#""!#""!#""!#""!#""!#""!#""!#""!#""!#""!#""!#""!#""!#""!#""!#""!#""!#""!#""!#"25/01/2024"!#""!#"2790"!#"3840"!#"01/01/2021"!#""!#""!#""!#""!#""
"papsimmo"!#"2024/103113-1"!#"vente"!#"Immeuble"!#"40000"!#"MONT-DE-MARSAN"!#"France"!#"RUE TUDELA"!#""!#""!#"1166000"!#""!#""!#""!#""!#"1163"!#"6386"!#"60"!#"0"!#"Ensemble Immobilier Professionnel + terrain constructible"!#"Type de bien : Ensemble immobilier à usage professionnel​Surface totale : 1 163 m²​Terrain :  6386 dont 2 450 m² ​non bâtiAnnée de construction : 2004​État : Bon état général​<br>Composition :<br>Rez-de-chaussée : Accueil spacieux, 7 bureaux direction, 8 bureaux informatiques​, 2 espaces archives, 2 salles de réunion​,,5 bureaux​, 1 bureau comptable​, Réfectoire, Sanitaires, Circulations<br>Premier étage : 16 bureaux comptables​, 4 bureaux conseils, 3 salles de réunion,5 bureaux sociaux​, Espace accueil, Sanitaires, Circulations<br>Extérieur : 62 places de parking privatif​, Terrain engazonné à l'arrière, idéal pour les pauses déjeuner​<br>Avantages :<br>Luminosité : Bâtiment lumineux avec de grandes fenêtres​, Modernité : Architecture moderne avec panneaux composites et toiture-terrasse​, Parking : 62 emplacements de parking privatifs​, Modularité : Espaces modulables grâce aux cloisons amovibles, Possibilité d'extension : Terrain permettant une construction supplémentaire​<br><br>Situation urbanistique : Parcelles situées en zone U du PLUI de l'Agglomération de Mont de Marsan, Emprise au sol maximum de 80%, Possibilité de construire un bâtiment en R+3+attique<br><br>Situation Géographique : Proximité : Situé à 2,2 km à l'ouest de Mont de Marsan, Quartier : Quartier résidentiel et commercial<br>Services à Proximité : Mairie, établissements scolaires, EHPAD, centre médico-social, Réseau de transports en commun, hypermarchés, supermarchés, cinéma, commerces de proximité, Hôpitaux, cliniques, stade de rugby, arènes, gare ferroviaire à moins de 10 minutes en voiture​, Aéroports de Biarritz (114 km), Pau (84 km)​, Bordeaux (129 km), Centre commercial du GRAND MOUN avec enseignes locales et internationales, fast-foods et restaurants​.<br><br>Prix : 1 166 000€"!#""!#""!#"1"!#""!#""!#"2004"!#""!#"0"!#""!#"0"!#"0"!#""!#""!#"0"!#"0"!#"0"!#"1"!#"0"!#""!#"0"!#"0"!#""!#"0"!#"0"!#"0"!#"0"!#"0"!#""!#""!#""!#""!#""!#""!#""!#""!#""!#""!#""!#""!#"0"!#"0"!#"0"!#"0"!#"0"!#"0"!#"0"!#"0"!#"0"!#"0"!#"0"!#"0"!#"0"!#"0"!#"0"!#"0"!#"0"!#"0"!#""!#""!#"0"!#"SI"!#"0"!#"0"!#"https://www.papsimmo.fr/properties/2024-103113-1/S8Zrb-u9SWy5HlO6Dh6Trw.jpg?20241031"!#"https://www.papsimmo.fr/properties/2024-103113-1/Logo600-original-fondBlanc.jpg?20241031"!#"https://www.papsimmo.fr/properties/2024-103113-1/reussir-son-investissement-immobilier.jpg?20241031"!#""!#""!#""!#""!#""!#""!#"Photo-2024/103113-1-1"!#"Photo-2024/103113-1-2"!#"Photo-2024/103113-1-3"!#""!#""!#""!#""!#""!#""!#""!#""!#"06.77.31.26.39"!#"Denis DEHEZ 497036"!#"ddehez@papsimmo.fr"!#"40000"!#"MONT-DE-MARSAN"!#""!#""!#"124"!#"31/10/2024"!#""!#""!#""!#""!#""!#""!#""!#""!#""!#""!#""!#""!#""!#""!#""!#""!#""!#""!#""!#""!#""!#""!#""!#""!#""!#""!#""!#""!#""!#""!#""!#""!#""!#""!#""!#""!#""!#""!#""!#""!#""!#""!#""!#""!#""!#""!#""!#""!#"0"!#"0"!#""!#""!#""!#""!#""!#""!#""!#""!#""!#""!#""!#""!#"211"!#"D"!#"5"!#"A"!#""!#""!#""!#""!#""!#""!#""!#""!#""!#"0"!#"0"!#"0"!#"0"!#""!#""!#""!#""!#""!#""!#""!#""!#""!#""!#""!#""!#""!#""!#""!#""!#""!#""!#""!#""!#""!#""!#""!#""!#""!#""!#""!#""!#""!#""!#""!#""!#""!#""!#""!#""!#""!#""!#""!#""!#""!#""!#""!#""!#""!#""!#""!#""!#""!#""!#""!#""!#""!#""!#""!#""!#""!#""!#""!#""!#""!#""!#""!#""!#""!#""!#""!#"0.00"!#""!#""!#""!#""!#""!#""!#""!#""!#""!#""!#""!#""!#""!#""!#""!#""!#""!#""!#""!#""!#""!#""!#""!#""!#""!#""!#""!#""!#""!#""!#""!#""!#""!#""!#""!#""!#""!#""!#""!#""!#"4.11"!#""!#""!#""!#""!#""!#""!#""!#""!#""!#""!#""!#""!#""!#""!#""!#""!#""!#""!#""!#""!#""!#""!#"20/09/2022"!#""!#"0"!#"0"!#""!#""!#""!#""!#""!#""
"papsimmo"!#"2024/111905-1"!#"vente"!#"Maison"!#"40310"!#"GABARRET"!#"France"!#"1242 route de SOS"!#""!#""!#"249000"!#""!#""!#""!#""!#"103"!#"23800"!#"5"!#"4"!#"Charmante maison T5 de plain-pied avec terrain de 2ha38ca00a"!#"Venez découvrir cette agréable maison de plain-pied T5, où confort et nature se rencontrent à merveille !<br>D'une surface habitable d'environ 103 m², cette maison est nichée au cœur d'un vaste terrain de 28 000 m², dont plus d'un hectare de forêt, offrant un cadre naturel exceptionnel et une tranquillité absolue.<br>Une maison pensée pour votre bien-être :<br>Pièce de vie lumineuse : Un spacieux salon-séjour, baigné de lumière grâce à ses grandes ouvertures, avec une cuisine ouverte équipée. Profitez d'un espace convivial, prolongé par une terrasse orientée sud-ouest, idéal pour vos repas en plein air ou vos moments de détente en admirant la nature environnante.<br>Espace nuit fonctionnel : 4 chambres confortables, dont trois avec placards intégrés, pour répondre aux besoins de toute la famille.<br>Salle de bains spacieuse : Une salle équipée avec baignoire et douche et offrant tout le confort nécessaire.<br>WC indépendant pour plus de confort<br>Autres informations :<br>Garage attenant de 20 m², pratique pour vos véhicules ou vos projets de rangement.<br>Abri de jardin de 10 m², parfait pour stocker vos outils ou aménager un atelier.<br>Maison en bon état, conforme à la norme RT 2005, avec double vitrage, volets roulants électriques et possibilité de raccordement à la fibre optique.<br>Proximité idéale : Située à seulement 1,5 km des commerces, elle allie sérénité et commodités à portée de main.<br>Un cadre de vie unique :<br>Imaginez-vous vivre au cœur d'une propriété de 2,8 hectares, où la nature s'étend à perte de vue. Un véritable havre de paix pour les amoureux des grands espaces, offrant une infinité de possibilités pour vos projets de jardinage, de loisirs ou tout simplement pour profiter du calme absolu.<br>Prête à vous accueillir, elle n'attend plus que vous !<br>N'attendez plus pour visiter ce bien d'exception et laissez-vous séduire par son environnement privilégié et ses prestations de qualité.<br><br>Taxe foncière : 923€<br><br>Prix : 249 000€"!#""!#""!#"0"!#""!#""!#"2011"!#""!#"1"!#""!#"1"!#"0"!#""!#""!#"0"!#"0"!#"0"!#"1"!#"0"!#""!#"0"!#"0"!#""!#"0"!#"0"!#"0"!#"0"!#"1"!#""!#""!#""!#""!#""!#""!#""!#""!#""!#""!#""!#""!#"0"!#"0"!#"0"!#"0"!#"0"!#"0"!#"0"!#"0"!#"0"!#"0"!#"0"!#"0"!#"0"!#"0"!#"0"!#"0"!#"0"!#"0"!#""!#""!#"0"!#"SI"!#"0"!#"0"!#"https://www.papsimmo.fr/properties/2024-111905-1/IMG-20241119-WA0003.jpg?20241119"!#"https://www.papsimmo.fr/properties/2024-111905-1/Salon-SAM-2.jpg?20241119"!#"https://www.papsimmo.fr/properties/2024-111905-1/IMG-20241119-WA0017.jpg?20241119"!#"https://www.papsimmo.fr/properties/2024-111905-1/IMG-20241119-WA0014.jpg?20241119"!#"https://www.papsimmo.fr/properties/2024-111905-1/IMG-20241119-WA0005.jpg?20241119"!#"https://www.papsimmo.fr/properties/2024-111905-1/IMG-20241119-WA0011.jpg?20241119"!#"https://www.papsimmo.fr/properties/2024-111905-1/IMG-20241119-WA0002.jpg?20241119"!#"https://www.papsimmo.fr/properties/2024-111905-1/IMG-20241119-WA0019.jpg?20241119"!#""!#"Photo-2024/111905-1-1"!#"Photo-2024/111905-1-2"!#"Photo-2024/111905-1-3"!#"Photo-2024/111905-1-4"!#"Photo-2024/111905-1-5"!#"Photo-2024/111905-1-7"!#"Photo-2024/111905-1-8"!#""!#""!#""!#""!#"06.77.31.26.39"!#"Denis DEHEZ 497036"!#"ddehez@papsimmo.fr"!#"40310"!#"GABARRET"!#""!#""!#"128"!#"19/11/2024"!#""!#""!#""!#""!#""!#""!#""!#""!#""!#""!#""!#""!#""!#""!#""!#""!#""!#""!#""!#""!#""!#""!#""!#""!#""!#""!#""!#""!#""!#""!#""!#""!#""!#""!#""!#""!#""!#""!#""!#""!#""!#""!#""!#""!#""!#""!#""!#""!#"0"!#"0"!#""!#""!#""!#""!#""!#""!#""!#""!#""!#""!#""!#""!#"195"!#"D"!#"6"!#"A"!#""!#""!#""!#""!#""!#""!#""!#""!#""!#"0"!#"0"!#"0"!#"0"!#""!#""!#""!#""!#""!#""!#""!#""!#""!#""!#""!#""!#""!#""!#""!#""!#""!#""!#""!#""!#""!#""!#""!#""!#""!#""!#""!#""!#""!#""!#""!#""!#""!#""!#""!#""!#""!#""!#""!#""!#""!#""!#""!#""!#""!#""!#""!#""!#""!#""!#""!#""!#""!#""!#""!#""!#""!#""!#""!#""!#""!#""!#""!#""!#""!#""!#""!#"0.00"!#""!#""!#""!#""!#""!#""!#""!#""!#""!#""!#""!#""!#""!#""!#""!#""!#""!#""!#""!#""!#""!#""!#""!#""!#""!#""!#""!#""!#""!#""!#""!#""!#""!#""!#""!#""!#""!#""!#""!#""!#"4.11"!#""!#""!#""!#""!#""!#""!#""!#""!#""!#""!#""!#""!#""!#""!#""!#""!#""!#""!#""!#""!#""!#""!#"18/08/2021"!#""!#"1490"!#"2070"!#"01/01/2021"!#""!#""!#""!#""!#""
"papsimmo"!#"2024/120944-1"!#"vente"!#"Terrain"!#"40280"!#"SAINT-PIERRE-DU-MONT"!#"France"!#"avenue G. SABDE"!#""!#""!#"80000"!#""!#""!#""!#""!#"0"!#"669"!#"0"!#"0"!#"Joli Terrain Plat au Centre de Saint-Pierre-du-Mont"!#"Ce terrain plat, idéalement situé au cœur de Saint-Pierre-du-Mont, à proximité immédiate de toutes les commodités, offre une belle opportunité pour la construction de votre futur projet immobilier.Caractéristiques du terrain :Implantation des constructions : Les façades doivent être implantées en retrait d'au moins 3 m des limites séparatives latérales, et au moins une façade doit être située dans une bande de 0 à 5 m de la limite d'entreprise publique.Hauteur maximale : Zone intra-rocade autorisant jusqu'à R+2. Si des bâtiments plus hauts existent dans un rayon de 150 mètres, il est possible de dépasser cette hauteur.Prise au sol maximale : 80% de l'ensemble du terrain, offrant une grande flexibilité pour votre projet.Qualité urbaine et paysagère : Le terrain se situe dans une zone de qualité urbaine, architecturale, environnementale et paysagère (Niveau 2a), garantissant un environnement harmonieux et bien intégré.Mixité sociale et fonctionnelle : Le quartier, principalement résidentiel, permet également une certaine diversité d'usages, offrant un cadre de vie agréable et dynamique.Prix ​​: 80 000€"!#""!#""!#"0"!#""!#""!#""!#""!#"0"!#""!#"0"!#"0"!#""!#""!#"0"!#"0"!#"0"!#"1"!#"0"!#""!#"0"!#"0"!#""!#"0"!#"0"!#"0"!#"0"!#"0"!#""!#""!#""!#""!#""!#""!#""!#""!#""!#""!#""!#""!#"0"!#"0"!#"0"!#"0"!#"0"!#"0"!#"0"!#"0"!#"0"!#"0"!#"0"!#"0"!#"0"!#"0"!#"0"!#"0"!#"0"!#"0"!#""!#""!#"0"!#"SI"!#"0"!#"0"!#"https://www.papsimmo.fr/properties/2024-120944-1/hHQbpUAXQyeXH5meYS5DOg.jpg?20241211"!#"https://www.papsimmo.fr/properties/2024-120944-1/20230703-180330.jpg?20241211"!#"https://www.papsimmo.fr/properties/2024-120944-1/vLYDE8D2RG2r-QdTei87KA.jpg?20241211"!#""!#""!#""!#""!#""!#""!#"Photo-2024/120944-1-1"!#"Photo-2024/120944-1-2"!#"Photo-2024/120944-1-3"!#""!#""!#""!#""!#""!#""!#""!#""!#"06.77.31.26.39"!#"Denis DEHEZ 497036"!#"ddehez@papsimmo.fr"!#"40280"!#"SAINT-PIERRE-DU-MONT"!#""!#""!#"133"!#"09/12/2024"!#""!#""!#""!#""!#""!#""!#""!#""!#""!#""!#""!#""!#""!#""!#""!#""!#""!#""!#""!#""!#""!#""!#""!#""!#""!#""!#""!#""!#""!#""!#""!#""!#""!#""!#""!#""!#""!#""!#""!#""!#""!#""!#""!#""!#""!#""!#""!#""!#"0"!#"0"!#""!#""!#""!#""!#""!#""!#""!#""!#""!#""!#""!#""!#"0"!#"NS"!#"0"!#"NS"!#""!#""!#""!#""!#""!#""!#""!#""!#""!#"0"!#"0"!#"0"!#"0"!#""!#""!#""!#""!#""!#""!#""!#""!#""!#""!#""!#""!#""!#""!#""!#""!#""!#""!#""!#""!#""!#""!#""!#""!#""!#""!#""!#""!#""!#""!#""!#""!#""!#""!#""!#""!#""!#""!#""!#""!#""!#""!#""!#""!#""!#""!#""!#""!#""!#""!#""!#""!#""!#""!#""!#""!#""!#""!#""!#""!#""!#""!#""!#""!#""!#""!#""!#"0.00"!#""!#""!#""!#""!#""!#""!#""!#""!#""!#""!#""!#""!#""!#""!#""!#""!#""!#""!#""!#""!#""!#""!#""!#""!#""!#""!#""!#""!#""!#""!#""!#""!#""!#""!#""!#""!#""!#""!#""!#""!#"4.11"!#""!#""!#""!#""!#""!#""!#""!#""!#""!#""!#""!#""!#""!#""!#""!#""!#""!#""!#""!#""!#""!#""!#""!#""!#"0"!#"0"!#""!#""!#""!#""!#""!#""
"papsimmo"!#"2024/121242-1"!#"vente"!#"Terrain"!#"40280"!#"SAINT-PIERRE-DU-MONT"!#"France"!#"avenue G. SABDE"!#""!#""!#"80000"!#""!#""!#""!#""!#"0"!#"670"!#"0"!#"0"!#"Terrain constructible"!#"Ce terrain plat, idéalement situé au cœur de Saint-Pierre-du-Mont, à proximité immédiate de toutes les commodités, offre une belle opportunité pour la construction de votre futur projet immobilier.Caractéristiques du terrain :Implantation des constructions : Les façades doivent être implantées en retrait d'au moins 3 m des limites séparatives latérales, et au moins une façade doit être située dans une bande de 0 à 5 m de la limite d'entreprise publique.Hauteur maximale : Zone intra-rocade autorisant jusqu'à R+2. Si des bâtiments plus hauts existent dans un rayon de 150 mètres, il est possible de dépasser cette hauteur.Prise au sol maximale : 80% de l'ensemble du terrain, offrant une grande flexibilité pour votre projet.Qualité urbaine et paysagère : Le terrain se situe dans une zone de qualité urbaine, architecturale, environnementale et paysagère (Niveau 2a), garantissant un environnement harmonieux et bien intégré.Mixité sociale et fonctionnelle : Le quartier, principalement résidentiel, permet également une certaine diversité d'usages, offrant un cadre de vie agréable et dynamique.Prix ​​: 80 000€"!#""!#""!#"0"!#""!#""!#""!#""!#"0"!#""!#"0"!#"0"!#""!#""!#"0"!#"0"!#"0"!#"1"!#"0"!#""!#"0"!#"0"!#""!#"0"!#"0"!#"0"!#"0"!#"0"!#""!#""!#""!#""!#""!#""!#""!#""!#""!#""!#""!#""!#"0"!#"0"!#"0"!#"0"!#"0"!#"0"!#"0"!#"0"!#"0"!#"0"!#"0"!#"0"!#"0"!#"0"!#"0"!#"0"!#"0"!#"0"!#""!#""!#"0"!#"SI"!#"0"!#"0"!#"https://www.papsimmo.fr/properties/2024-121242-1/vLYDE8D2RG2r-QdTei87KA.jpg?20241212"!#""!#""!#""!#""!#""!#""!#""!#""!#"Photo-2024/121242-1-1"!#""!#""!#""!#""!#""!#""!#""!#""!#""!#""!#"06.77.31.26.39"!#"Denis DEHEZ 497036"!#"ddehez@papsimmo.fr"!#"40280"!#"SAINT-PIERRE-DU-MONT"!#""!#""!#"134"!#"12/12/2024"!#""!#""!#""!#""!#""!#""!#""!#""!#""!#""!#""!#""!#""!#""!#""!#""!#""!#""!#""!#""!#""!#""!#""!#""!#""!#""!#""!#""!#""!#""!#""!#""!#""!#""!#""!#""!#""!#""!#""!#""!#""!#""!#""!#""!#""!#""!#""!#""!#"0"!#"0"!#""!#""!#""!#""!#""!#""!#""!#""!#""!#""!#""!#""!#"0"!#"NS"!#"0"!#"NS"!#""!#""!#""!#""!#""!#""!#""!#""!#""!#"0"!#"0"!#"0"!#"0"!#""!#""!#""!#""!#""!#""!#""!#""!#""!#""!#""!#""!#""!#""!#""!#""!#""!#""!#""!#""!#""!#""!#""!#""!#""!#""!#""!#""!#""!#""!#""!#""!#""!#""!#""!#""!#""!#""!#""!#""!#""!#""!#""!#""!#""!#""!#""!#""!#""!#""!#""!#""!#""!#""!#""!#""!#""!#""!#""!#""!#""!#""!#""!#""!#""!#""!#""!#"0.00"!#""!#""!#""!#""!#""!#""!#""!#""!#""!#""!#""!#""!#""!#""!#""!#""!#""!#""!#""!#""!#""!#""!#""!#""!#""!#""!#""!#""!#""!#""!#""!#""!#""!#""!#""!#""!#""!#""!#""!#""!#"4.11"!#""!#""!#""!#""!#""!#""!#""!#""!#""!#""!#""!#""!#""!#""!#""!#""!#""!#""!#""!#""!#""!#""!#""!#""!#"0"!#"0"!#""!#""!#""!#""!#""!#""
"papsimmo"!#"2024/061303-1A"!#"vente"!#"Maison"!#"40200"!#"MIMIZAN"!#"France"!#"14 rue des Hournails"!#""!#""!#"690000"!#""!#""!#""!#""!#"210"!#"554"!#"8"!#"5"!#"Maison contemporaine à Mimizan Plage"!#"Découvrez cette superbe maison contemporaine à Mimizan-plage, idéale pour une famille en quête de tranquillité et de confort. <br>Avec un grand séjour ouvert sur une cuisine moderne, cinq chambres spacieuses, une salle de jeux, un atelier pratique, une salle d'eau avec WC, un cellier et un garage avec buanderie et arrière-cuisine, cette maison a tout pour plaire. <br>Son terrain paysagé de 554 m² comprend une piscine et une grande terrasse en bois, parfaite pour profiter du beau temps. Les nombreuses fenêtres et baies vitrées offrent une vue imprenable sur le jardin, créant une ambiance chaleureuse et conviviale. <br>Son architecture contemporaine et épurée lui confère un style élégant et sophistiqué, parfait pour les amateurs de modernité. <br>Située dans un quartier résidentiel calme et familial, cette maison est un havre de paix. <br>De plus, sa proximité avec l'océan, les commerces et les activités de loisirs de Mimizan-plage en fait un lieu de vie idéal pour toute la famille. Ne manquez pas cette opportunité exceptionnelle de vivre dans un cadre d'exception.<br>Taxe foncière : 935 €Prix : 690 000 € "!#""!#""!#"1"!#""!#""!#"2020"!#""!#"0"!#""!#"2"!#"0"!#""!#""!#"0"!#"0"!#"0"!#"1"!#"0"!#""!#"0"!#"0"!#""!#"0"!#"0"!#"0"!#"0"!#"1"!#""!#""!#""!#""!#""!#""!#""!#""!#""!#""!#""!#""!#"0"!#"0"!#"0"!#"0"!#"0"!#"0"!#"0"!#"0"!#"0"!#"0"!#"0"!#"0"!#"0"!#"0"!#"0"!#"0"!#"0"!#"0"!#""!#""!#"0"!#"SI"!#"0"!#"0"!#"https://www.papsimmo.fr/properties/2024-061303-1A/20240611-180103.jpg?20240614"!#"https://www.papsimmo.fr/properties/2024-061303-1A/IMG-20240612-WA0013.jpg?20240614"!#"https://www.papsimmo.fr/properties/2024-061303-1A/IMG-20240612-WA0021.jpg?20240614"!#"https://www.papsimmo.fr/properties/2024-061303-1A/IMG-20240612-WA0018.jpg?20240614"!#"https://www.papsimmo.fr/properties/2024-061303-1A/IMG-20240612-WA0011.jpg?20240614"!#"https://www.papsimmo.fr/properties/2024-061303-1A/IMG-20240612-WA0010.jpg?20240614"!#"https://www.papsimmo.fr/properties/2024-061303-1A/1put06xc53la8e1bja2rdc6f6m0ijnqsben1lv8gw.jpg?20240614"!#"https://www.papsimmo.fr/properties/2024-061303-1A/IMG-20240612-WA0014.jpg?20240614"!#"https://www.papsimmo.fr/properties/2024-061303-1A/IMG-20240612-WA0003.jpg?20240614"!#"Photo-2024/061303-1A-1"!#"Photo-2024/061303-1A-2"!#"Photo-2024/061303-1A-3"!#"Photo-2024/061303-1A-4"!#"Photo-2024/061303-1A-5"!#"Photo-2024/061303-1A-7"!#"Photo-2024/061303-1A-8"!#"Photo-2024/061303-1A-9"!#"Photo-2024/061303-1A-10"!#""!#""!#"06.77.16.31.03"!#"Joel DEHEZ 255210"!#"jdehez@papsimmo.fr"!#"40200"!#"MIMIZAN"!#""!#""!#"108"!#"13/06/2024"!#""!#""!#""!#""!#""!#""!#""!#""!#""!#""!#""!#""!#""!#""!#""!#""!#""!#""!#""!#""!#""!#""!#""!#""!#""!#""!#""!#""!#""!#""!#""!#""!#""!#""!#""!#""!#""!#""!#""!#""!#""!#""!#""!#""!#""!#""!#""!#""!#"0"!#"0"!#"https://www.papsimmo.fr/properties/2024-061303-1A/IMG-20240612-WA0015.jpg?20240614"!#"https://www.papsimmo.fr/properties/2024-061303-1A/IMG-20240612-WA0002.jpg?20240614"!#"https://www.papsimmo.fr/properties/2024-061303-1A/2000x2000-orientation-0deg.jpg?20240614"!#""!#""!#""!#""!#""!#""!#""!#""!#""!#"30"!#"A"!#"1"!#"A"!#""!#""!#""!#""!#""!#""!#""!#""!#""!#"0"!#"0"!#"0"!#"0"!#""!#""!#""!#""!#""!#""!#""!#""!#""!#""!#""!#""!#""!#""!#""!#""!#""!#""!#""!#""!#""!#""!#""!#""!#""!#""!#""!#""!#""!#""!#""!#""!#""!#""!#""!#""!#""!#""!#""!#""!#""!#""!#""!#""!#""!#""!#""!#""!#""!#""!#""!#""!#""!#""!#""!#""!#""!#""!#""!#""!#""!#""!#""!#""!#""!#""!#""!#"0.00"!#""!#""!#""!#""!#""!#""!#""!#""!#""!#""!#""!#""!#""!#"Photo-2024/061303-1A-10"!#"Photo-2024/061303-1A-11"!#"Photo-2024/061303-1A-12"!#""!#""!#""!#""!#""!#""!#""!#""!#""!#""!#""!#""!#""!#""!#""!#""!#""!#""!#""!#""!#""!#""!#""!#""!#"4.11"!#""!#""!#""!#""!#""!#""!#""!#""!#""!#""!#""!#""!#""!#""!#""!#""!#""!#""!#""!#""!#""!#""!#"28/03/2024"!#""!#"430"!#"650"!#"01/01/2021"!#""!#""!#""!#""!#""
"papsimmo"!#"2024/090509-1"!#"vente"!#"Maison"!#"40200"!#"PONTENX-LES-FORGES"!#"France"!#"587 route de Lardit"!#""!#""!#"209000"!#""!#""!#""!#""!#"60"!#"919"!#"3"!#"2"!#"Maison Contemporaine de Type T3, Fonctionnelle et Lumineuse – À Proximité de Mimizan"!#"Découvrez cette charmante maison de plain-pied, construite en 2010, qui allie confort moderne et tranquillité, nichée dans un cadre verdoyant sur la commune de Pontenx-les-Forges, à seulement quelques minutes des plages et des commodités de Mimizan.Description de la MaisonEspace de vie lumineux : Profitez d'un salon spacieux avec séjour ouvert sur une cuisine équipée, parfaite pour les moments de convivialité.Chambres : Deux chambres confortables.Salle de bains et WC indépendant : Design moderne, assurant confort et intimité.Caractéristiques Techniques et ConfortChauffage : Plancher rayonnant électrique avec régulation thermique et programmateur pièce par pièce, pour un confort optimal et une gestion énergétique efficace.Ventilation : Équipée d'une VMC pour un renouvellement d’air frais et sain dans toute la maison.Taxe foncière : 329 € seulement, un avantage rare et appréciable pour la région.Terrain et Potentiel d’AgrandissementSurface de 919 m² : Un beau terrain offrant intimité et tranquillité, aménageable selon vos envies.Possibilités d’extension : Le terrain permet une extension jusqu’à 50 % de sa surface, idéal pour vos futurs projets d’aménagements ou d’agrandissements.Informations PratiquesConsommation énergétique : 202 kWh/m²/an.Estimation des dépenses annuelles d'énergie : entre 760 € et 1 080 € (d’après les prix de 2021, abonnements inclus).Un Bien Idéal pour vos ProjetsCette maison moderne, avec ses espaces chaleureux et son potentiel d’agrandissement, s'adapte aussi bien à un projet de résidence principale qu'à un investissement locatif. Offrant un cadre de vie calme et agréable, elle saura séduire par ses nombreux atouts et son excellent rapport qualité-prix.Une opportunité à ne pas manquer !PRIX : 209000 €Pour mieux vous projeter dans cette maison, voici un aperçu de ses différentes ambiances à travers les photos de l'annonce :Les 9 premières photos montrent l'aménagement actuel, tel qu'il est chez le locataire en place.Les 4 photos suivantes sont des projections d’aménagement réalisées avec un logiciel, pour vous inspirer des possibilités d'aménagement de l'espace.Les 5 dernières photos datent de la période où le propriétaire occupait le bien, avec un style plus personnel.Ces images vous offrent une vision complète de la maison, pour mieux imaginer son potentiel et la personnaliser à votre goût."!#"31/12/2024"!#""!#"0"!#""!#""!#"2010"!#""!#"1"!#""!#"1"!#"0"!#"2304"!#""!#"0"!#"0"!#"0"!#"1"!#"0"!#""!#"0"!#"0"!#""!#"0"!#"0"!#"0"!#"0"!#"0"!#""!#""!#""!#""!#""!#""!#""!#""!#""!#""!#""!#""!#"0"!#"0"!#"0"!#"0"!#"0"!#"0"!#"0"!#"0"!#"0"!#"0"!#"0"!#"0"!#"0"!#"0"!#"0"!#"0"!#"0"!#"0"!#""!#""!#"0"!#"SI"!#"0"!#"0"!#"https://www.papsimmo.fr/properties/2024-090509-1/7b3ce7771a2d354b9fe3e2553041ed1f95501885.jpg?20240905"!#"https://www.papsimmo.fr/properties/2024-090509-1/e126a7035b31541bea6ce0c440c7201105c380e8.jpg?20240905"!#"https://www.papsimmo.fr/properties/2024-090509-1/feef798ed1bf623103eed57d791ad7361e65d2c8.jpg?20240905"!#"https://www.papsimmo.fr/properties/2024-090509-1/46d647dd3e0603386006ca4b758760d48b70419d.jpg?20240905"!#"https://www.papsimmo.fr/properties/2024-090509-1/4196006c01510cb0bc3ac91c81af9cf6d1b8f997.jpg?20240905"!#"https://www.papsimmo.fr/properties/2024-090509-1/c5c4d0c96f4dd2a622e483059b2c48552a32bca6.jpg?20240905"!#"https://www.papsimmo.fr/properties/2024-090509-1/fa8d9a7223fe1c7baef7957862d0edfe91d91644.jpg?20240905"!#"https://www.papsimmo.fr/properties/2024-090509-1/fb2a8222758e08370f62b5f3388afeb4bcfbc549.jpg?20240905"!#"https://www.papsimmo.fr/properties/2024-090509-1/WhatsApp-Image-2024-10-28-a-11-42-11-8e46be3d.jpg?20241028"!#"Photo-2024/090509-1-1"!#"Photo-2024/090509-1-2"!#"Photo-2024/090509-1-3"!#"Photo-2024/090509-1-4"!#"Photo-2024/090509-1-5"!#"Photo-2024/090509-1-7"!#"Photo-2024/090509-1-8"!#"Photo-2024/090509-1-9"!#"Photo-2024/090509-1-10"!#""!#""!#"06.77.16.31.03"!#"Joel DEHEZ 255210"!#"jdehez@papsimmo.fr"!#"40200"!#"PONTENX-LES-FORGES"!#""!#""!#"123"!#"05/09/2024"!#""!#""!#""!#""!#""!#""!#""!#""!#""!#""!#""!#""!#""!#""!#""!#""!#""!#""!#""!#""!#""!#""!#""!#""!#""!#""!#""!#""!#""!#""!#""!#""!#""!#""!#""!#""!#""!#""!#""!#""!#""!#""!#""!#""!#""!#""!#""!#""!#"0"!#"0"!#"https://www.papsimmo.fr/properties/2024-090509-1/5d7049b90cbff758fbdfbde5dd3f8fd3327897d0.jpg?20240905"!#"https://www.papsimmo.fr/properties/2024-090509-1/529906e1e98b80c4cb1c9a00f04c562c79ab675b.jpg?20240905"!#"https://www.papsimmo.fr/properties/2024-090509-1/70b96b3bda10fa4ae35678f4e6d7e360daa9651d.jpg?20240905"!#"https://www.papsimmo.fr/properties/2024-090509-1/963bf5178f66ff98928aafb6d9548e9141fcc495.jpg?20240905"!#"https://www.papsimmo.fr/properties/2024-090509-1/WhatsApp-Image-2024-10-25-a-11-18-38-5e275f26.jpg?20241028"!#"https://www.papsimmo.fr/properties/2024-090509-1/WhatsApp-Image-2024-10-25-a-11-16-51-67c6dbe0.jpg?20241028"!#"https://www.papsimmo.fr/properties/2024-090509-1/WhatsApp-Image-2024-10-25-a-11-19-40-24ddf907.jpg?20241028"!#"https://www.papsimmo.fr/properties/2024-090509-1/WhatsApp-Image-2024-10-25-a-11-22-05-3d09d480.jpg?20241028"!#"https://www.papsimmo.fr/properties/2024-090509-1/WhatsApp-Image-2024-10-25-a-11-23-16-d712efbe.jpg?20241028"!#""!#""!#""!#"202"!#"D"!#"6"!#"A"!#""!#""!#""!#""!#""!#""!#""!#""!#""!#"0"!#"0"!#"0"!#"0"!#""!#""!#""!#""!#""!#""!#""!#""!#""!#""!#""!#""!#""!#""!#""!#""!#""!#""!#""!#""!#""!#""!#""!#""!#""!#""!#""!#""!#""!#""!#""!#""!#""!#""!#""!#""!#""!#""!#""!#""!#""!#""!#""!#""!#""!#""!#""!#""!#""!#""!#""!#""!#""!#""!#""!#""!#""!#""!#""!#""!#""!#""!#""!#""!#""!#""!#""!#"0.00"!#""!#""!#""!#""!#""!#""!#""!#""!#""!#""!#""!#""!#""!#"Photo-2024/090509-1-10"!#"Photo-2024/090509-1-11"!#"Photo-2024/090509-1-12"!#"Photo-2024/090509-1-13"!#"Photo-2024/090509-1-14"!#"Photo-2024/090509-1-15"!#"Photo-2024/090509-1-16"!#"Photo-2024/090509-1-17"!#"Photo-2024/090509-1-18"!#""!#""!#""!#""!#""!#""!#""!#""!#""!#""!#""!#""!#""!#""!#""!#""!#""!#""!#"4.11"!#""!#""!#""!#""!#""!#""!#""!#""!#""!#""!#""!#""!#""!#""!#""!#""!#""!#""!#""!#""!#""!#""!#"19/04/2024"!#""!#"760"!#"1080"!#"01/01/2021"!#""!#""!#""!#""!#""
"papsimmo"!#"2024/101828-1"!#"vente"!#"boutique"!#"40200"!#"MIMIZAN"!#"France"!#"32 Avenue de la Cote D'Argent"!#""!#""!#"382000"!#""!#""!#""!#""!#"238"!#"669"!#"10"!#"0"!#"Spacieux local commercial à Mimizan Plage, à deux pas de l'océan"!#"À seulement 30 mètres de l'océan et tout près du centre de Mimizan Plage, découvrez ce vaste local commercial de 238 m², idéalement situé en rez-de-chaussée d'une copropriété de 3 lots sur un terrain de 669 m². Sa situation privilégiée offre un accès facile et une grande visibilité, le rendant idéal pour diverses activités professionnelles.Actuellement aménagé pour une activité de kinésithérapie, le local se compose de :6 salles de massage, idéales pour des soins individuels ou des consultations privéesUne piscine intérieure, parfaite pour des séances d'hydrothérapie ou d'aquagymUne salle de musculation, bien équipée pour des activités sportives ou de remise en formeUne salle d'accueil, pour l'accueil des clients et la gestion administrativeUn espace utilitaire, pratique pour le stockage de matériel et les besoins logistiquesOpportunités de transformation :Ce local spacieux offre de multiples possibilités de réhabilitation et peut facilement être transformé pour d'autres usages tels que :Centre de bien-être et spa : avec ses salles de soin et sa piscine, le local peut être adapté pour créer un espace de détente et de relaxation.Cabinet médical ou paramédical : idéal pour regrouper plusieurs praticiens (médecins, ostéopathes, diététiciens, etc.) dans un centre de santé pluridisciplinaire.Salle de sport et centre de fitness : en exploitant les salles de massage pour des activités comme le yoga, le pilates ou des cours de coaching privé.Centre d’aquagym ou d’aquabike : grâce à la piscine intérieure, ce local se prête parfaitement aux activités aquatiques.Espaces de coworking : avec des aménagements adaptés, les salles peuvent être transformées en bureaux ou en ateliers pour les travailleurs indépendants.Caractéristiques du bien :Surface du local : 238 m²Terrain : 669 m² (copropriété de 3 lots)Emplacement : Rez-de-chaussée, à 30 m de l'océanProximité : Très proche du centre de Mimizan PlageCe bien rare est une opportunité unique pour les professionnels souhaitant s'installer dans un cadre exceptionnel, à quelques pas de l'océan. Les possibilités d'aménagement sont nombreuses et permettent de personnaliser les lieux selon vos projets.<br>Taxe Foncière : 2052 €Prix : 382000 € "!#""!#""!#"0"!#""!#""!#"1930"!#""!#"0"!#""!#"1"!#"0"!#""!#""!#"0"!#"0"!#"0"!#"1"!#"0"!#""!#"0"!#"0"!#""!#"0"!#"0"!#"0"!#"0"!#"0"!#""!#""!#""!#""!#""!#""!#""!#""!#""!#""!#""!#""!#"0"!#"0"!#"0"!#"0"!#"0"!#"0"!#"0"!#"0"!#"0"!#"0"!#"0"!#"0"!#"0"!#"0"!#"0"!#"0"!#"0"!#"0"!#""!#""!#"0"!#"SI"!#"0"!#"0"!#"https://www.papsimmo.fr/properties/2024-101828-1/20240904-121522.jpg?20241018"!#"https://www.papsimmo.fr/properties/2024-101828-1/20240830-133918.jpg?20241018"!#"https://www.papsimmo.fr/properties/2024-101828-1/20240830-133538.jpg?20241018"!#"https://www.papsimmo.fr/properties/2024-101828-1/20240830-133615.jpg?20241018"!#"https://www.papsimmo.fr/properties/2024-101828-1/20240830-133559.jpg?20241018"!#"https://www.papsimmo.fr/properties/2024-101828-1/20240830-133637.jpg?20241018"!#"https://www.papsimmo.fr/properties/2024-101828-1/20240830-133706.jpg?20241018"!#"https://www.papsimmo.fr/properties/2024-101828-1/20240830-133724.jpg?20241018"!#"https://www.papsimmo.fr/properties/2024-101828-1/20240830-133743.jpg?20241018"!#"Photo-2024/101828-1-1"!#"Photo-2024/101828-1-2"!#"Photo-2024/101828-1-3"!#"Photo-2024/101828-1-4"!#"Photo-2024/101828-1-5"!#"Photo-2024/101828-1-7"!#"Photo-2024/101828-1-8"!#"Photo-2024/101828-1-9"!#"Photo-2024/101828-1-10"!#""!#""!#"06.77.16.31.03"!#"Joel DEHEZ 255210"!#"jdehez@papsimmo.fr"!#"40200"!#"MIMIZAN"!#""!#""!#"122"!#"18/10/2024"!#""!#""!#""!#""!#""!#""!#""!#""!#""!#""!#""!#""!#""!#""!#""!#""!#""!#""!#""!#""!#""!#""!#""!#""!#""!#""!#""!#""!#""!#""!#""!#""!#""!#""!#""!#""!#""!#""!#""!#""!#""!#""!#""!#""!#""!#""!#""!#""!#"0"!#"0"!#"https://www.papsimmo.fr/properties/2024-101828-1/20240830-133759.jpg?20241018"!#"https://www.papsimmo.fr/properties/2024-101828-1/Plan-du-local-Adeline.jpg?20241112"!#""!#""!#""!#""!#""!#""!#""!#""!#""!#""!#"0"!#"VI"!#"0"!#"VI"!#""!#""!#""!#""!#""!#""!#""!#""!#""!#"0"!#"0"!#"0"!#"0"!#""!#""!#""!#""!#""!#""!#""!#""!#""!#""!#""!#""!#""!#""!#""!#""!#""!#""!#""!#""!#""!#""!#""!#""!#""!#""!#""!#""!#""!#""!#""!#""!#""!#""!#""!#""!#""!#""!#""!#""!#""!#""!#""!#""!#""!#""!#""!#""!#""!#""!#""!#""!#""!#""!#""!#""!#""!#""!#""!#""!#""!#""!#""!#""!#""!#"1"!#""!#"0.00"!#""!#""!#""!#""!#""!#""!#""!#""!#""!#""!#""!#""!#""!#"Photo-2024/101828-1-10"!#"Photo-2024/101828-1-11"!#""!#""!#""!#""!#""!#""!#""!#""!#""!#""!#""!#""!#""!#""!#""!#""!#""!#""!#""!#""!#""!#""!#""!#""!#""!#"4.11"!#""!#""!#""!#""!#""!#""!#""!#""!#""!#""!#""!#""!#""!#""!#""!#""!#""!#""!#""!#""!#""!#""!#""!#""!#"0"!#"0"!#""!#""!#""!#""!#""!#""
"papsimmo"!#"2024/110755-1"!#"vente"!#"Appartement"!#"40200"!#"MIMIZAN"!#"France"!#"32 Bis du Vieux Marché"!#""!#""!#"175000"!#""!#""!#""!#""!#"44"!#"803"!#"2"!#"1"!#"Charmant Appartement T2 à Mimizan Plage - À 300 m de l’Océan"!#"Venez découvrir ce bel appartement lumineux de 44 m², idéalement situé au premier étage d'une résidence de seulement 8 lots, dans un quartier calme et prisé de Mimizan Plage. À deux pas de l'océan (300 m seulement !), ce bien est parfait pour les amateurs de bord de mer et de tranquillité.Caractéristiques de l’appartement :Superficie : 44 m² avec une belle optimisation de l'espaceSéjour spacieux et lumineux de 22 m², exposé plein sud, donnant sur un balcon ensoleillé pour profiter de la vue dégagéeCuisine ouverte sur le séjour, offrant un espace convivialChambre confortable avec accès à un deuxième balcon, parfait pour des moments de détenteSalle d'eau contemporaine et WC indépendantLes atouts supplémentaires :Place de parking privé incluse, pour plus de praticitéLocal à vélo commun, idéal pour les balades en bord de merTravaux d’isolation extérieure récents (réalisés en 2024) : un gage de confort thermique et d’économies d’énergieCet appartement est parfait pour une résidence principale, secondaire, ou même un investissement locatif. Ne manquez pas cette opportunité rare de vivre à quelques pas de l'océan tout en bénéficiant du confort d'une résidence intimiste et bien entretenue.<br>Taxe Foncière : 502 €Prix : 175000 € "!#""!#""!#"1"!#""!#""!#"1977"!#""!#"0"!#""!#"1"!#"0"!#""!#""!#"0"!#"0"!#"0"!#"1"!#"2"!#""!#"0"!#"0"!#""!#"0"!#"0"!#"0"!#"0"!#"0"!#""!#""!#""!#""!#""!#""!#""!#""!#""!#""!#""!#""!#"0"!#"0"!#"0"!#"0"!#"0"!#"0"!#"0"!#"0"!#"0"!#"0"!#"0"!#"0"!#"0"!#"0"!#"0"!#"0"!#"0"!#"0"!#""!#""!#"0"!#"SI"!#"0"!#"0"!#"https://www.papsimmo.fr/properties/2024-110755-1/WhatsApp-Image-2024-11-07-a-21-11-02-4b4f7f14.jpg?20241107"!#"https://www.papsimmo.fr/properties/2024-110755-1/WhatsApp-Image-2024-11-07-a-21-11-01-30d34a71.jpg?20241107"!#"https://www.papsimmo.fr/properties/2024-110755-1/WhatsApp-Image-2024-11-07-a-21-11-01-04feaad4.jpg?20241107"!#"https://www.papsimmo.fr/properties/2024-110755-1/WhatsApp-Image-2024-11-07-a-21-11-03-7ade4644-Copie.jpg?20241107"!#"https://www.papsimmo.fr/properties/2024-110755-1/WhatsApp-Image-2024-11-07-a-21-11-02-25bf5fed.jpg?20241107"!#"https://www.papsimmo.fr/properties/2024-110755-1/WhatsApp-Image-2024-11-07-a-21-11-02-dba33ea8.jpg?20241107"!#"https://www.papsimmo.fr/properties/2024-110755-1/WhatsApp-Image-2024-11-07-a-21-11-01-c25d1fd6.jpg?20241107"!#"https://www.papsimmo.fr/properties/2024-110755-1/WhatsApp-Image-2024-11-07-a-21-10-44-4e76da7a.jpg?20241107"!#"https://www.papsimmo.fr/properties/2024-110755-1/WhatsApp-Image-2024-11-07-a-21-10-43-48c68f50.jpg?20241107"!#"Photo-2024/110755-1-1"!#"Photo-2024/110755-1-2"!#"Photo-2024/110755-1-3"!#"Photo-2024/110755-1-4"!#"Photo-2024/110755-1-5"!#"Photo-2024/110755-1-7"!#"Photo-2024/110755-1-8"!#"Photo-2024/110755-1-9"!#"Photo-2024/110755-1-10"!#""!#""!#"06.77.16.31.03"!#"Joel DEHEZ 255210"!#"jdehez@papsimmo.fr"!#"40200"!#"MIMIZAN"!#""!#""!#"126"!#"07/11/2024"!#""!#""!#""!#""!#""!#""!#""!#""!#""!#""!#""!#""!#""!#""!#""!#""!#""!#""!#""!#""!#""!#""!#""!#""!#""!#""!#""!#""!#""!#""!#""!#""!#""!#""!#""!#""!#""!#""!#""!#""!#""!#""!#""!#""!#""!#""!#""!#""!#"0"!#"0"!#"https://www.papsimmo.fr/properties/2024-110755-1/WhatsApp-Image-2024-11-07-a-21-29-53-8e79803e.jpg?20241107"!#""!#""!#""!#""!#""!#""!#""!#""!#""!#""!#""!#"240"!#"D"!#"7"!#"B"!#""!#""!#""!#""!#""!#""!#""!#""!#""!#"0"!#"0"!#"0"!#"0"!#""!#""!#""!#""!#""!#""!#""!#""!#""!#""!#""!#""!#""!#""!#""!#""!#""!#""!#""!#""!#""!#""!#""!#""!#""!#""!#""!#""!#""!#""!#""!#""!#""!#""!#""!#""!#""!#""!#""!#""!#""!#""!#""!#""!#""!#""!#""!#""!#""!#""!#""!#""!#""!#""!#""!#""!#""!#""!#""!#""!#""!#""!#""!#""!#""!#"1"!#""!#"895.00"!#""!#""!#""!#""!#""!#""!#""!#""!#""!#""!#""!#""!#""!#"Photo-2024/110755-1-10"!#""!#""!#""!#""!#""!#""!#""!#""!#""!#""!#""!#""!#""!#""!#""!#""!#""!#""!#""!#""!#""!#""!#""!#""!#""!#""!#"4.11"!#""!#""!#""!#""!#""!#""!#""!#""!#""!#""!#""!#""!#""!#""!#""!#""!#""!#""!#""!#""!#""!#""!#"08/11/2024"!#""!#"890"!#"1250"!#"30/12/2023"!#""!#""!#""!#""!#""
"papsimmo"!#"2024/110909-1"!#"vente"!#"Maison"!#"40170"!#"LIT-ET-MIXE"!#"France"!#"60 Rue du point du Jour"!#""!#""!#"329000"!#""!#""!#""!#""!#"126"!#"477"!#"5"!#"4"!#"Authentique Maison Landaise à Lit-et-Mixe, Proche Centre et Plages"!#"Découvrez cette superbe maison landaise mitoyenne de 126 m², entièrement rénovée avec soin pour allier charme traditionnel et confort moderne. Située à Lit-et-Mixe, dans un quartier calme à quelques minutes à pied du centre et à seulement 10 minutes en voiture des plages landaises, cette propriété est une occasion rare à saisir !Descriptif de la Maison :Rez-de-chaussée :Un grand séjour lumineux de 36 m² avec salle à manger, parfait pour recevoir famille et amis dans une ambiance conviviale.Cuisine ouverte aménagée, moderne et entièrement équipée, idéale pour les amateurs de cuisine.Une chambre spacieuse offrant un accès de plain-pied, idéale pour un espace nuit ou un bureau selon vos besoins.Une salle d'eau moderne avec WC, pratique et fonctionnelle.Étage :Trois chambres confortables, parfaites pour accueillir famille ou invités.Une salle d'eau contemporaine, avec finitions récentes.Un WC séparé et un dressing spacieux pour plus de rangements.Atouts supplémentaires :Charme unique du style landais : profitez du cachet extérieur de cette maison en briquettes rouges et poutres apparentes, qui apporte un caractère chaleureux et authentique.Rénovation complète et soignée : toutes les pièces ont été modernisées avec des matériaux de qualité, y compris la cuisine et les salles d’eau.Terrain de 477 m² : un espace extérieur agréable pour des moments de détente en plein air, aménageable selon vos envies.Localisation idéale : Située dans un quartier prisé, la maison est à proximité immédiate des commerces et services du centre de Lit-et-Mixe, tout en étant proche des magnifiques plages des Landes, accessibles en quelques minutes en voiture.<br><br>Cette maison est un véritable coup de cœur pour ceux qui recherchent le charme d'une architecture traditionnelle landaise associée à des prestations modernes et un emplacement de choix.Taxe foncière : 503 €Prix : 329 000 €"!#""!#""!#"1"!#""!#""!#"1880"!#""!#"0"!#""!#"2"!#"0"!#""!#""!#"0"!#"0"!#"0"!#"1"!#"0"!#""!#"0"!#"0"!#""!#"0"!#"0"!#"0"!#"0"!#"1"!#""!#""!#""!#""!#""!#""!#""!#""!#""!#""!#""!#""!#"0"!#"0"!#"0"!#"0"!#"0"!#"0"!#"0"!#"0"!#"0"!#"0"!#"0"!#"0"!#"0"!#"0"!#"0"!#"0"!#"0"!#"0"!#""!#""!#"0"!#"SI"!#"0"!#"0"!#"https://www.papsimmo.fr/properties/2024-110909-1/IMG-20241108-WA0024.jpg?20241109"!#"https://www.papsimmo.fr/properties/2024-110909-1/IMG-20241108-WA0019.jpg?20241109"!#"https://www.papsimmo.fr/properties/2024-110909-1/IMG-20241108-WA0018.jpg?20241109"!#"https://www.papsimmo.fr/properties/2024-110909-1/IMG-20241108-WA0023.jpg?20241109"!#"https://www.papsimmo.fr/properties/2024-110909-1/IMG-20241109-WA0025.jpg?20241109"!#"https://www.papsimmo.fr/properties/2024-110909-1/IMG-20241109-WA0024.jpg?20241109"!#"https://www.papsimmo.fr/properties/2024-110909-1/IMG-20241109-WA0017.jpg?20241109"!#"https://www.papsimmo.fr/properties/2024-110909-1/IMG-20241109-WA0016.jpg?20241109"!#"https://www.papsimmo.fr/properties/2024-110909-1/IMG-20241109-WA0013.jpg?20241109"!#"Photo-2024/110909-1-1"!#"Photo-2024/110909-1-2"!#"Photo-2024/110909-1-3"!#"Photo-2024/110909-1-4"!#"Photo-2024/110909-1-5"!#"Photo-2024/110909-1-7"!#"Photo-2024/110909-1-8"!#"Photo-2024/110909-1-9"!#"Photo-2024/110909-1-10"!#""!#""!#"06.77.16.31.03"!#"Joel DEHEZ 255210"!#"jdehez@papsimmo.fr"!#"40170"!#"LIT-ET-MIXE"!#""!#""!#"125"!#"09/11/2024"!#""!#""!#""!#""!#""!#""!#""!#""!#""!#""!#""!#""!#""!#""!#""!#""!#""!#""!#""!#""!#""!#""!#""!#""!#""!#""!#""!#""!#""!#""!#""!#""!#""!#""!#""!#""!#""!#""!#""!#""!#""!#""!#""!#""!#""!#""!#""!#""!#"0"!#"0"!#"https://www.papsimmo.fr/properties/2024-110909-1/IMG-20241109-WA0002.jpg?20241109"!#"https://www.papsimmo.fr/properties/2024-110909-1/IMG-20241109-WA0010.jpg?20241109"!#"https://www.papsimmo.fr/properties/2024-110909-1/IMG-20241109-WA0008.jpg?20241109"!#"https://www.papsimmo.fr/properties/2024-110909-1/WhatsApp-Image-2024-11-08-a-12-27-27-412262b6.jpg?20241109"!#"https://www.papsimmo.fr/properties/2024-110909-1/IMG-20241109-WA0006.jpg?20241109"!#"https://www.papsimmo.fr/properties/2024-110909-1/IMG-20241109-WA0005.jpg?20241109"!#"https://www.papsimmo.fr/properties/2024-110909-1/IMG-20241108-WA0011.jpg?20241109"!#""!#""!#""!#""!#""!#"142"!#"C"!#"4"!#"A"!#""!#""!#""!#""!#""!#""!#""!#""!#""!#"0"!#"0"!#"0"!#"0"!#""!#""!#""!#""!#""!#""!#""!#""!#""!#""!#""!#""!#""!#""!#""!#""!#""!#""!#""!#""!#""!#""!#""!#""!#""!#""!#""!#""!#""!#""!#""!#""!#""!#""!#""!#""!#""!#""!#""!#""!#""!#""!#""!#""!#""!#""!#""!#""!#""!#""!#""!#""!#""!#""!#""!#""!#""!#""!#""!#""!#""!#""!#""!#""!#""!#""!#""!#"0.00"!#""!#""!#""!#""!#""!#""!#""!#""!#""!#""!#""!#""!#""!#"Photo-2024/110909-1-10"!#"Photo-2024/110909-1-11"!#"Photo-2024/110909-1-12"!#"Photo-2024/110909-1-13"!#"Photo-2024/110909-1-14"!#"Photo-2024/110909-1-15"!#"Photo-2024/110909-1-16"!#""!#""!#""!#""!#""!#""!#""!#""!#""!#""!#""!#""!#""!#""!#""!#""!#""!#""!#""!#""!#"4.11"!#""!#""!#""!#""!#""!#""!#""!#""!#""!#""!#""!#""!#""!#""!#""!#""!#""!#""!#""!#""!#""!#""!#"08/10/2024"!#""!#"970"!#"1360"!#"02/12/2023"!#""!#""!#""!#""!#""
"papsimmo"!#"2024/111928-1"!#"vente"!#"boutique"!#"40800"!#"AIRE-SUR-L'ADOUR"!#"France"!#"26 rue Gambetta"!#""!#""!#"108000"!#""!#""!#""!#""!#"88"!#"315"!#"2"!#"0"!#"Local Commercial de 88 m² au Cœur d’Aire-sur-l’Adour - Rue Gambetta"!#"Situé dans l’artère principale commerçante d’Aire-sur-l’Adour, rue Gambetta, ce local commercial de 88 m² offre une opportunité rare pour les entrepreneurs et investisseurs. Avec sa localisation de choix et ses caractéristiques fonctionnelles, ce bien est parfait pour accueillir une grande variété d’activités.Descriptif du local :Commerce de 73 m², un espace spacieux et modulable pour aménager votre activité selon vos besoins.Réserve de 12 m², idéale pour le stockage.WC intégré, offrant un espace fonctionnel pour le personnel et les clients.Façade et sécurité :Une façade entièrement vitrée, offrant une visibilité exceptionnelle et idéale pour attirer les regards des passants.Équipé de grilles sécurisées, garantissant une protection optimale en dehors des heures d’ouverture.Idées d’exploitation : Ce local est parfaitement adapté pour une multitude de projets :Boutique de prêt-à-porter ou accessoires : profitez de l'emplacement stratégique pour attirer une clientèle variée.Salon de beauté, coiffure ou esthétique : un lieu accueillant avec un fort potentiel pour fidéliser une clientèle locale.Agence de services : bureau professionnel, agence immobilière ou espace de coworking.Petite épicerie fine ou concept store : mettez en avant des produits locaux dans cet emplacement prisé.Les atouts du bien :Emplacement premium sur la rue la plus commerçante et dynamique d’Aire-sur-l’Adour.Surface optimisée, offrant un espace de travail polyvalent.Visibilité maximale, renforcée par une façade vitrée et une situation en plein centre-ville.Prix : 108 000 €    Taxe Foncière : 729 €N’attendez plus pour concrétiser votre projet dans cet espace au potentiel exceptionnel."!#""!#""!#"0"!#""!#""!#"1769"!#""!#"0"!#""!#"1"!#"0"!#""!#""!#"0"!#"0"!#"0"!#"1"!#"0"!#""!#"0"!#"0"!#""!#"0"!#"0"!#"0"!#"0"!#"0"!#""!#""!#""!#""!#""!#""!#""!#""!#""!#""!#""!#""!#"0"!#"0"!#"0"!#"0"!#"0"!#"0"!#"0"!#"0"!#"0"!#"0"!#"0"!#"0"!#"0"!#"0"!#"0"!#"0"!#"0"!#"0"!#""!#""!#"0"!#"SI"!#"0"!#"0"!#"https://www.papsimmo.fr/properties/2024-111928-1/p2.jpg?20241119"!#"https://www.papsimmo.fr/properties/2024-111928-1/20241030-150528.jpg?20241119"!#"https://www.papsimmo.fr/properties/2024-111928-1/20241030-150450.jpg?20241119"!#"https://www.papsimmo.fr/properties/2024-111928-1/20241030-150634.jpg?20241119"!#"https://www.papsimmo.fr/properties/2024-111928-1/20241030-150658.jpg?20241119"!#"https://www.papsimmo.fr/properties/2024-111928-1/20241030-150327.jpg?20241119"!#""!#""!#""!#"Photo-2024/111928-1-1"!#"Photo-2024/111928-1-2"!#"Photo-2024/111928-1-3"!#"Photo-2024/111928-1-4"!#"Photo-2024/111928-1-5"!#""!#""!#""!#""!#""!#""!#"06.77.16.31.03"!#"Joel DEHEZ 255210"!#"jdehez@papsimmo.fr"!#"40800"!#"AIRE-SUR-L'ADOUR"!#""!#""!#"127"!#"19/11/2024"!#""!#""!#""!#""!#""!#""!#""!#""!#""!#""!#""!#""!#""!#""!#""!#""!#""!#""!#""!#""!#""!#""!#""!#""!#""!#""!#""!#""!#""!#""!#""!#""!#""!#""!#""!#""!#""!#""!#""!#""!#""!#""!#""!#""!#""!#""!#""!#""!#"0"!#"0"!#""!#""!#""!#""!#""!#""!#""!#""!#""!#""!#""!#""!#"0"!#"VI"!#"0"!#"VI"!#""!#""!#""!#""!#""!#""!#""!#""!#""!#"0"!#"0"!#"0"!#"0"!#""!#""!#""!#""!#""!#""!#""!#""!#""!#""!#""!#""!#""!#""!#""!#""!#""!#""!#""!#""!#""!#""!#""!#""!#""!#""!#""!#""!#""!#""!#""!#""!#""!#""!#""!#""!#""!#""!#""!#""!#""!#""!#""!#""!#""!#""!#""!#""!#""!#""!#""!#""!#""!#""!#""!#""!#""!#""!#""!#""!#""!#""!#""!#""!#""!#"1"!#""!#"0.00"!#""!#""!#""!#""!#""!#""!#""!#""!#""!#""!#""!#""!#""!#""!#""!#""!#""!#""!#""!#""!#""!#""!#""!#""!#""!#""!#""!#""!#""!#""!#""!#""!#""!#""!#""!#""!#""!#""!#""!#""!#"4.11"!#""!#""!#""!#""!#""!#""!#""!#""!#""!#""!#""!#""!#""!#""!#""!#""!#""!#""!#""!#""!#""!#""!#""!#""!#"0"!#"0"!#""!#""!#""!#""!#""!#""
"papsimmo"!#"2024/120343-1"!#"vente"!#"Maison"!#"40200"!#"MIMIZAN"!#"France"!#"32 Avenue de la Côte d’Argent"!#""!#""!#"535000"!#""!#""!#""!#""!#"106"!#"669"!#"4"!#"3"!#"Très rare : Maison à deux pas de l'océan à Mimizan Plage"!#"Emplacement d'exception ! Située à moins de 50 mètres de l'océan, cette maison entièrement rénovée est un véritable havre de paix, idéal pour les amoureux de la mer et des grands espaces. Nichée au sein d'une copropriété de 3 lots, elle allie charme, confort et praticité dans un cadre enchanteur.Caractéristiques principales :Surface habitable optimisée : Une cuisine moderne équipée ouverte sur un spacieux salon-séjour avec cheminée, parfait pour vos soirées conviviales.3 chambres lumineuses et élégantes : Espaces conçus pour votre bien-être et celui de votre famille ou invités.Salle de bain contemporaine : Prestations modernes et matériaux de qualité.Extérieur et atouts supplémentaires :Un patio exposé plein sud : Accessible directement depuis la cuisine, idéal pour vos repas en plein air ou vos moments de détente.Un garage privé : Pratique pour stationner ou ranger vos équipements de plage et de loisirs.Les plus de ce bien :Rénovation récente et soignée.Situation exceptionnelle, traduit à quelques pas de l'océan.Copropriété intime et calmePrix ​​: 535 000 € Taxe Foncière : 1172 €Ne manquez pas cette opportunité unique de vivre ou d'investir dans une maison de caractère à Mimizan Plage, où l'ocean et le confort se rencontrent."!#""!#""!#"0"!#""!#""!#"1930"!#""!#"0"!#""!#"2"!#"0"!#""!#""!#"0"!#"0"!#"0"!#"1"!#"0"!#""!#"0"!#"0"!#""!#"0"!#"0"!#"0"!#"0"!#"1"!#""!#""!#""!#""!#""!#""!#""!#""!#""!#""!#""!#""!#"0"!#"0"!#"0"!#"0"!#"0"!#"0"!#"0"!#"0"!#"0"!#"0"!#"0"!#"0"!#"0"!#"0"!#"0"!#"0"!#"0"!#"0"!#""!#""!#"0"!#"SI"!#"0"!#"0"!#"https://www.papsimmo.fr/properties/2024-120343-1/p3-Copie.jpg?20241203"!#"https://www.papsimmo.fr/properties/2024-120343-1/p2-Copie.jpg?20241203"!#"https://www.papsimmo.fr/properties/2024-120343-1/p5.jpg?20241203"!#"https://www.papsimmo.fr/properties/2024-120343-1/p6.jpg?20241203"!#"https://www.papsimmo.fr/properties/2024-120343-1/p4-Copie.jpg?20241203"!#"https://www.papsimmo.fr/properties/2024-120343-1/p1-Copie.jpg?20241203"!#"https://www.papsimmo.fr/properties/2024-120343-1/p8.jpg?20241203"!#""!#""!#"Photo-2024/120343-1-1"!#"Photo-2024/120343-1-2"!#"Photo-2024/120343-1-3"!#"Photo-2024/120343-1-4"!#"Photo-2024/120343-1-5"!#"Photo-2024/120343-1-7"!#""!#""!#""!#""!#""!#"06.77.16.31.03"!#"Joel DEHEZ 255210"!#"jdehez@papsimmo.fr"!#"40200"!#"MIMIZAN"!#""!#""!#"129"!#"03/12/2024"!#""!#""!#""!#""!#""!#""!#""!#""!#""!#""!#""!#""!#""!#""!#""!#""!#""!#""!#""!#""!#""!#""!#""!#""!#""!#""!#""!#""!#""!#""!#""!#""!#""!#""!#""!#""!#""!#""!#""!#""!#""!#""!#""!#""!#""!#""!#""!#""!#"0"!#"0"!#""!#""!#""!#""!#""!#""!#""!#""!#""!#""!#""!#""!#"308"!#"E"!#"10"!#"B"!#""!#""!#""!#""!#""!#""!#""!#""!#""!#"0"!#"0"!#"0"!#"0"!#""!#""!#""!#""!#""!#""!#""!#""!#""!#""!#""!#""!#""!#""!#""!#""!#""!#""!#""!#""!#""!#""!#""!#""!#""!#""!#""!#""!#""!#""!#""!#""!#""!#""!#""!#""!#""!#""!#""!#""!#""!#""!#""!#""!#""!#""!#""!#""!#""!#""!#""!#""!#""!#""!#""!#""!#""!#""!#""!#""!#""!#""!#""!#""!#""!#"1"!#""!#"0.00"!#""!#""!#""!#""!#""!#""!#""!#""!#""!#""!#""!#""!#""!#""!#""!#""!#""!#""!#""!#""!#""!#""!#""!#""!#""!#""!#""!#""!#""!#""!#""!#""!#""!#""!#""!#""!#""!#""!#""!#""!#"4.11"!#""!#""!#""!#""!#""!#""!#""!#""!#""!#""!#""!#""!#""!#""!#""!#""!#""!#""!#""!#""!#""!#""!#"28/08/2024"!#""!#"2460"!#"3380"!#"05/12/2023"!#""!#""!#""!#""!#""
"papsimmo"!#"2024/120641-1"!#"vente"!#"Terrain"!#"33114"!#"LE"!#"France"!#"6 Rue de Mariotte"!#""!#""!#"190000"!#""!#""!#""!#""!#"0"!#"900"!#"0"!#"0"!#"Terrains constructibles à Le Barp, entre Bordeaux et le Bassin d'Arcachon"!#"Découvrez ces terrains d’exception situés dans la commune de Le Barp, à seulement 40 km de Bordeaux et du bassin d’Arcachon. Idéalement situés dans un quartier paisible, ces parcelles offrent un cadre de vie unique, alliant tranquillité et proximité avec les grandes villes.Caractéristiques des terrains :Superficies disponibles :Terrain 1 : Parcelle de 900 m²Terrain 2 : Deux autres parcelles disponibles : 900 m² et 1200 m², idéales pour des projets résidentiels ou d'investissement.Terrain constructible : parfait pour réaliser votre projet immobilier.Viabilisation complète : raccordé aux réseaux (eau, électricité, etc.).Clôturé et arboré : offrant un environnement agréable et prêt à accueillir votre maison.Connexion internet : réseau fibre disponible pour un confort moderne.Accès : facilité grâce à un chemin de servitude privé.Localisation :Le Barp est une commune prisée pour sa qualité de vie, située entre Bordeaux, la métropole dynamique, et Arcachon, célèbre pour ses plages et son bassin. Vous profitez ainsi du meilleur des deux mondes : le calme d’un village et l’accès rapide aux pôles urbains et touristiques.Ces terrains sont parfaits pour des projets de résidence principale, secondaire ou d’investissement locatif dans une région en plein essor.Ne manquez pas cette opportunité !Prix: 190 000 €"!#""!#""!#"0"!#""!#""!#""!#""!#"0"!#""!#"0"!#"0"!#""!#""!#"0"!#"0"!#"0"!#"1"!#"0"!#""!#"0"!#"0"!#""!#"0"!#"0"!#"0"!#"0"!#"0"!#""!#""!#""!#""!#""!#""!#""!#""!#""!#""!#""!#""!#"0"!#"0"!#"0"!#"0"!#"0"!#"0"!#"0"!#"0"!#"0"!#"0"!#"0"!#"0"!#"0"!#"0"!#"0"!#"0"!#"0"!#"0"!#""!#""!#"0"!#"SI"!#"0"!#"0"!#"https://www.papsimmo.fr/properties/2024-120641-1/20241204-103528.jpg?20241206"!#"https://www.papsimmo.fr/properties/2024-120641-1/20241204-103606.jpg?20241206"!#"https://www.papsimmo.fr/properties/2024-120641-1/20241204-111504.jpg?20241206"!#"https://www.papsimmo.fr/properties/2024-120641-1/20241204-111514.jpg?20241206"!#""!#""!#""!#""!#""!#"Photo-2024/120641-1-1"!#"Photo-2024/120641-1-2"!#"Photo-2024/120641-1-3"!#"Photo-2024/120641-1-4"!#""!#""!#""!#""!#""!#""!#""!#"06.77.16.31.03"!#"Joel DEHEZ 255210"!#"jdehez@papsimmo.fr"!#"33114"!#"LE"!#""!#""!#"131"!#"06/12/2024"!#""!#""!#""!#""!#""!#""!#""!#""!#""!#""!#""!#""!#""!#""!#""!#""!#""!#""!#""!#""!#""!#""!#""!#""!#""!#""!#""!#""!#""!#""!#""!#""!#""!#""!#""!#""!#""!#""!#""!#""!#""!#""!#""!#""!#""!#""!#""!#""!#"0"!#"0"!#""!#""!#""!#""!#""!#""!#""!#""!#""!#""!#""!#""!#"0"!#"G"!#"0"!#"G"!#""!#""!#""!#""!#""!#""!#""!#""!#""!#"0"!#"0"!#"0"!#"0"!#""!#""!#""!#""!#""!#""!#""!#""!#""!#""!#""!#""!#""!#""!#""!#""!#""!#""!#""!#""!#""!#""!#""!#""!#""!#""!#""!#""!#""!#""!#""!#""!#""!#""!#""!#""!#""!#""!#""!#""!#""!#""!#""!#""!#""!#""!#""!#""!#""!#""!#""!#""!#""!#""!#""!#""!#""!#""!#""!#""!#""!#""!#""!#""!#""!#""!#""!#"0.00"!#""!#""!#""!#""!#""!#""!#""!#""!#""!#""!#""!#""!#""!#""!#""!#""!#""!#""!#""!#""!#""!#""!#""!#""!#""!#""!#""!#""!#""!#""!#""!#""!#""!#""!#""!#""!#""!#""!#""!#""!#"4.11"!#""!#""!#""!#""!#""!#""!#""!#""!#""!#""!#""!#""!#""!#""!#""!#""!#""!#""!#""!#""!#""!#""!#""!#""!#"0"!#"0"!#""!#""!#""!#""!#""!#""
"papsimmo"!#"2024/120951-1"!#"vente"!#"Terrain"!#"33114"!#"LE"!#"France"!#"6 Rue de Mariotte"!#""!#""!#"210000"!#""!#""!#""!#""!#"0"!#"1200"!#"0"!#"0"!#"Terrains constructibles à Le Barp, entre Bordeaux et le Bassin d'Arcachon"!#"Découvrez ces terrains d’exception situés dans la commune de Le Barp, à seulement 40 km de Bordeaux et du bassin d’Arcachon. Idéalement situés dans un quartier paisible, ces parcelles offrent un cadre de vie unique, alliant tranquillité et proximité avec les grandes villes.Caractéristiques des terrains :Superficies disponibles :Terrain 1 : Parcelle de 1200 m²Terrain 2 : Deux autres parcelles disponibles de 900 m², idéales pour des projets résidentiels ou d'investissement.Terrain constructible : parfait pour réaliser votre projet immobilier.Viabilisation complète : raccordé aux réseaux (eau, électricité, etc.).Clôturé et arboré : offrant un environnement agréable et prêt à accueillir votre maison.Connexion internet : réseau fibre disponible pour un confort moderne.Accès : facilité grâce à un chemin de servitude privé.Localisation :Le Barp est une commune prisée pour sa qualité de vie, située entre Bordeaux, la métropole dynamique, et Arcachon, célèbre pour ses plages et son bassin. Vous profitez ainsi du meilleur des deux mondes : le calme d’un village et l’accès rapide aux pôles urbains et touristiques.Ces terrains sont parfaits pour des projets de résidence principale, secondaire ou d’investissement locatif dans une région en plein essor.Ne manquez pas cette opportunité !Prix: 210 000 €"!#""!#""!#"0"!#""!#""!#""!#""!#"0"!#""!#"0"!#"0"!#""!#""!#"0"!#"0"!#"0"!#"1"!#"0"!#""!#"0"!#"0"!#""!#"0"!#"0"!#"0"!#"0"!#"0"!#""!#""!#""!#""!#""!#""!#""!#""!#""!#""!#""!#""!#"0"!#"0"!#"0"!#"0"!#"0"!#"0"!#"0"!#"0"!#"0"!#"0"!#"0"!#"0"!#"0"!#"0"!#"0"!#"0"!#"0"!#"0"!#""!#""!#"0"!#"SI"!#"0"!#"0"!#"https://www.papsimmo.fr/properties/2024-120951-1/20241204-103606.jpg?20241209"!#"https://www.papsimmo.fr/properties/2024-120951-1/20241204-103528.jpg?20241209"!#"https://www.papsimmo.fr/properties/2024-120951-1/20241204-111504.jpg?20241209"!#"https://www.papsimmo.fr/properties/2024-120951-1/20241204-111514.jpg?20241209"!#""!#""!#""!#""!#""!#"Photo-2024/120951-1-1"!#"Photo-2024/120951-1-2"!#"Photo-2024/120951-1-3"!#"Photo-2024/120951-1-4"!#""!#""!#""!#""!#""!#""!#""!#"06.77.16.31.03"!#"Joel DEHEZ 255210"!#"jdehez@papsimmo.fr"!#"33114"!#"LE"!#""!#""!#"135"!#"09/12/2024"!#""!#""!#""!#""!#""!#""!#""!#""!#""!#""!#""!#""!#""!#""!#""!#""!#""!#""!#""!#""!#""!#""!#""!#""!#""!#""!#""!#""!#""!#""!#""!#""!#""!#""!#""!#""!#""!#""!#""!#""!#""!#""!#""!#""!#""!#""!#""!#""!#"0"!#"0"!#""!#""!#""!#""!#""!#""!#""!#""!#""!#""!#""!#""!#"0"!#"G"!#"0"!#"G"!#""!#""!#""!#""!#""!#""!#""!#""!#""!#"0"!#"0"!#"0"!#"0"!#""!#""!#""!#""!#""!#""!#""!#""!#""!#""!#""!#""!#""!#""!#""!#""!#""!#""!#""!#""!#""!#""!#""!#""!#""!#""!#""!#""!#""!#""!#""!#""!#""!#""!#""!#""!#""!#""!#""!#""!#""!#""!#""!#""!#""!#""!#""!#""!#""!#""!#""!#""!#""!#""!#""!#""!#""!#""!#""!#""!#""!#""!#""!#""!#""!#""!#""!#"0.00"!#""!#""!#""!#""!#""!#""!#""!#""!#""!#""!#""!#""!#""!#""!#""!#""!#""!#""!#""!#""!#""!#""!#""!#""!#""!#""!#""!#""!#""!#""!#""!#""!#""!#""!#""!#""!#""!#""!#""!#""!#"4.11"!#""!#""!#""!#""!#""!#""!#""!#""!#""!#""!#""!#""!#""!#""!#""!#""!#""!#""!#""!#""!#""!#""!#""!#""!#"0"!#"0"!#""!#""!#""!#""!#""!#""
"papsimmo"!#"2024/030514-1"!#"vente"!#"Maison"!#"40000"!#"MONT-DE-MARSAN"!#"France"!#"27 avenue Henri FARBOS"!#""!#""!#"266750"!#""!#""!#""!#""!#"210"!#"555"!#"8"!#"6"!#"Maison de caractère à Saint-Jean-d’Août"!#"Maison de caractère à Saint-Jean-d’Août, Mont-de-Marsan<br>210 m² de charme et d'authenticité dans le quartier historique, une opportunité rare à ne pas manquer !Les points forts :Authenticité préservée : carreaux de ciment, parquets, hauts plafonds, murs en pierre, cheminées… Une demeure qui raconte une histoire.Volumes exceptionnels : 6 chambres, 2 salons, salle à manger, cuisine, et un plateau sous combles prêt à être aménagé.Extérieur agréable : jardin privé et terrasse vitrée pour profiter de moments de détente.Toiture neuve : tranquillité d’esprit pour de nombreuses années.Potentiel immense : idéale pour une grande famille ou un projet d’investissement (division en appartements possible).Points à prévoir :Rénovations nécessaires : modernisation de certains espaces pour révéler tout le potentiel de cette bâtisse d’exception.Située dans un quartier recherché, proche de toutes les commodités, cette maison est une toile vierge pour vos projets.Prix : 266 750 €<br> Une occasion unique de s’offrir un bien de caractère dans un emplacement idéal !Contactez-nous dès maintenant pour une visite et laissez-vous séduire !<br>06 85 65 10 63. Lucie Lafitte "!#""!#""!#"0"!#""!#""!#""!#""!#"0"!#""!#"0"!#"0"!#""!#""!#"0"!#"0"!#"0"!#"1"!#"0"!#""!#"0"!#"0"!#""!#"0"!#"0"!#"0"!#"0"!#"0"!#""!#""!#""!#""!#""!#""!#""!#""!#""!#""!#""!#""!#"0"!#"0"!#"0"!#"0"!#"0"!#"0"!#"0"!#"0"!#"0"!#"0"!#"0"!#"0"!#"0"!#"0"!#"0"!#"0"!#"0"!#"0"!#""!#""!#"0"!#"SI"!#"0"!#"0"!#"https://www.papsimmo.fr/properties/2024-030514-1/WhatsApp-Image-2024-04-02-a-07-06-27-599f96a5.jpg?20240402"!#"https://www.papsimmo.fr/properties/2024-030514-1/WhatsApp-Image-2024-04-02-a-07-06-27-ad5d4a25.jpg?20240402"!#"https://www.papsimmo.fr/properties/2024-030514-1/WhatsApp-Image-2024-04-02-a-07-06-27-6b503dc1.jpg?20240402"!#"https://www.papsimmo.fr/properties/2024-030514-1/WhatsApp-Image-2024-04-02-a-07-06-27-4f09f6d4.jpg?20240402"!#"https://www.papsimmo.fr/properties/2024-030514-1/WhatsApp-Image-2024-04-02-a-07-06-27-e0e8af6e.jpg?20240402"!#"https://www.papsimmo.fr/properties/2024-030514-1/WhatsApp-Image-2024-04-02-a-07-06-27-0a475fc8.jpg?20240402"!#"https://www.papsimmo.fr/properties/2024-030514-1/WhatsApp-Image-2024-04-02-a-07-06-27-c69a25c7.jpg?20240402"!#"https://www.papsimmo.fr/properties/2024-030514-1/WhatsApp-Image-2024-04-02-a-07-06-27-96d90796.jpg?20240402"!#"https://www.papsimmo.fr/properties/2024-030514-1/WhatsApp-Image-2024-04-02-a-07-06-27-a2e1f880.jpg?20240402"!#"Photo-2024/030514-1-1"!#"Photo-2024/030514-1-2"!#"Photo-2024/030514-1-3"!#"Photo-2024/030514-1-4"!#"Photo-2024/030514-1-5"!#"Photo-2024/030514-1-7"!#"Photo-2024/030514-1-8"!#"Photo-2024/030514-1-9"!#"Photo-2024/030514-1-10"!#""!#""!#"06.85.65.10.63"!#"Lucie LAFITTE 944025"!#"llafitte@papsimmo.fr"!#"40000"!#"MONT-DE-MARSAN"!#""!#""!#"95"!#"02/04/2024"!#""!#""!#""!#""!#""!#""!#""!#""!#""!#""!#""!#""!#""!#""!#""!#""!#""!#""!#""!#""!#""!#""!#""!#""!#""!#""!#""!#""!#""!#""!#""!#""!#""!#""!#""!#""!#""!#""!#""!#""!#""!#""!#""!#""!#""!#""!#""!#""!#"0"!#"0"!#"https://www.papsimmo.fr/properties/2024-030514-1/WhatsApp-Image-2024-04-02-a-07-06-27-4ff0b398.jpg?20240402"!#""!#""!#""!#""!#""!#""!#""!#""!#""!#""!#""!#"263"!#"E"!#"57"!#"E"!#""!#""!#""!#""!#""!#""!#""!#""!#""!#"0"!#"0"!#"0"!#"0"!#""!#""!#""!#""!#""!#""!#""!#""!#""!#""!#""!#""!#""!#""!#""!#""!#""!#""!#""!#""!#""!#""!#""!#""!#""!#""!#""!#""!#""!#""!#""!#""!#""!#""!#""!#""!#""!#""!#""!#""!#""!#""!#""!#""!#""!#""!#""!#""!#""!#""!#""!#""!#""!#""!#""!#""!#""!#""!#""!#""!#""!#""!#""!#""!#""!#""!#""!#"0.00"!#""!#""!#""!#""!#""!#""!#""!#""!#""!#""!#""!#""!#""!#"Photo-2024/030514-1-10"!#""!#""!#""!#""!#""!#""!#""!#""!#""!#""!#""!#""!#""!#""!#""!#""!#""!#""!#""!#""!#""!#""!#""!#""!#""!#""!#"4.11"!#""!#""!#""!#""!#""!#""!#""!#""!#""!#""!#""!#""!#""!#""!#""!#""!#""!#""!#""!#""!#""!#""!#"25/05/2023"!#""!#"3310"!#"4520"!#"20/01/2024"!#""!#""!#""!#""!#""
"papsimmo"!#"2024/030537-1"!#"vente"!#"Appartement"!#"40990"!#"SAINT-PAUL-LÈS-DAX"!#"France"!#"saint paul les dax"!#""!#""!#"125000"!#""!#""!#""!#""!#"38"!#"0"!#"2"!#"1"!#"Apt 38m² / résidence au calme"!#"Bel appartement situé au dernier étage d'un immeuble moderne, proche accès commerces, avec espaces verts et piscine.<br>38 m² carrez, un grand espace de vie avec cuisine ouverte, une chambre et une salle de bain. Un Balcon complète le lot.<br>Orienté plein sud, sans vis à vis.<br>Place de parking. <br>Locataire en place, loyer 403€/mois<br>Charge corpo 60€ / mois<br>Prix : 125 000€<br>Contactez Lucie : 06 85 65 10 63"!#""!#""!#"0"!#""!#""!#""!#""!#"0"!#""!#"1"!#"0"!#""!#""!#"0"!#"0"!#"0"!#"1"!#"1"!#""!#"0"!#"0"!#""!#"0"!#"0"!#"0"!#"0"!#"0"!#""!#""!#""!#""!#""!#""!#""!#""!#""!#""!#""!#""!#"0"!#"0"!#"0"!#"0"!#"0"!#"0"!#"0"!#"0"!#"0"!#"0"!#"0"!#"0"!#"0"!#"0"!#"0"!#"0"!#"0"!#"0"!#""!#""!#"0"!#"SI"!#"0"!#"0"!#"https://www.papsimmo.fr/properties/2024-030537-1/WhatsApp-Image-2024-06-24-a-11-24-32-270d7e75.jpg?20240719"!#"https://www.papsimmo.fr/properties/2024-030537-1/WhatsApp-Image-2024-06-24-a-11-24-32-f6dab696.jpg?20240719"!#""!#""!#""!#""!#""!#""!#""!#"Photo-2024/030537-1-1"!#"Photo-2024/030537-1-2"!#""!#""!#""!#""!#""!#""!#""!#""!#""!#"06.85.65.10.63"!#"Lucie LAFITTE 944025"!#"llafitte@papsimmo.fr"!#"40990"!#"SAINT-PAUL-LÈS-DAX"!#""!#""!#"96"!#"05/03/2024"!#""!#""!#""!#""!#""!#""!#""!#""!#""!#""!#""!#""!#""!#""!#""!#""!#""!#""!#""!#""!#""!#""!#""!#""!#""!#""!#""!#""!#""!#""!#""!#""!#""!#""!#""!#""!#""!#""!#""!#""!#""!#""!#""!#""!#""!#""!#""!#""!#"0"!#"0"!#""!#""!#""!#""!#""!#""!#""!#""!#""!#""!#""!#""!#"176"!#"C"!#"7"!#"B"!#""!#""!#""!#""!#""!#""!#""!#""!#""!#"0"!#"0"!#"0"!#"0"!#""!#""!#""!#""!#""!#""!#""!#""!#""!#""!#""!#""!#""!#""!#""!#""!#""!#""!#""!#""!#""!#""!#""!#""!#""!#""!#""!#""!#""!#""!#""!#""!#""!#""!#""!#""!#""!#""!#""!#""!#""!#""!#""!#""!#""!#""!#""!#""!#""!#""!#""!#""!#""!#""!#""!#""!#""!#""!#""!#""!#""!#""!#""!#""!#""!#"1"!#""!#"60.00"!#""!#""!#""!#""!#""!#""!#""!#""!#""!#""!#""!#""!#""!#""!#""!#""!#""!#""!#""!#""!#""!#""!#""!#""!#""!#""!#""!#""!#""!#""!#""!#""!#""!#""!#""!#""!#""!#""!#""!#""!#"4.11"!#""!#""!#""!#""!#""!#""!#""!#""!#""!#""!#""!#""!#""!#""!#""!#""!#""!#""!#""!#""!#""!#""!#"28/06/2022"!#""!#"341"!#"526"!#"20/01/2021"!#""!#""!#""!#""!#""
"papsimmo"!#"2024/030554-1"!#"vente"!#"Terrain"!#"40090"!#"CANENX-ET-RÉAUT"!#"France"!#"canenx"!#""!#""!#"55575"!#""!#""!#""!#""!#"0"!#"2223"!#"0"!#"0"!#"TERRAIN CONSTRUCTIBLE"!#"Terrain en lisière de forêt, accès eau et électricité à proximité. <br>2223m² au calme dans un village à 15min de Mont de marsan.<br>Libre de constructeur.<br>Prix 55 575€<br>Appelez le 06 85 65 10 63 pour plus d'informations ou visite sur place"!#""!#""!#"0"!#""!#""!#""!#""!#"0"!#""!#"0"!#"0"!#""!#""!#"0"!#"0"!#"0"!#"1"!#"0"!#""!#"0"!#"0"!#""!#"0"!#"0"!#"0"!#"0"!#"0"!#""!#""!#""!#""!#""!#""!#""!#""!#""!#""!#""!#""!#"0"!#"0"!#"0"!#"0"!#"0"!#"0"!#"0"!#"0"!#"0"!#"0"!#"0"!#"0"!#"0"!#"0"!#"0"!#"0"!#"0"!#"0"!#""!#""!#"0"!#"SI"!#"0"!#"0"!#""!#""!#""!#""!#""!#""!#""!#""!#""!#""!#""!#""!#""!#""!#""!#""!#""!#""!#""!#""!#"06.85.65.10.63"!#"Lucie LAFITTE 944025"!#"llafitte@papsimmo.fr"!#"40090"!#"CANENX-ET-RÉAUT"!#""!#""!#"92"!#"05/03/2024"!#""!#""!#""!#""!#""!#""!#""!#""!#""!#""!#""!#""!#""!#""!#""!#""!#""!#""!#""!#""!#""!#""!#""!#""!#""!#""!#""!#""!#""!#""!#""!#""!#""!#""!#""!#""!#""!#""!#""!#""!#""!#""!#""!#""!#""!#""!#""!#""!#"0"!#"0"!#""!#""!#""!#""!#""!#""!#""!#""!#""!#""!#""!#""!#"0"!#"G"!#"0"!#"G"!#""!#""!#""!#""!#""!#""!#""!#""!#""!#"0"!#"0"!#"0"!#"0"!#""!#""!#""!#""!#""!#""!#""!#""!#""!#""!#""!#""!#""!#""!#""!#""!#""!#""!#""!#""!#""!#""!#""!#""!#""!#""!#""!#""!#""!#""!#""!#""!#""!#""!#""!#""!#""!#""!#""!#""!#""!#""!#""!#""!#""!#""!#""!#""!#""!#""!#""!#""!#""!#""!#""!#""!#""!#""!#""!#""!#""!#""!#""!#""!#""!#""!#""!#"0.00"!#""!#""!#""!#""!#""!#""!#""!#""!#""!#""!#""!#""!#""!#""!#""!#""!#""!#""!#""!#""!#""!#""!#""!#""!#""!#""!#""!#""!#""!#""!#""!#""!#""!#""!#""!#""!#""!#""!#""!#""!#"4.11"!#""!#""!#""!#""!#""!#""!#""!#""!#""!#""!#""!#""!#""!#""!#""!#""!#""!#""!#""!#""!#""!#""!#""!#""!#"0"!#"0"!#""!#""!#""!#""!#""!#""
"papsimmo"!#"2024/032326-1"!#"vente"!#"Maison"!#"40390"!#"SAINT-MARTIN-DE-HINX"!#"France"!#"saint martin de hinx"!#""!#""!#"399000"!#""!#""!#""!#""!#"96"!#"505"!#"4"!#"3"!#"Magnifique maison de 2020"!#"Dans un quartier calme de Saint Martin de Hinx, venez poser vos valises dans cette belle maison de 2020.<br>Sur un terrain de 505m², elle vous séduira par ses finitions, ses espaces et sa luminosité.<br>Entrée avec placard aménagé donnant sur une agréable pièce de vie toute ouverte et traversante. <br>Incroyable cuisine avec ilot central tout équipé, très agréable et chaleureux.<br>3 chambres dont une avec un immense dressing tout aménagé. <br>Une salle de bain avec douche italienne, baignoire et double vasque.<br>A l'extérieur, la belle terrasse et sa piscine de 3x6 chauffée, sans vis à vis, pour vos moments de détentes et de convivialité.<br>Pour compléter cette maison : un portail électrique + portail piéton, un carport, deux places de parking sur enrobé et un cabanon.<br>Chauffage électrique clim réversible, ballon thermodynamique, domotique. Maison classe énergétique A .<br>Taxe foncière : 845€/anPrix 399 000€ HAIVenez visiter cette maison les yeux fermés ! Lucie Lafitte 06 85 65 10 63<br>Les informations sur les risques auxquels, ce bien est exposé sont disponibles sur le site Géorisques : www.georisques.gouv.fr"!#""!#""!#"0"!#""!#""!#"2020"!#""!#"1"!#""!#"1"!#"0"!#"24576"!#""!#"0"!#"0"!#"0"!#"1"!#"0"!#""!#"0"!#"0"!#""!#"0"!#"0"!#"0"!#"0"!#"1"!#""!#""!#""!#""!#""!#""!#""!#""!#""!#""!#""!#""!#"0"!#"0"!#"0"!#"0"!#"0"!#"0"!#"0"!#"0"!#"0"!#"0"!#"0"!#"0"!#"0"!#"0"!#"0"!#"0"!#"0"!#"0"!#""!#""!#"0"!#"SI"!#"0"!#"0"!#"https://www.papsimmo.fr/properties/2024-032326-1/20230926-161709.jpg?20240323"!#"https://www.papsimmo.fr/properties/2024-032326-1/20230926-161637.jpg?20240323"!#"https://www.papsimmo.fr/properties/2024-032326-1/20230926-161949.jpg?20240323"!#"https://www.papsimmo.fr/properties/2024-032326-1/20230926-162140.jpg?20240323"!#"https://www.papsimmo.fr/properties/2024-032326-1/20230926-162158.jpg?20240323"!#"https://www.papsimmo.fr/properties/2024-032326-1/20230926-162603.jpg?20240323"!#"https://www.papsimmo.fr/properties/2024-032326-1/IMG-7597.jpg?20240323"!#""!#""!#"Photo-2024/032326-1-1"!#"Photo-2024/032326-1-2"!#"Photo-2024/032326-1-3"!#"Photo-2024/032326-1-4"!#"Photo-2024/032326-1-5"!#"Photo-2024/032326-1-7"!#""!#""!#""!#""!#""!#"06.85.65.10.63"!#"Lucie LAFITTE 944025"!#"llafitte@papsimmo.fr"!#"40390"!#"SAINT-MARTIN-DE-HINX"!#""!#""!#"90"!#"23/03/2024"!#""!#""!#""!#""!#""!#""!#""!#""!#""!#""!#""!#""!#""!#""!#""!#""!#""!#""!#""!#""!#""!#""!#""!#""!#""!#""!#""!#""!#""!#""!#""!#""!#""!#""!#""!#""!#""!#""!#""!#""!#""!#""!#""!#""!#""!#""!#""!#""!#"0"!#"0"!#""!#""!#""!#""!#""!#""!#""!#""!#""!#""!#""!#""!#"47"!#"A"!#"2"!#"A"!#""!#""!#""!#""!#""!#""!#""!#""!#""!#"0"!#"0"!#"0"!#"0"!#""!#""!#""!#""!#""!#""!#""!#""!#""!#""!#""!#""!#""!#""!#""!#""!#""!#""!#""!#""!#""!#""!#""!#""!#""!#""!#""!#""!#""!#""!#""!#""!#""!#""!#""!#""!#""!#""!#""!#""!#""!#""!#""!#""!#""!#""!#""!#""!#""!#""!#""!#""!#""!#""!#""!#""!#""!#""!#""!#""!#""!#""!#""!#""!#""!#""!#""!#"0.00"!#""!#""!#""!#""!#""!#""!#""!#""!#""!#""!#""!#""!#""!#""!#""!#""!#""!#""!#""!#""!#""!#""!#""!#""!#""!#""!#""!#""!#""!#""!#""!#""!#""!#""!#""!#""!#""!#""!#""!#""!#"4.11"!#""!#""!#""!#""!#""!#""!#""!#""!#""!#""!#""!#""!#""!#""!#""!#""!#""!#""!#""!#""!#""!#""!#""!#""!#"0"!#"0"!#""!#""!#""!#""!#""!#""
"papsimmo"!#"2024/051803-1"!#"vente"!#"Maison"!#"40140"!#"MAGESCQ"!#"France"!#"Magescq"!#""!#""!#"498000"!#""!#""!#""!#""!#"135"!#"1430"!#"6"!#"4"!#"Belle landaise moderne et chaleureuse"!#"Découvrez cette belle maison traditionnelle, dans un cadre verdoyant et calme.<br>Maison de 2007, située à Magescq, proche de toutes commodités, sur un terrain de 1435m².<br>La pièce de vie baignée de lumière, son plafond cathédrale et sa disposition vous invite au partage. Le mélange des matériaux donne du cachet à l'ensemble de cette landaise.<br>La cuisine attenante s'ouvre sur la salle à manger, bien équipée, elle dispose d'un cellier, donnant sur la terrasse.<br>À l'entrée, l'escalier surplombant la pièce de vie vous mène à l'étage. La mezzanine étant actuellement un bureau et coin TV, peut facilement se transformer en chambre + salle de bain, atelier d'artiste ou salle de jeu.<br>L'espace nuit dispose de 3 chambres, dont un bureau pouvant servir de chambre d'appoint. Le tout, avec une salle de bain et une salle d'eau, un wc indépendant et un sanibroyeur.<br>Pour terminer, la maison est parfaitement équipée en rangements.<br>L'architecture de la maison la valorise par rapport aux autres du quartier. <br>Elle est idéalement placée, ne subit aucun vis-à-vis, est invité à l'apaisement. <br>Le grand terrain arboré, sa grange et sa piscine semi-enterrée finiront de vous séduire. <br>Vous l'aurez compris, difficile de tout dire, il faut venir pour la découvrir !<br><br><br>"!#""!#""!#"0"!#""!#""!#"2007"!#""!#"1"!#""!#"2"!#"0"!#"16384"!#""!#"0"!#"0"!#"0"!#"1"!#"0"!#""!#"0"!#"0"!#""!#"0"!#"0"!#"0"!#"0"!#"1"!#""!#""!#""!#""!#""!#""!#""!#""!#""!#""!#""!#""!#"0"!#"0"!#"0"!#"0"!#"0"!#"0"!#"0"!#"0"!#"0"!#"0"!#"0"!#"0"!#"0"!#"0"!#"0"!#"0"!#"0"!#"0"!#""!#""!#"0"!#"SI"!#"0"!#"0"!#"https://www.papsimmo.fr/properties/2024-051803-1/WhatsApp-Image-2024-05-18-a-15-12-24-e3945da6.jpg?20240518"!#"https://www.papsimmo.fr/properties/2024-051803-1/WhatsApp-Image-2024-05-18-a-15-12-30-cfb03d9e.jpg?20240518"!#"https://www.papsimmo.fr/properties/2024-051803-1/IMG-7711.jpg?20240518"!#"https://www.papsimmo.fr/properties/2024-051803-1/WhatsApp-Image-2024-05-18-a-15-12-23-57c719bd.jpg?20240518"!#"https://www.papsimmo.fr/properties/2024-051803-1/WhatsApp-Image-2024-05-18-a-15-12-29-6e607ce4.jpg?20240518"!#"https://www.papsimmo.fr/properties/2024-051803-1/IMG-7716.jpg?20240518"!#"https://www.papsimmo.fr/properties/2024-051803-1/WhatsApp-Image-2024-05-18-a-15-12-30-ba88f8bd.jpg?20240518"!#"https://www.papsimmo.fr/properties/2024-051803-1/WhatsApp-Image-2024-05-18-a-15-12-29-71ba5c23.jpg?20240518"!#"https://www.papsimmo.fr/properties/2024-051803-1/WhatsApp-Image-2024-05-18-a-15-12-25-85949c78.jpg?20240518"!#"Photo-2024/051803-1-1"!#"Photo-2024/051803-1-2"!#"Photo-2024/051803-1-3"!#"Photo-2024/051803-1-4"!#"Photo-2024/051803-1-5"!#"Photo-2024/051803-1-7"!#"Photo-2024/051803-1-8"!#"Photo-2024/051803-1-9"!#"Photo-2024/051803-1-10"!#""!#""!#"06.85.65.10.63"!#"Lucie LAFITTE 944025"!#"llafitte@papsimmo.fr"!#"40140"!#"MAGESCQ"!#""!#""!#"104"!#"18/05/2024"!#""!#""!#""!#""!#""!#""!#""!#""!#""!#""!#""!#""!#""!#""!#""!#""!#""!#""!#""!#""!#""!#""!#""!#""!#""!#""!#""!#""!#""!#""!#""!#""!#""!#""!#""!#""!#""!#""!#""!#""!#""!#""!#""!#""!#""!#""!#""!#""!#"0"!#"0"!#"https://www.papsimmo.fr/properties/2024-051803-1/WhatsApp-Image-2024-05-18-a-15-12-28-8d627445.jpg?20240518"!#"https://www.papsimmo.fr/properties/2024-051803-1/WhatsApp-Image-2024-05-18-a-15-12-26-a6890402.jpg?20240518"!#"https://www.papsimmo.fr/properties/2024-051803-1/WhatsApp-Image-2024-05-18-a-15-12-26-66178861.jpg?20240518"!#""!#""!#""!#""!#""!#""!#""!#""!#""!#"0"!#"VI"!#"0"!#"VI"!#""!#""!#""!#""!#""!#""!#""!#""!#""!#"0"!#"0"!#"0"!#"0"!#""!#""!#""!#""!#""!#""!#""!#""!#""!#""!#""!#""!#""!#""!#""!#""!#""!#""!#""!#""!#""!#""!#""!#""!#""!#""!#""!#""!#""!#""!#""!#""!#""!#""!#""!#""!#""!#""!#""!#""!#""!#""!#""!#""!#""!#""!#""!#""!#""!#""!#""!#""!#""!#""!#""!#""!#""!#""!#""!#""!#""!#""!#""!#""!#""!#""!#""!#"0.00"!#""!#""!#""!#""!#""!#""!#""!#""!#""!#""!#""!#""!#""!#"Photo-2024/051803-1-10"!#"Photo-2024/051803-1-11"!#"Photo-2024/051803-1-12"!#""!#""!#""!#""!#""!#""!#""!#""!#""!#""!#""!#""!#""!#""!#""!#""!#""!#""!#""!#""!#""!#""!#""!#""!#"4.11"!#""!#""!#""!#""!#""!#""!#""!#""!#""!#""!#""!#""!#""!#""!#""!#""!#""!#""!#""!#""!#""!#""!#""!#""!#"0"!#"0"!#""!#""!#""!#""!#""!#""
"papsimmo"!#"2024/100719-1"!#"vente"!#"Maison"!#"40120"!#"MAILLÈRES"!#"France"!#"Maillères"!#""!#""!#"175000"!#""!#""!#""!#""!#"75"!#"28297"!#"0"!#"0"!#"Maison Landaise / airial + foret 2,8ha"!#"Maison Landaise nichée au cœur d'un airial, un petit coin de paradis pour les amoureux de nature !<br>Maison à rénover entièrement, sauf la toiture, déjà refaite.<br>La maison peut être agrandie de 50% par rapport à l'emprise au sol.<br>Deux granges sont cadastrées, mais actuellement à l'abandon.<br>Vous l'aurez compris, cette maison, ce lieu, attend son coup de cœur, et quelqu'un qui saura lui redonner toute sa beauté. <br>Contactez-moi pour une visite ou plus d'information.<br>Prix : 175 000€"!#""!#""!#"0"!#""!#""!#""!#""!#"0"!#""!#"0"!#"0"!#""!#""!#"0"!#"0"!#"0"!#"1"!#"0"!#""!#"0"!#"0"!#""!#"0"!#"0"!#"0"!#"0"!#"0"!#""!#""!#""!#""!#""!#""!#""!#""!#""!#""!#""!#""!#"0"!#"0"!#"0"!#"0"!#"0"!#"0"!#"0"!#"0"!#"0"!#"0"!#"0"!#"0"!#"0"!#"0"!#"0"!#"0"!#"0"!#"0"!#""!#""!#"0"!#"SI"!#"0"!#"0"!#"https://www.papsimmo.fr/properties/2024-100719-1/358334147-228022896870757-829261548031997283-n.jpg?20241007"!#"https://www.papsimmo.fr/properties/2024-100719-1/358324308-2391126221066543-7861005962890919559-n.jpg?20241007"!#"https://www.papsimmo.fr/properties/2024-100719-1/358328321-1638057480018027-740406401225796840-n.jpg?20241007"!#"https://www.papsimmo.fr/properties/2024-100719-1/358326969-222153287467262-5928160267580269192-n.jpg?20241007"!#"https://www.papsimmo.fr/properties/2024-100719-1/358325267-636867864871830-6171483147595718194-n.jpg?20241007"!#"https://www.papsimmo.fr/properties/2024-100719-1/358332169-789850229592386-2195408255889092255-n.jpg?20241007"!#"https://www.papsimmo.fr/properties/2024-100719-1/358822591-284967927480030-1633269032071372827-n.jpg?20241007"!#"https://www.papsimmo.fr/properties/2024-100719-1/358321440-200576699370160-8024340341975090912-n.jpg?20241007"!#"https://www.papsimmo.fr/properties/2024-100719-1/358329919-191381467065240-2818936800946580261-n.jpg?20241007"!#"Photo-2024/100719-1-1"!#"Photo-2024/100719-1-2"!#"Photo-2024/100719-1-3"!#"Photo-2024/100719-1-4"!#"Photo-2024/100719-1-5"!#"Photo-2024/100719-1-7"!#"Photo-2024/100719-1-8"!#"Photo-2024/100719-1-9"!#"Photo-2024/100719-1-10"!#""!#""!#"06.85.65.10.63"!#"Lucie LAFITTE 944025"!#"llafitte@papsimmo.fr"!#"40120"!#"MAILLÈRES"!#""!#""!#"102"!#"07/10/2024"!#""!#""!#""!#""!#""!#""!#""!#""!#""!#""!#""!#""!#""!#""!#""!#""!#""!#""!#""!#""!#""!#""!#""!#""!#""!#""!#""!#""!#""!#""!#""!#""!#""!#""!#""!#""!#""!#""!#""!#""!#""!#""!#""!#""!#""!#""!#""!#""!#"0"!#"0"!#"https://www.papsimmo.fr/properties/2024-100719-1/358332193-1013327540082866-4271696477659227315-n.jpg?20241007"!#"https://www.papsimmo.fr/properties/2024-100719-1/358333652-1083484775957418-1170099141593812412-n.jpg?20241007"!#"https://www.papsimmo.fr/properties/2024-100719-1/358339078-959537548438395-4162910302439887085-n.jpg?20241007"!#""!#""!#""!#""!#""!#""!#""!#""!#""!#"0"!#"NS"!#"0"!#"NS"!#""!#""!#""!#""!#""!#""!#""!#""!#""!#"0"!#"0"!#"0"!#"0"!#""!#""!#""!#""!#""!#""!#""!#""!#""!#""!#""!#""!#""!#""!#""!#""!#""!#""!#""!#""!#""!#""!#""!#""!#""!#""!#""!#""!#""!#""!#""!#""!#""!#""!#""!#""!#""!#""!#""!#""!#""!#""!#""!#""!#""!#""!#""!#""!#""!#""!#""!#""!#""!#""!#""!#""!#""!#""!#""!#""!#""!#""!#""!#""!#""!#""!#""!#"0.00"!#""!#""!#""!#""!#""!#""!#""!#""!#""!#""!#""!#""!#""!#"Photo-2024/100719-1-10"!#"Photo-2024/100719-1-11"!#"Photo-2024/100719-1-12"!#""!#""!#""!#""!#""!#""!#""!#""!#""!#""!#""!#""!#""!#""!#""!#""!#""!#""!#""!#""!#""!#""!#""!#""!#"4.11"!#""!#""!#""!#""!#""!#""!#""!#""!#""!#""!#""!#""!#""!#""!#""!#""!#""!#""!#""!#""!#""!#""!#""!#""!#"0"!#"0"!#""!#""!#""!#""!#""!#""
"papsimmo"!#"2024/100309-1A"!#"vente"!#"Maison"!#"40170"!#"MÉZOS"!#"France"!#"Onesse Laharie"!#""!#""!#"547000"!#""!#""!#""!#""!#"200"!#"17000"!#"7"!#"5"!#"AIRIAL 1.7H  2 MAISONS ET 1 ECURIE"!#"Patrimoine architectural landais très prisé, l'airial est un espace ouvert, comme une clairière, dans la forêt où on trouve plusieurs bâtiments sur ce terrain couvert d'herbe et planté de quelques chênes et pins.Je vous propose un airial d'environ 1.7 hectares, comprenant trois bâtiments : deux habitations datant de 1900, une bergerie et une grange rénovées en 2019 ainsi qu'une écurie de 12 boxs.La bergerie exposée sud, alie modernité et charme de l'ancien : la charpente est apparente. D'environ 90m² de plain-pied, elle propose une belle pièce de vie avec cuisine ouverte d'environ 54m². Les deux chambres d'environ 18m² et 12m² possèdent chacune un espace dédié avec vasque et douche et l'une a même une baignoire. Un cellier et un wc complètent le tout. Côté confort : chauffage électrique et poêle à granulés,DPE D.La grange, exposée sud-ouest, offre 110m². Le rez-de-chaussée se compose d'une pièce de vie lumineuse avec sa cuisine ouverte d'environ 44m². Cet espace peut être agrandi en créant une ouverture et en récupérant environ 25m² de l'atelier attenant. À l'étage, une vaste pièce palière de 25m² vous accueille et dessert trois chambres d'environ 10-12 et 13m²ainsi qu'une salle de bain et WC. Côté confort : chauffage électrique et cheminée. DPE CL'écurie possède quant à elle 12 boxs.Idéal pour développer une activité gîtes / gîtes équestres. Vous pouvez également faire de la location à l'année ou saisonnière ou tout simplement profiter en famille de l'ensemble de ce bien.Taxe foncière : 662€<br><br>Lien de consultation vidéo/photoshttps://www.canva.com/design/DAGS48qN3y4/YgGCCrGqc6Da8fLRnIMr9A/watch?utm_content=DAGS48qN3y4&utm_campaign=designshare&utm_medium=link&utm_source=editor<br><br>Contactez Lucie 06 85 65 10 63 "!#""!#""!#"0"!#""!#""!#"1900"!#""!#"0"!#""!#"0"!#"0"!#""!#""!#"0"!#"0"!#"0"!#"1"!#"0"!#""!#"0"!#"0"!#""!#"0"!#"0"!#"0"!#"0"!#"0"!#""!#""!#""!#""!#""!#""!#""!#""!#""!#""!#""!#""!#"0"!#"0"!#"0"!#"0"!#"0"!#"0"!#"0"!#"0"!#"0"!#"0"!#"0"!#"0"!#"0"!#"0"!#"0"!#"0"!#"0"!#"0"!#""!#""!#"0"!#"SI"!#"0"!#"0"!#"https://www.papsimmo.fr/properties/2024-100309-1A/1000009902.jpg?20241007"!#"https://www.papsimmo.fr/properties/2024-100309-1A/1000009913.jpg?20241007"!#"https://www.papsimmo.fr/properties/2024-100309-1A/1000009936.jpg?20241007"!#"https://www.papsimmo.fr/properties/2024-100309-1A/1000009937.jpg?20241018"!#"https://www.papsimmo.fr/properties/2024-100309-1A/1000009933.jpg?20241018"!#""!#""!#""!#""!#"Photo-2024/100309-1A-1"!#"Photo-2024/100309-1A-2"!#"Photo-2024/100309-1A-3"!#"Photo-2024/100309-1A-4"!#"Photo-2024/100309-1A-5"!#""!#""!#""!#""!#""!#""!#"06.85.65.10.63"!#"Lucie LAFITTE 944025"!#"llafitte@papsimmo.fr"!#"40170"!#"MÉZOS"!#""!#""!#"118"!#"03/10/2024"!#""!#""!#""!#""!#""!#""!#""!#""!#""!#""!#""!#""!#""!#""!#""!#""!#""!#""!#""!#""!#""!#""!#""!#""!#""!#""!#""!#""!#""!#""!#""!#""!#""!#""!#""!#""!#""!#""!#""!#""!#""!#""!#""!#""!#""!#""!#""!#""!#"0"!#"0"!#""!#""!#""!#""!#""!#""!#""!#""!#""!#""!#""!#""!#"151"!#"C"!#"4"!#"A"!#""!#""!#""!#""!#""!#""!#""!#""!#""!#"0"!#"0"!#"0"!#"0"!#""!#""!#""!#""!#""!#""!#""!#""!#""!#""!#""!#""!#""!#""!#""!#""!#""!#""!#""!#""!#""!#""!#""!#""!#""!#""!#""!#""!#""!#""!#""!#""!#""!#""!#""!#""!#""!#""!#""!#""!#""!#""!#""!#""!#""!#""!#""!#""!#""!#""!#""!#""!#""!#""!#""!#""!#""!#""!#""!#""!#""!#""!#""!#""!#""!#""!#""!#"0.00"!#""!#""!#""!#""!#""!#""!#""!#""!#""!#""!#""!#""!#""!#""!#""!#""!#""!#""!#""!#""!#""!#""!#""!#""!#""!#""!#""!#""!#""!#""!#""!#""!#""!#""!#""!#""!#""!#""!#""!#""!#"4.11"!#""!#""!#""!#""!#""!#""!#""!#""!#""!#""!#""!#""!#""!#""!#""!#""!#""!#""!#""!#""!#""!#""!#"23/05/2024"!#""!#"820"!#"1140"!#"20/01/2024"!#""!#""!#""!#""!#""
"papsimmo"!#"2024/052329-1A"!#"vente"!#"Villa"!#"40510"!#"SEIGNOSSE"!#"France"!#"hossegor"!#""!#""!#"1100000"!#""!#""!#""!#""!#"220"!#"1507"!#"7"!#"3"!#"VILLA 220M² PLEIN PIED 3CH 2SDD 1SDB 4WC HOSSEGOR"!#"Située dans un quartier résidentiel, recherché, proche du centre-ville et du lac d'Hossegor, cette villa d'environ 220m² et de plain-pied présente de beaux matériaux.<br>Elle vous propose :<br>Un hall d'entrée spacieux avec WC et son lave-mains, un vaste séjour inondé de lumière avec un accès direct sur la terrasse par la présence de quatre grandes baies vitrées, une salle à manger attenante, une cuisine équipée aménagée avec accès direct sur la terrasse, une arrière-cuisine, un cellier et une lingerie avec de nombreux rangements, une suite parentale avec accès direct sur la terrasse composée d'une chambre munie d'un parquet, d'une salle de bain avec double vasque, bidet, Wc et sèche serviettes, puis d'un espace rangement équipé d'un immense placard aux portes miroir coulissantes, deux autres chambres avec parquet dont une munie d'un grand placard, une salle d'eau avec simple vasque et sèche serviettes, un Wc séparé.<br>Le tout est complété par :<br>une pièce d'eau dédiée au retour de plage comprenant une douche, un lavabo et un Wc séparé, un double garage, un atelier, une cave à vin, un sauna, un grenier d'environ 35m² qui peut servir de dortoir pour les petits enfants.<br>Côté confort, vous trouverez :<br>Une très belle cheminée dans le séjour. Ce bien est équipé du chauffage au sol et de la climatisation réversible (neuve 2023). La chaudière à gaz a sept ans. La maison possède la VMC. Chaque ouverture possède le double vitrage, les volets roulants et deux stores bannes côté séjour. La toiture est en bon état, elle est balayée et traitée régulièrement. Pour votre sécurité, la villa est dotée d'une alarme. Le terrain d'environ 1500m², entièrement clos, paysagé et arboré et sans vis-à-vis et très bien entretenu, vous offre un bel espace de détente.Prix : 1 100 000€ HAI "!#""!#""!#"0"!#""!#""!#"1999"!#""!#"1"!#""!#"4"!#"0"!#""!#""!#"0"!#"0"!#"0"!#"1"!#"0"!#""!#"0"!#"0"!#""!#"0"!#"0"!#"0"!#"0"!#"1"!#""!#""!#""!#""!#""!#""!#""!#""!#""!#""!#""!#""!#"0"!#"0"!#"0"!#"0"!#"0"!#"0"!#"0"!#"0"!#"0"!#"0"!#"0"!#"0"!#"0"!#"0"!#"0"!#"0"!#"0"!#"0"!#""!#""!#"0"!#"SI"!#"0"!#"0"!#"https://www.papsimmo.fr/properties/2024-052329-1A/IMG-7689.jpg?20241209"!#"https://www.papsimmo.fr/properties/2024-052329-1A/IMG-7681.jpg?20241209"!#"https://www.papsimmo.fr/properties/2024-052329-1A/IMG-7694.jpg?20241209"!#"https://www.papsimmo.fr/properties/2024-052329-1A/IMG-7698.jpg?20241209"!#"https://www.papsimmo.fr/properties/2024-052329-1A/IMG-7700.jpg?20241209"!#"https://www.papsimmo.fr/properties/2024-052329-1A/IMG-7697.jpg?20241209"!#""!#""!#""!#"Photo-2024/052329-1A-1"!#"Photo-2024/052329-1A-2"!#"Photo-2024/052329-1A-3"!#"Photo-2024/052329-1A-4"!#"Photo-2024/052329-1A-5"!#""!#""!#""!#""!#""!#""!#"06.85.65.10.63"!#"Lucie LAFITTE 944025"!#"llafitte@papsimmo.fr"!#"40510"!#"SEIGNOSSE"!#""!#""!#"103"!#"23/05/2024"!#""!#""!#""!#""!#""!#""!#""!#""!#""!#""!#""!#""!#""!#""!#""!#""!#""!#""!#""!#""!#""!#""!#""!#""!#""!#""!#""!#""!#""!#""!#""!#""!#""!#""!#""!#""!#""!#""!#""!#""!#""!#""!#""!#""!#""!#""!#""!#""!#"0"!#"0"!#""!#""!#""!#""!#""!#""!#""!#""!#""!#""!#""!#""!#"133"!#"C"!#"27"!#"C"!#""!#""!#""!#""!#""!#""!#""!#""!#""!#"0"!#"0"!#"0"!#"0"!#""!#""!#""!#""!#""!#""!#""!#""!#""!#""!#""!#""!#""!#""!#""!#""!#""!#""!#""!#""!#""!#""!#""!#""!#""!#""!#""!#""!#""!#""!#""!#""!#""!#""!#""!#""!#""!#""!#""!#""!#""!#""!#""!#""!#""!#""!#""!#""!#""!#""!#""!#""!#""!#""!#""!#""!#""!#""!#""!#""!#""!#""!#""!#""!#""!#""!#""!#"0.00"!#""!#""!#""!#""!#""!#""!#""!#""!#""!#""!#""!#""!#""!#""!#""!#""!#""!#""!#""!#""!#""!#""!#""!#""!#""!#""!#""!#""!#""!#""!#""!#""!#""!#""!#""!#""!#""!#""!#""!#""!#"4.11"!#""!#""!#""!#""!#""!#""!#""!#""!#""!#""!#""!#""!#""!#""!#""!#""!#""!#""!#""!#""!#""!#""!#"22/09/2023"!#""!#"1930"!#"2650"!#"01/01/2021"!#""!#""!#""!#""!#""
"papsimmo"!#"2024/061912-1A"!#"vente"!#"Appartement"!#"40100"!#"DAX"!#"France"!#"dax"!#""!#""!#"169000"!#""!#""!#""!#""!#"58"!#"4493"!#"3"!#"1"!#"APPARTEMENT T2 58m²  VUE EXCEPTIONNELLE"!#"Cet appartement T2 de 58 m²(Carrez) est proche du centre-ville et des commodités : supermarché, pharmacie, transports etc... et vous pouvez tout faire à pied. Il se trouve au 5ᵉ et dernier étage d'une résidence (233 lots) avec ascenseur et sécurisée : porte ouverture avec badge. Il offre une vue exceptionnelle, il est très lumineux et il se compose d'une entrée avec placard, d'une cuisine séparée, d'une pièce de vie, d'une chambre, d'un SDB avec WC. Il possède deux balcons, l'un de 4.07 m² et l'autre de 5.92 m² permettant d'installer entre autres une table et deux chaises et de pouvoir admirer et profiter de la vue. Une place de parking et une cave complètent ce bien.Son prix de vente est de 169 000€. "!#""!#""!#"5"!#""!#""!#""!#""!#"1"!#""!#"1"!#"0"!#""!#""!#"0"!#"0"!#"0"!#"1"!#"0"!#""!#"0"!#"0"!#""!#"0"!#"0"!#"0"!#"0"!#"1"!#""!#""!#""!#""!#""!#""!#""!#""!#""!#""!#""!#""!#"0"!#"0"!#"0"!#"0"!#"0"!#"0"!#"0"!#"0"!#"0"!#"0"!#"0"!#"0"!#"0"!#"0"!#"0"!#"0"!#"0"!#"0"!#""!#""!#"0"!#"SI"!#"0"!#"0"!#""!#""!#""!#""!#""!#""!#""!#""!#""!#""!#""!#""!#""!#""!#""!#""!#""!#""!#""!#""!#"06.85.65.10.63"!#"Lucie LAFITTE 944025"!#"llafitte@papsimmo.fr"!#"40100"!#"DAX"!#""!#""!#"109"!#"19/06/2024"!#""!#""!#""!#""!#""!#""!#""!#""!#""!#""!#""!#""!#""!#""!#""!#""!#""!#""!#""!#""!#""!#""!#""!#""!#""!#""!#""!#""!#""!#""!#""!#""!#""!#""!#""!#""!#""!#""!#""!#""!#""!#""!#""!#""!#""!#""!#""!#""!#"0"!#"0"!#""!#""!#""!#""!#""!#""!#""!#""!#""!#""!#""!#""!#"276"!#"E"!#"56"!#"E"!#""!#""!#""!#""!#""!#""!#""!#""!#""!#"0"!#"0"!#"0"!#"0"!#""!#""!#""!#""!#""!#""!#""!#""!#""!#""!#""!#""!#""!#""!#""!#""!#""!#""!#""!#""!#""!#""!#""!#""!#""!#""!#""!#""!#""!#""!#""!#""!#""!#""!#""!#""!#""!#""!#""!#""!#""!#""!#""!#""!#""!#""!#""!#""!#""!#""!#""!#""!#""!#""!#""!#""!#""!#""!#""!#""!#""!#""!#""!#""!#""!#""!#""!#"0.00"!#""!#""!#""!#""!#""!#""!#""!#""!#""!#""!#""!#""!#""!#""!#""!#""!#""!#""!#""!#""!#""!#""!#""!#""!#""!#""!#""!#""!#""!#""!#""!#""!#""!#""!#""!#""!#""!#""!#""!#""!#"4.11"!#""!#""!#""!#""!#""!#""!#""!#""!#""!#""!#""!#""!#""!#""!#""!#""!#""!#""!#""!#""!#""!#""!#"27/10/2021"!#""!#"1160"!#"1640"!#"01/01/2021"!#""!#""!#""!#""!#""
"papsimmo"!#"2024/031203-1"!#"vente"!#"Appartement"!#"40100"!#"DAX"!#"France"!#"dax"!#""!#""!#"88000"!#""!#""!#""!#""!#"30"!#"0"!#"2"!#"1"!#"T1BIS 30m² balcon parking centre ville Dax"!#"Appartement très bien situé à Dax, tout à proximité et le centre ville à 2min à pieds.<br><br>Idéal investisseur locatif<br><br>Locataire déjà en place depuis des années, bail en cours jusqu'en juillet 2025<br><br>T1 Bis, pièce de vie de 18.82m² avec kitchenette, 1 chambre, 1 salle de bain et un wc indépendant + un balcon de 6.41m² + 1 place de parking<br><br>Charge de copro (129 lots): 600€ / an<br><br>Taxe foncière : 760€<br><br>Prix 88000€ HAIcontact: Aline Lateulère PAP'S Immo 0641598385 ou alateulere@papsimmo.frLes informations sur les risques naturels auxquels ce bien est exposé, sont disponibles sur le site géorisques: www.georisques.gouv.fr "!#""!#""!#"0"!#""!#""!#"2005"!#""!#"1"!#""!#"1"!#"0"!#""!#""!#"0"!#"0"!#"0"!#"1"!#"1"!#""!#"0"!#"0"!#""!#"0"!#"0"!#"0"!#"0"!#"0"!#""!#""!#""!#""!#""!#""!#""!#""!#""!#""!#""!#""!#"0"!#"0"!#"0"!#"0"!#"0"!#"0"!#"0"!#"0"!#"0"!#"0"!#"0"!#"0"!#"0"!#"0"!#"0"!#"0"!#"0"!#"0"!#""!#""!#"0"!#"SI"!#"0"!#"0"!#"https://www.papsimmo.fr/properties/2024-031203-1/PHOTO-2024-03-12-21-18-29.jpg?20241031"!#"https://www.papsimmo.fr/properties/2024-031203-1/PHOTO-2024-03-12-21-21-50.jpg?20241031"!#"https://www.papsimmo.fr/properties/2024-031203-1/PHOTO-2024-03-12-21-22-00.jpg?20241031"!#""!#""!#""!#""!#""!#""!#"Photo-2024/031203-1-1"!#"Photo-2024/031203-1-2"!#"Photo-2024/031203-1-3"!#""!#""!#""!#""!#""!#""!#""!#""!#"06.41.59.83.85"!#"Aline LATEULERE 473081"!#"alateulere@papsimmo.fr"!#"40100"!#"DAX"!#""!#""!#"81"!#"12/03/2024"!#""!#""!#""!#""!#""!#""!#""!#""!#""!#""!#""!#""!#""!#""!#""!#""!#""!#""!#""!#""!#""!#""!#""!#""!#""!#""!#""!#""!#""!#""!#""!#""!#""!#""!#""!#""!#""!#""!#""!#""!#""!#""!#""!#""!#""!#""!#""!#""!#"0"!#"0"!#""!#""!#""!#""!#""!#""!#""!#""!#""!#""!#""!#""!#"236"!#"D"!#"7"!#"B"!#""!#""!#""!#""!#""!#""!#""!#""!#""!#"0"!#"0"!#"0"!#"0"!#""!#""!#""!#""!#""!#""!#""!#""!#""!#""!#""!#""!#""!#""!#""!#""!#""!#""!#""!#""!#""!#""!#""!#""!#""!#""!#""!#""!#""!#""!#""!#""!#""!#""!#""!#""!#""!#""!#""!#""!#""!#""!#""!#""!#""!#""!#""!#""!#""!#""!#""!#""!#""!#""!#""!#""!#""!#""!#""!#""!#""!#""!#""!#""!#""!#""!#""!#"0.00"!#""!#""!#""!#""!#""!#""!#""!#""!#""!#""!#""!#""!#""!#""!#""!#""!#""!#""!#""!#""!#""!#""!#""!#""!#""!#""!#""!#""!#""!#""!#""!#""!#""!#""!#""!#""!#""!#""!#""!#""!#"4.11"!#""!#""!#""!#""!#""!#""!#""!#""!#""!#""!#""!#""!#""!#""!#""!#""!#""!#""!#""!#""!#""!#""!#"30/05/2023"!#""!#"490"!#"710"!#"01/01/2021"!#""!#""!#""!#""!#""
"papsimmo"!#"2024/031432-1"!#"vente"!#"Maison"!#"40380"!#"OZOURT"!#"France"!#"Ozourt"!#""!#""!#"297000"!#""!#""!#""!#""!#"169"!#"1600"!#"5"!#"3"!#"MAISON 3CH"!#"Située à environ18 kms de Dax, dans la commune d'Ozourt , cette maison de 2012 d'environ 169m² avec quelques finitions à prévoir, vous propose:<br><br>- En RDC: une entrée qui s'ouvre sur le séjour salon cathédrale, vaste pièce de vie d'environ 46m² avec un accès direct sur la terrasse d'environ 65m² orientée sud-ouest.<br>*** une cuisine de 2017 aménagée équipée<br>*** un cellier attenant avec un accès vers le sous sol et un autre vers l'extérieur<br>*** 3 chambres d'environ 12m² comprenant chacune 1 grand placard aménagé et un sol en parquet<br>*** 1 wc indépendant avec fenêtre<br>*** 1 pièce d'eau: une douche à l'italienne, une baignoire et une double vasque<br>- A l'étage: une vaste surface surplombant le salon séjour reste à terminer selon vos besoins . Les arrivées pour l'installation d'une pièce d'eau sont en place ainsi que<br>l'électricité.<br>- d'un sous-sol: environ 145m² , 2 entrées de garages,1 escalier donnant sur le jardin et 1 escalier donnant sur le cellier.<br><br>Côté confort, cette maison présente un DPE B et est équipée: du chauffage au sol, d'une cheminée, d'une pompe à chaleur, du double vitrage, de volets électriques avec centralisation, d'une isolation styrodur, de la VMC double flux, d'un bac à graisses, d'une fosse septique aux normes et une réserve enterrée d'eau de 5000L<br><br>Le terrain d'environ 1600m² est entretenu, planté de quelques arbres et agrémenté d'un massif à l'entrée de la maison. Il est équipé de 3 robinets. Il est piscinable.<br><br>Remarque: certains matériaux dédiés aux finitions sont déjà stockés: plancher pour environ 16m², carrelage de salle de bain, parements pour l'entrée et grillage pour la clôture.<br><br>La taxe foncière s'élève à environ 1100€<br><br>Ce bien est proposé à la vente à 297000€Contact: Aline Lateulère PAP'S Immo 0641598385 ou alateulere@papsimmo.frLes informations sur les risques auxquels ce bien est exposé, sont disponibles sur le site géorisuques: www.georisques.gouv.fr "!#""!#""!#"0"!#""!#""!#"2012"!#""!#"1"!#""!#"1"!#"0"!#""!#""!#"0"!#"0"!#"0"!#"1"!#"0"!#""!#"0"!#"0"!#""!#"0"!#"0"!#"0"!#"0"!#"1"!#""!#""!#""!#""!#""!#""!#""!#""!#""!#""!#""!#""!#"0"!#"0"!#"0"!#"0"!#"0"!#"0"!#"0"!#"0"!#"0"!#"0"!#"0"!#"0"!#"0"!#"0"!#"0"!#"0"!#"0"!#"0"!#""!#""!#"0"!#"SI"!#"0"!#"0"!#"https://www.papsimmo.fr/properties/2024-031432-1/20231011-145254.jpg?20240314"!#"https://www.papsimmo.fr/properties/2024-031432-1/20231011-145319.jpg?20240314"!#"https://www.papsimmo.fr/properties/2024-031432-1/20231011-151040.jpg?20240314"!#"https://www.papsimmo.fr/properties/2024-031432-1/20231011-151118.jpg?20240314"!#"https://www.papsimmo.fr/properties/2024-031432-1/20231011-145052.jpg?20240314"!#"https://www.papsimmo.fr/properties/2024-031432-1/20231011-145201.jpg?20240314"!#"https://www.papsimmo.fr/properties/2024-031432-1/20231011-142727.jpg?20240314"!#"https://www.papsimmo.fr/properties/2024-031432-1/20231011-142915.jpg?20240314"!#""!#"Photo-2024/031432-1-1"!#"Photo-2024/031432-1-2"!#"Photo-2024/031432-1-3"!#"Photo-2024/031432-1-4"!#"Photo-2024/031432-1-5"!#"Photo-2024/031432-1-7"!#"Photo-2024/031432-1-8"!#""!#""!#""!#""!#"06.41.59.83.85"!#"Aline LATEULERE 473081"!#"alateulere@papsimmo.fr"!#"40380"!#"OZOURT"!#""!#""!#"82"!#"14/03/2024"!#""!#""!#""!#""!#""!#""!#""!#""!#""!#""!#""!#""!#""!#""!#""!#""!#""!#""!#""!#""!#""!#""!#""!#""!#""!#""!#""!#""!#""!#""!#""!#""!#""!#""!#""!#""!#""!#""!#""!#""!#""!#""!#""!#""!#""!#""!#""!#""!#"0"!#"0"!#""!#""!#""!#""!#""!#""!#""!#""!#""!#""!#""!#""!#"94"!#"B"!#"2"!#"A"!#""!#""!#""!#""!#""!#""!#""!#""!#""!#"0"!#"0"!#"0"!#"0"!#""!#""!#""!#""!#""!#""!#""!#""!#""!#""!#""!#""!#""!#""!#""!#""!#""!#""!#""!#""!#""!#""!#""!#""!#""!#""!#""!#""!#""!#""!#""!#""!#""!#""!#""!#""!#""!#""!#""!#""!#""!#""!#""!#""!#""!#""!#""!#""!#""!#""!#""!#""!#""!#""!#""!#""!#""!#""!#""!#""!#""!#""!#""!#""!#""!#""!#""!#"0.00"!#""!#""!#""!#""!#""!#""!#""!#""!#""!#""!#""!#""!#""!#""!#""!#""!#""!#""!#""!#""!#""!#""!#""!#""!#""!#""!#""!#""!#""!#""!#""!#""!#""!#""!#""!#""!#""!#""!#""!#""!#"4.11"!#""!#""!#""!#""!#""!#""!#""!#""!#""!#""!#""!#""!#""!#""!#""!#""!#""!#""!#""!#""!#""!#""!#"17/10/2023"!#""!#"900"!#"1270"!#"01/01/2021"!#""!#""!#""!#""!#""
"papsimmo"!#"2024/031443-1"!#"vente"!#"Maison"!#"40230"!#"SAINT-VINCENT-DE-TYROSSE"!#"France"!#"SAINT VINCENT DE TYROSSE"!#""!#""!#"349000"!#""!#""!#""!#""!#"88"!#"910"!#"4"!#"3"!#"MAISON DE PLEIN PIED 3CH 88M²"!#"Située à 2minutes du centre ville, des commerces et écoles, cette maison cosy de plein pied de 88.08m² vous propose:<br>une entrée avec rangement.<br>une belle pièce de vie lumineuse comprenant: une cuisine équipée et aménagée ouverte sur le salon et l' espace repas donnant sur la charmante terrasse zen et intime<br>3 chambres avec rangements, 2 d'environ 12m² et une d'environ 9m²<br>1 pièce d'eau: douche à l'italienne, baignoire, double vasque et sèche serviette<br>1 WC séparé avec lave mains<br>Le terrain clos d'environ 910m² offre:<br>un vaste espace parking, plus 2 carports<br>des annexes indépendantes, surface d'environ 30m² repartie en atelier et garage<br><br>côté confort:<br>double vitrage, volets roulants et classiques, VMC, cumulus 200L , climatisation réversible,  poêle à granules, radiateurs électriques, panneaux solaires photovoltaïques (revente)<br>portail électrique, visiophone, éclairage extérieur, douche extérieure,<br>tout à l'égout<br>Taxe foncière: environ 972€<br>Suggestions: emplacement idéal profession libérale - possibilité création studio indépendant pour location ou autre.Contact: Lucie Lafitte 06 85 65 10 63 ou llafitte@papsimmo.fr<br><br>Les informations sur les risques auxquels ce bien est exposé sont disponibles sur le site Géorisques : www.georisques.gouv.fr<br><br><br><br>"!#""!#""!#"0"!#""!#""!#""!#""!#"1"!#""!#"1"!#"0"!#""!#""!#"0"!#"0"!#"0"!#"1"!#"0"!#""!#"0"!#"0"!#""!#"0"!#"0"!#"0"!#"0"!#"1"!#""!#""!#""!#""!#""!#""!#""!#""!#""!#""!#""!#""!#"0"!#"0"!#"0"!#"0"!#"0"!#"0"!#"0"!#"0"!#"0"!#"0"!#"0"!#"0"!#"0"!#"0"!#"0"!#"0"!#"0"!#"0"!#""!#""!#"0"!#"SI"!#"0"!#"0"!#"https://www.papsimmo.fr/properties/2024-031443-1/IMG-7635.jpg?20240314"!#"https://www.papsimmo.fr/properties/2024-031443-1/IMG-7612.jpg?20240314"!#"https://www.papsimmo.fr/properties/2024-031443-1/1000019314.jpg?20240314"!#"https://www.papsimmo.fr/properties/2024-031443-1/1000019307.jpg?20240314"!#"https://www.papsimmo.fr/properties/2024-031443-1/1000019317.jpg?20240314"!#"https://www.papsimmo.fr/properties/2024-031443-1/1000019327.jpg?20240314"!#"https://www.papsimmo.fr/properties/2024-031443-1/1000019304.jpg?20240314"!#"https://www.papsimmo.fr/properties/2024-031443-1/1000019306.jpg?20240314"!#""!#"Photo-2024/031443-1-1"!#"Photo-2024/031443-1-2"!#"Photo-2024/031443-1-3"!#"Photo-2024/031443-1-4"!#"Photo-2024/031443-1-5"!#"Photo-2024/031443-1-7"!#"Photo-2024/031443-1-8"!#""!#""!#""!#""!#"06.41.59.83.85"!#"Aline LATEULERE 473081"!#"alateulere@papsimmo.fr"!#"40230"!#"SAINT-VINCENT-DE-TYROSSE"!#""!#""!#"83"!#"14/03/2024"!#""!#""!#""!#""!#""!#""!#""!#""!#""!#""!#""!#""!#""!#""!#""!#""!#""!#""!#""!#""!#""!#""!#""!#""!#""!#""!#""!#""!#""!#""!#""!#""!#""!#""!#""!#""!#""!#""!#""!#""!#""!#""!#""!#""!#""!#""!#""!#""!#"0"!#"0"!#""!#""!#""!#""!#""!#""!#""!#""!#""!#""!#""!#""!#"132"!#"C"!#"4"!#"A"!#""!#""!#""!#""!#""!#""!#""!#""!#""!#"0"!#"0"!#"0"!#"0"!#""!#""!#""!#""!#""!#""!#""!#""!#""!#""!#""!#""!#""!#""!#""!#""!#""!#""!#""!#""!#""!#""!#""!#""!#""!#""!#""!#""!#""!#""!#""!#""!#""!#""!#""!#""!#""!#""!#""!#""!#""!#""!#""!#""!#""!#""!#""!#""!#""!#""!#""!#""!#""!#""!#""!#""!#""!#""!#""!#""!#""!#""!#""!#""!#""!#""!#""!#"0.00"!#""!#""!#""!#""!#""!#""!#""!#""!#""!#""!#""!#""!#""!#""!#""!#""!#""!#""!#""!#""!#""!#""!#""!#""!#""!#""!#""!#""!#""!#""!#""!#""!#""!#""!#""!#""!#""!#""!#""!#""!#"4.11"!#""!#""!#""!#""!#""!#""!#""!#""!#""!#""!#""!#""!#""!#""!#""!#""!#""!#""!#""!#""!#""!#""!#"30/10/2023"!#""!#"720"!#"1050"!#"01/01/2023"!#""!#""!#""!#""!#""
"papsimmo"!#"2024/032243-1"!#"vente"!#"Maison"!#"40990"!#"MÉES"!#"France"!#"MEES"!#""!#""!#"349000"!#""!#""!#""!#""!#"156"!#"1265"!#"5"!#"4"!#"MAISON DE CHARME 156m² 4CH"!#"Cette très belle bâtisse de 1890, en pierre, d'environ 156m², rénovée et isolée en 2021 vous propose:<br>au RDC:<br>Une cuisine d'environ 30m2 qui a été aménagée et équipée en 2022 . Cette pièce allie praticité et convivialité, charme et modernité, baignée de lumière elle a un accès direct sur la terrasse.<br>Puis, une vaste pièce munie d'une cheminée permet l'agencement d'un séjour et d'un salon accédant à une deuxième terrasse.<br>Un WC et une buanderie complètent le tout .<br>à l'étage:<br>Vous serez séduit par l'attrait de l'ancien et la chaleur des planchers des 4 chambres de belles dimensions.<br>Vous y trouverez aussi une spacieuse salle de bain avec WC , double vasque, baignoire d'angle et possibilité d'installer une grande douche à l'italienne.<br>Côté confort: DPE: C<br>Ce bien est équipé de la climatisation réversible, d'une cheminée, du double vitrage (2010) et les murs sont doublés. La toiture est pourvue de panneaux solaires.<br>Sur le terrain clos d'environ 1265m2  est installée une piscine hors sol ( 5026X2.74) au chlore, dotée d'une pompe neuve (2022).<br>Pour stationner et protéger les véhicules: un garage et un carport<br>L'assainissement est individuel et sa conformité certifiée par le SIDEC le 06/04/2023.<br>Taxe foncière environ 474€<br>Ce bien est proposé à 349000€<br>Contact: Aline Lateulère PAP'S Immo 0641598385 ou alateulere@papsimmo.fr<br>Les informations sur les risques auxquels ce bien est exposé sont disponibles sur le site Géorisques : www.georisques.gouv.fr<br><br><br>"!#""!#""!#"0"!#""!#""!#"1890"!#""!#"1"!#""!#"2"!#"0"!#""!#""!#"0"!#"0"!#"0"!#"1"!#"0"!#""!#"0"!#"0"!#""!#"0"!#"0"!#"0"!#"0"!#"1"!#""!#""!#""!#""!#""!#""!#""!#""!#""!#""!#""!#""!#"0"!#"0"!#"0"!#"0"!#"0"!#"0"!#"0"!#"0"!#"0"!#"0"!#"0"!#"0"!#"0"!#"0"!#"0"!#"0"!#"0"!#"0"!#""!#""!#"0"!#"SI"!#"0"!#"0"!#"https://www.papsimmo.fr/properties/2024-032243-1/IMG-7391b.jpg?20240323"!#"https://www.papsimmo.fr/properties/2024-032243-1/IMG-7390a.jpg?20240323"!#"https://www.papsimmo.fr/properties/2024-032243-1/IMG-7393a.jpg?20240323"!#"https://www.papsimmo.fr/properties/2024-032243-1/IMG-7359a.jpg?20240323"!#"https://www.papsimmo.fr/properties/2024-032243-1/IMG-7372a.jpg?20240323"!#"https://www.papsimmo.fr/properties/2024-032243-1/IMG-7380.jpg?20240323"!#"https://www.papsimmo.fr/properties/2024-032243-1/IMG-7384.jpg?20240323"!#"https://www.papsimmo.fr/properties/2024-032243-1/IMG-7414a.jpg?20240323"!#"https://www.papsimmo.fr/properties/2024-032243-1/IMG-7418a.jpg?20240323"!#"Photo-2024/032243-1-1"!#"Photo-2024/032243-1-2"!#"Photo-2024/032243-1-3"!#"Photo-2024/032243-1-4"!#"Photo-2024/032243-1-5"!#"Photo-2024/032243-1-7"!#"Photo-2024/032243-1-8"!#"Photo-2024/032243-1-9"!#"Photo-2024/032243-1-10"!#""!#""!#"06.41.59.83.85"!#"Aline LATEULERE 473081"!#"alateulere@papsimmo.fr"!#"40990"!#"MÉES"!#""!#""!#"84"!#"22/03/2024"!#""!#""!#""!#""!#""!#""!#""!#""!#""!#""!#""!#""!#""!#""!#""!#""!#""!#""!#""!#""!#""!#""!#""!#""!#""!#""!#""!#""!#""!#""!#""!#""!#""!#""!#""!#""!#""!#""!#""!#""!#""!#""!#""!#""!#""!#""!#""!#""!#"0"!#"0"!#"https://www.papsimmo.fr/properties/2024-032243-1/IMG-7396a.jpg?20240323"!#""!#""!#""!#""!#""!#""!#""!#""!#""!#""!#""!#"162"!#"C"!#"5"!#"A"!#""!#""!#""!#""!#""!#""!#""!#""!#""!#"0"!#"0"!#"0"!#"0"!#""!#""!#""!#""!#""!#""!#""!#""!#""!#""!#""!#""!#""!#""!#""!#""!#""!#""!#""!#""!#""!#""!#""!#""!#""!#""!#""!#""!#""!#""!#""!#""!#""!#""!#""!#""!#""!#""!#""!#""!#""!#""!#""!#""!#""!#""!#""!#""!#""!#""!#""!#""!#""!#""!#""!#""!#""!#""!#""!#""!#""!#""!#""!#""!#""!#""!#""!#"0.00"!#""!#""!#""!#""!#""!#""!#""!#""!#""!#""!#""!#""!#""!#"Photo-2024/032243-1-10"!#""!#""!#""!#""!#""!#""!#""!#""!#""!#""!#""!#""!#""!#""!#""!#""!#""!#""!#""!#""!#""!#""!#""!#""!#""!#""!#"4.11"!#""!#""!#""!#""!#""!#""!#""!#""!#""!#""!#""!#""!#""!#""!#""!#""!#""!#""!#""!#""!#""!#""!#"30/09/2022"!#""!#"1290"!#"1800"!#"01/01/2021"!#""!#""!#""!#""!#""
"papsimmo"!#"2024/032957-1"!#"vente"!#"Maison"!#"40400"!#"LESGOR"!#"France"!#"Lesgor"!#""!#""!#"242000"!#""!#""!#""!#""!#"150"!#"1300"!#"6"!#"5"!#"Maison landaise 150m²"!#"Amoureux de la maison traditionnelle landaise, cette bâtisse typique à colombages bois d'environ 150m² est pour vous.<br>Authentique avec ses tomettes, sa charpente apparente, elle propose en RDC: Salle à manger-salon-cuisine-buanderie-1chambre-1 SDB- 1WC séparé<br>et à l'étage: 4 chambres - 1 SDD -WC.<br>Sa charmante terrasse orientée à l'est offre une exposition ensoleillée le matin et préserve des fortes chaleurs estivales l'après-midi.<br>Le terrain d'environ 1300 m² comprend un espace détente avec sa piscine hors sol et son jardin fleuri ainsi qu'une dépendance abritant entre autre, un atelier et un puit de forage.<br>Cette maison est équipée du tout à l'égout et de deux modes de chauffage au choix : central au gaz ou central au bois.<br>Ce bien est situé proche de toutes les commodités: commerce, école.<br>Il est idéal pour une famille ou des personnes souhaitant continuer l'activité de chambres d'hôtes existante.<br>prix: 242000€ HAI<br>Contact: Aline Lateulère PAP'S Immo 0641598385 ou alateulere@papsimmo.fr<br><br><br>Les informations sur les risques auxquels ce bien est exposé sont disponibles sur le site Géorisques : www.georisques.gouv.fr<br><br><br><br>"!#""!#""!#"0"!#""!#"1"!#""!#""!#"0"!#""!#"0"!#"0"!#""!#""!#"0"!#"0"!#"0"!#"1"!#"0"!#""!#"0"!#"0"!#""!#"0"!#"0"!#"0"!#"0"!#"0"!#""!#""!#""!#""!#""!#""!#""!#""!#""!#""!#""!#""!#"0"!#"0"!#"0"!#"0"!#"0"!#"0"!#"0"!#"0"!#"0"!#"0"!#"0"!#"0"!#"0"!#"0"!#"0"!#"0"!#"0"!#"0"!#""!#""!#"0"!#"SI"!#"0"!#"0"!#"https://www.papsimmo.fr/properties/2024-032957-1/PHOTO-2022-10-13-12-28-21.jpg?20240330"!#"https://www.papsimmo.fr/properties/2024-032957-1/IMG-7014.jpg?20240330"!#"https://www.papsimmo.fr/properties/2024-032957-1/IMG-7021.jpg?20240330"!#"https://www.papsimmo.fr/properties/2024-032957-1/IMG-7022.jpg?20240330"!#"https://www.papsimmo.fr/properties/2024-032957-1/IMG-7027.jpg?20240330"!#"https://www.papsimmo.fr/properties/2024-032957-1/PHOTO-2022-10-13-12-27-06.jpg?20240330"!#"https://www.papsimmo.fr/properties/2024-032957-1/IMG-6994.jpg?20240330"!#"https://www.papsimmo.fr/properties/2024-032957-1/IMG-6987.jpg?20240330"!#""!#"Photo-2024/032957-1-1"!#"Photo-2024/032957-1-2"!#"Photo-2024/032957-1-3"!#"Photo-2024/032957-1-4"!#"Photo-2024/032957-1-5"!#"Photo-2024/032957-1-7"!#"Photo-2024/032957-1-8"!#""!#""!#""!#""!#"06.41.59.83.85"!#"Aline LATEULERE 473081"!#"alateulere@papsimmo.fr"!#"40400"!#"LESGOR"!#""!#""!#"94"!#"29/03/2024"!#""!#""!#""!#""!#""!#""!#""!#""!#""!#""!#""!#""!#""!#""!#""!#""!#""!#""!#""!#""!#""!#""!#""!#""!#""!#""!#""!#""!#""!#""!#""!#""!#""!#""!#""!#""!#""!#""!#""!#""!#""!#""!#""!#""!#""!#""!#""!#""!#"0"!#"0"!#""!#""!#""!#""!#""!#""!#""!#""!#""!#""!#""!#""!#"285"!#"E"!#"52"!#"E"!#""!#""!#""!#""!#""!#""!#""!#""!#""!#"0"!#"0"!#"0"!#"0"!#""!#""!#""!#""!#""!#""!#""!#""!#""!#""!#""!#""!#""!#""!#""!#""!#""!#""!#""!#""!#""!#""!#""!#""!#""!#""!#""!#""!#""!#""!#""!#""!#""!#""!#""!#""!#""!#""!#""!#""!#""!#""!#""!#""!#""!#""!#""!#""!#""!#""!#""!#""!#""!#""!#""!#""!#""!#""!#""!#""!#""!#""!#""!#""!#""!#"1"!#""!#"0.00"!#""!#""!#""!#""!#""!#""!#""!#""!#""!#""!#""!#""!#""!#""!#""!#""!#""!#""!#""!#""!#""!#""!#""!#""!#""!#""!#""!#""!#""!#""!#""!#""!#""!#""!#""!#""!#""!#""!#""!#""!#"4.11"!#""!#""!#""!#""!#""!#""!#""!#""!#""!#""!#""!#""!#""!#""!#""!#""!#""!#""!#""!#""!#""!#""!#"07/11/2022"!#""!#"3050"!#"4190"!#"01/12/2021"!#""!#""!#""!#""!#""
"papsimmo"!#"2024/052329-1"!#"vente"!#"Villa"!#"40150"!#"SOORTS-HOSSEGOR"!#"France"!#"hossegor"!#""!#""!#"1100000"!#""!#""!#""!#""!#"220"!#"1507"!#"7"!#"3"!#"VILLA 220M² PLEIN PIED 3CH 2SDD 1SDB 4WC HOSSEGOR"!#"Située dans un quartier résidentiel, recherché, proche du centre-ville et du lac d'Hossegor, cette villa d'environ 220m² et de plain-pied présente de beaux matériaux.<br>Elle vous propose :<br>Un hall d'entrée spacieux avec WC et son lave-mains, un vaste séjour inondé de lumière avec un accès direct sur la terrasse par la présence de quatre grandes baies vitrées, une salle à manger attenante, une cuisine équipée aménagée avec accès direct sur la terrasse, une arrière-cuisine, un cellier et une lingerie avec de nombreux rangements, une suite parentale avec accès direct sur la terrasse composée d'une chambre munie d'un parquet, d'une salle de bain avec double vasque, bidet, Wc et sèche serviettes, puis d'un espace rangement équipé d'un immense placard aux portes miroir coulissantes, deux autres chambres avec parquet dont une munie d'un grand placard, une salle d'eau avec simple vasque et sèche serviettes, un Wc séparé.<br>Le tout est complété par :<br>une pièce d'eau dédiée au retour de plage comprenant une douche, un lavabo et un Wc séparé, un double garage, un atelier, une cave à vin, un sauna, un grenier d'environ 35m² qui peut servir de dortoir pour les petits enfants.<br>Côté confort, vous trouverez :<br>Une très belle cheminée dans le séjour. Ce bien est équipé du chauffage au sol et de la climatisation réversible (neuve 2023). La chaudière à gaz a sept ans. La maison possède la VMC. Chaque ouverture possède le double vitrage, les volets roulants et deux stores bannes côté séjour. La toiture est en bon état, elle est balayée et traitée régulièrement. Pour votre sécurité, la villa est dotée d'une alarme. Le terrain d'environ 1500m², entièrement clos, paysagé et arboré et sans vis-à-vis et très bien entretenu, vous offre un bel espace de détente.Prix : 1 100 000€ "!#""!#""!#"0"!#""!#""!#"1999"!#""!#"1"!#""!#"4"!#"0"!#""!#""!#"0"!#"0"!#"0"!#"1"!#"0"!#""!#"0"!#"0"!#""!#"0"!#"0"!#"0"!#"0"!#"1"!#""!#""!#""!#""!#""!#""!#""!#""!#""!#""!#""!#""!#"0"!#"0"!#"0"!#"0"!#"0"!#"0"!#"0"!#"0"!#"0"!#"0"!#"0"!#"0"!#"0"!#"0"!#"0"!#"0"!#"0"!#"0"!#""!#""!#"0"!#"SI"!#"0"!#"0"!#"https://www.papsimmo.fr/properties/2024-052329-1/IMG-7679.jpg?20240523"!#"https://www.papsimmo.fr/properties/2024-052329-1/20240517-151411.jpg?20240523"!#"https://www.papsimmo.fr/properties/2024-052329-1/20240517-150753.jpg?20240523"!#"https://www.papsimmo.fr/properties/2024-052329-1/20240517-150706.jpg?20240523"!#"https://www.papsimmo.fr/properties/2024-052329-1/20240517-151722.jpg?20240523"!#"https://www.papsimmo.fr/properties/2024-052329-1/20240517-151356.jpg?20240523"!#"https://www.papsimmo.fr/properties/2024-052329-1/20240517-151758.jpg?20240523"!#"https://www.papsimmo.fr/properties/2024-052329-1/20240517-151500.jpg?20240523"!#"https://www.papsimmo.fr/properties/2024-052329-1/20240517-151533.jpg?20240523"!#"Photo-2024/052329-1-1"!#"Photo-2024/052329-1-2"!#"Photo-2024/052329-1-3"!#"Photo-2024/052329-1-4"!#"Photo-2024/052329-1-5"!#"Photo-2024/052329-1-7"!#"Photo-2024/052329-1-8"!#"Photo-2024/052329-1-9"!#"Photo-2024/052329-1-10"!#""!#""!#"06.41.59.83.85"!#"Aline LATEULERE 473081"!#"alateulere@papsimmo.fr"!#"40150"!#"SOORTS-HOSSEGOR"!#""!#""!#"103"!#"23/05/2024"!#""!#""!#""!#""!#""!#""!#""!#""!#""!#""!#""!#""!#""!#""!#""!#""!#""!#""!#""!#""!#""!#""!#""!#""!#""!#""!#""!#""!#""!#""!#""!#""!#""!#""!#""!#""!#""!#""!#""!#""!#""!#""!#""!#""!#""!#""!#""!#""!#"0"!#"0"!#"https://www.papsimmo.fr/properties/2024-052329-1/20240517-151442.jpg?20240523"!#""!#""!#""!#""!#""!#""!#""!#""!#""!#""!#""!#"133"!#"C"!#"27"!#"C"!#""!#""!#""!#""!#""!#""!#""!#""!#""!#"0"!#"0"!#"0"!#"0"!#""!#""!#""!#""!#""!#""!#""!#""!#""!#""!#""!#""!#""!#""!#""!#""!#""!#""!#""!#""!#""!#""!#""!#""!#""!#""!#""!#""!#""!#""!#""!#""!#""!#""!#""!#""!#""!#""!#""!#""!#""!#""!#""!#""!#""!#""!#""!#""!#""!#""!#""!#""!#""!#""!#""!#""!#""!#""!#""!#""!#""!#""!#""!#""!#""!#""!#""!#"0.00"!#""!#""!#""!#""!#""!#""!#""!#""!#""!#""!#""!#""!#""!#"Photo-2024/052329-1-10"!#""!#""!#""!#""!#""!#""!#""!#""!#""!#""!#""!#""!#""!#""!#""!#""!#""!#""!#""!#""!#""!#""!#""!#""!#""!#""!#"4.11"!#""!#""!#""!#""!#""!#""!#""!#""!#""!#""!#""!#""!#""!#""!#""!#""!#""!#""!#""!#""!#""!#""!#"22/09/2023"!#""!#"1930"!#"2650"!#"01/01/2021"!#""!#""!#""!#""!#""
"papsimmo"!#"2024/061855-1"!#"vente"!#"Maison"!#"40100"!#"DAX"!#"France"!#"dax"!#""!#""!#"399000"!#""!#""!#""!#""!#"130"!#"580"!#"4"!#"3"!#"CHARMANTE MAISON T4 130m² DE PLEIN PIED"!#"Belle maison T4 d'environ 130m², de plein pied, des années 2000, qui se situe au calme dans une impasse et toute proche des commodités à pied: hypermarché, pharmacie, salle de sport, piscine, transports etc....Maison lumineuse qui propose un bel espace de vie avec cheminée, 2 grandes chambres, une salle de bain avec WC et un WC séparé et une 3ème chambre avec sa salle de douche et wc privatifs, une cuisine avec cellier attenant et un garage. La pièce de vie et la cuisine s'ouvrent sur un charmant espace terrasse.Le jardin, d'environ 580m² fleuri et arboré, entièrement clos et sans vis à vis et très agréable possède un local d'environ 17m² muni d'une porte et d'une fenêtre: bel espace de rangement ou possibilité de créer un studio.Côté confort: double vitrage, volets roulants, store banne, chauffage électrique et cheminée.Taxe foncière: 1900€Contact: Aline Lateulère: 06.41.59.83.85 ou alateulere@papsimmo.frLes informations sur les risques auxquels, ce bien est exposé sont disponibles sur le site Géorisques : www.georisques.gouv.fr"!#""!#""!#"0"!#""!#""!#"2000"!#""!#"1"!#""!#"3"!#"0"!#""!#""!#"0"!#"0"!#"0"!#"1"!#"0"!#""!#"0"!#"0"!#""!#"0"!#"0"!#"0"!#"0"!#"1"!#""!#""!#""!#""!#""!#""!#""!#""!#""!#""!#""!#""!#"0"!#"0"!#"0"!#"0"!#"0"!#"0"!#"0"!#"0"!#"0"!#"0"!#"0"!#"0"!#"0"!#"0"!#"0"!#"0"!#"0"!#"0"!#""!#""!#"0"!#"SI"!#"0"!#"0"!#"https://www.papsimmo.fr/properties/2024-061855-1/1000033589copie.jpg?20240618"!#"https://www.papsimmo.fr/properties/2024-061855-1/1000033591copie.jpg?20240618"!#"https://www.papsimmo.fr/properties/2024-061855-1/IMG-8114copie.jpg?20240618"!#"https://www.papsimmo.fr/properties/2024-061855-1/1000033577copie.jpg?20240618"!#"https://www.papsimmo.fr/properties/2024-061855-1/1000033583copie.jpg?20240618"!#"https://www.papsimmo.fr/properties/2024-061855-1/IMG-8100-copie.jpg?20240618"!#"https://www.papsimmo.fr/properties/2024-061855-1/IMG-8101copie.jpg?20240618"!#"https://www.papsimmo.fr/properties/2024-061855-1/1000033586copie.jpg?20240618"!#"https://www.papsimmo.fr/properties/2024-061855-1/1000033582copie.jpg?20240618"!#"Photo-2024/061855-1-1"!#"Photo-2024/061855-1-2"!#"Photo-2024/061855-1-3"!#"Photo-2024/061855-1-4"!#"Photo-2024/061855-1-5"!#"Photo-2024/061855-1-7"!#"Photo-2024/061855-1-8"!#"Photo-2024/061855-1-9"!#""!#""!#""!#"06.41.59.83.85"!#"Aline LATEULERE 473081"!#"alateulere@papsimmo.fr"!#"40100"!#"DAX"!#""!#""!#"107"!#"18/06/2024"!#""!#""!#""!#""!#""!#""!#""!#""!#""!#""!#""!#""!#""!#""!#""!#""!#""!#""!#""!#""!#""!#""!#""!#""!#""!#""!#""!#""!#""!#""!#""!#""!#""!#""!#""!#""!#""!#""!#""!#""!#""!#""!#""!#""!#""!#""!#""!#""!#"0"!#"0"!#""!#""!#""!#""!#""!#""!#""!#""!#""!#""!#""!#""!#"206"!#"D"!#"6"!#"A"!#""!#""!#""!#""!#""!#""!#""!#""!#""!#"0"!#"0"!#"0"!#"0"!#""!#""!#""!#""!#""!#""!#""!#""!#""!#""!#""!#""!#""!#""!#""!#""!#""!#""!#""!#""!#""!#""!#""!#""!#""!#""!#""!#""!#""!#""!#""!#""!#""!#""!#""!#""!#""!#""!#""!#""!#""!#""!#""!#""!#""!#""!#""!#""!#""!#""!#""!#""!#""!#""!#""!#""!#""!#""!#""!#""!#""!#""!#""!#""!#""!#""!#""!#"0.00"!#""!#""!#""!#""!#""!#""!#""!#""!#""!#""!#""!#""!#""!#""!#""!#""!#""!#""!#""!#""!#""!#""!#""!#""!#""!#""!#""!#""!#""!#""!#""!#""!#""!#""!#""!#""!#""!#""!#""!#""!#"4.11"!#""!#""!#""!#""!#""!#""!#""!#""!#""!#""!#""!#""!#""!#""!#""!#""!#""!#""!#""!#""!#""!#""!#"04/04/2023"!#""!#"1510"!#"2110"!#"20/01/2024"!#""!#""!#""!#""!#""
"papsimmo"!#"2024/061912-1"!#"vente"!#"Appartement"!#"40100"!#"DAX"!#"France"!#"dax"!#""!#""!#"169000"!#""!#""!#""!#""!#"58"!#"4493"!#"3"!#"1"!#"APPARTEMENT T2 58m²  VUE EXCEPTIONNELLE"!#"Cet appartement T2 de 58 m²(Carrez) est proche du centre-ville et des commodités : supermarché, pharmacie, transports etc... et vous pouvez tout faire à pied. Il se trouve au 5ᵉ et dernier étage d'une résidence (233 lots) avec ascenseur et sécurisée : porte ouverture avec badge. Il offre une vue exceptionnelle, il est très lumineux et il se compose d'une entrée avec placard, d'une cuisine séparée, d'une pièce de vie, d'une chambre, d'un SDB avec WC. Il possède deux balcons, l'un de 4.07 m² et l'autre de 5.92 m² permettant d'installer entre autres une table et deux chaises et de pouvoir admirer et profiter de la vue. Une place de parking et une cave complètent ce bien.Son prix de vente est de 169 000€. "!#""!#""!#"5"!#""!#""!#""!#""!#"1"!#""!#"1"!#"0"!#""!#""!#"0"!#"0"!#"0"!#"1"!#"0"!#""!#"0"!#"0"!#""!#"0"!#"0"!#"0"!#"0"!#"1"!#""!#""!#""!#""!#""!#""!#""!#""!#""!#""!#""!#""!#"0"!#"0"!#"0"!#"0"!#"0"!#"0"!#"0"!#"0"!#"0"!#"0"!#"0"!#"0"!#"0"!#"0"!#"0"!#"0"!#"0"!#"0"!#""!#""!#"0"!#"SI"!#"0"!#"0"!#"https://www.papsimmo.fr/properties/2024-061912-1/IMG-0319.jpg?20240622"!#"https://www.papsimmo.fr/properties/2024-061912-1/IMG-0320.jpg?20240622"!#"https://www.papsimmo.fr/properties/2024-061912-1/IMG-0315-9.jpg?20240622"!#"https://www.papsimmo.fr/properties/2024-061912-1/IMG-0316.jpg?20240622"!#"https://www.papsimmo.fr/properties/2024-061912-1/IMG-0318.jpg?20240622"!#"https://www.papsimmo.fr/properties/2024-061912-1/IMG-0450-2.png?20240622"!#"https://www.papsimmo.fr/properties/2024-061912-1/IMG-0307-Copie.jpg?20240622"!#"https://www.papsimmo.fr/properties/2024-061912-1/IMG-0313-Copie.jpg?20240622"!#""!#"Photo-2024/061912-1-1"!#"Photo-2024/061912-1-2"!#"Photo-2024/061912-1-3"!#"Photo-2024/061912-1-4"!#"Photo-2024/061912-1-5"!#"Photo-2024/061912-1-7"!#"Photo-2024/061912-1-8"!#""!#""!#""!#""!#"06.41.59.83.85"!#"Aline LATEULERE 473081"!#"alateulere@papsimmo.fr"!#"40100"!#"DAX"!#""!#""!#"109"!#"19/06/2024"!#""!#""!#""!#""!#""!#""!#""!#""!#""!#""!#""!#""!#""!#""!#""!#""!#""!#""!#""!#""!#""!#""!#""!#""!#""!#""!#""!#""!#""!#""!#""!#""!#""!#""!#""!#""!#""!#""!#""!#""!#""!#""!#""!#""!#""!#""!#""!#""!#"0"!#"0"!#""!#""!#""!#""!#""!#""!#""!#""!#""!#""!#""!#""!#"276"!#"E"!#"56"!#"E"!#""!#""!#""!#""!#""!#""!#""!#""!#""!#"0"!#"0"!#"0"!#"0"!#""!#""!#""!#""!#""!#""!#""!#""!#""!#""!#""!#""!#""!#""!#""!#""!#""!#""!#""!#""!#""!#""!#""!#""!#""!#""!#""!#""!#""!#""!#""!#""!#""!#""!#""!#""!#""!#""!#""!#""!#""!#""!#""!#""!#""!#""!#""!#""!#""!#""!#""!#""!#""!#""!#""!#""!#""!#""!#""!#""!#""!#""!#""!#""!#""!#""!#""!#"0.00"!#""!#""!#""!#""!#""!#""!#""!#""!#""!#""!#""!#""!#""!#""!#""!#""!#""!#""!#""!#""!#""!#""!#""!#""!#""!#""!#""!#""!#""!#""!#""!#""!#""!#""!#""!#""!#""!#""!#""!#""!#"4.11"!#""!#""!#""!#""!#""!#""!#""!#""!#""!#""!#""!#""!#""!#""!#""!#""!#""!#""!#""!#""!#""!#""!#"27/10/2021"!#""!#"1160"!#"1640"!#"01/01/2021"!#""!#""!#""!#""!#""
"papsimmo"!#"2024/092704-1"!#"vente"!#"Maison"!#"40110"!#"ONESSE-LAHARIE"!#"France"!#"Onesse"!#""!#""!#"365000"!#""!#""!#""!#""!#"100"!#"921"!#"4"!#"3"!#"MAISON 2017 PLEIN PIED 100M² 3CH"!#"Située à Onesse Laharie, dans un quartier calme avec une vue directe sur la forêt landaise, je vous propose cette maison de 2017, norme RT2012, d'une surface d'environ 100m² de plain-pied. Elle se distingue par une belle pièce de vie lumineuse d'environ 57m² comprenant une cuisine équipée, aménagée, moderne, un salon et une salle à manger. La suite parentale possède une salle de douche et un WC privés. Deux autres chambres, une salle de douche et un wc séparé complètent cet ensemble aux teintes blanches et naturelles. Une piscine chauffée et couverte munie d'une vaste plage offre un bel espace de détente. Le terrain d'environ 921m²est entièrement clos et équipé d'un portail électrique. Côté confort, ce bien est muni de panneaux solaires, d'une pompe à chaleur, d'une clim réversible, du double vitrage et de volets roulants.<br>Taxe foncière : 650€contact Aline Lateulere PAPSIMMO 0641598385Prix : 365 000€"!#""!#""!#"0"!#""!#""!#"2017"!#""!#"0"!#""!#"2"!#"0"!#""!#""!#"0"!#"0"!#"0"!#"1"!#"0"!#""!#"0"!#"0"!#""!#"0"!#"0"!#"0"!#"0"!#"1"!#""!#""!#""!#""!#""!#""!#""!#""!#""!#""!#""!#""!#"0"!#"0"!#"0"!#"0"!#"0"!#"0"!#"0"!#"0"!#"0"!#"0"!#"0"!#"0"!#"0"!#"0"!#"0"!#"0"!#"0"!#"0"!#""!#""!#"0"!#"SI"!#"0"!#"0"!#"https://www.papsimmo.fr/properties/2024-092704-1/4895dfc6-9224-4ca3-961b-b9baeee710b5.jpg?20240927"!#"https://www.papsimmo.fr/properties/2024-092704-1/fcef1db5-4891-4746-8d66-7919c152483c.jpg?20240927"!#"https://www.papsimmo.fr/properties/2024-092704-1/2c60058a-897d-41b1-8e46-ccfab7e8ca29.jpg?20240927"!#"https://www.papsimmo.fr/properties/2024-092704-1/386d1323-1ab1-4051-ae42-4719c916777f.jpg?20240927"!#"https://www.papsimmo.fr/properties/2024-092704-1/013d488d-66ef-42ff-a8d0-4e762a639975.jpg?20240927"!#"https://www.papsimmo.fr/properties/2024-092704-1/25df235d-61ee-46be-96c3-1f1cdecef9da.jpg?20240927"!#""!#""!#""!#"Photo-2024/092704-1-1"!#"Photo-2024/092704-1-2"!#"Photo-2024/092704-1-3"!#"Photo-2024/092704-1-4"!#"Photo-2024/092704-1-5"!#""!#""!#""!#""!#""!#""!#"06.41.59.83.85"!#"Aline LATEULERE 473081"!#"alateulere@papsimmo.fr"!#"40110"!#"ONESSE-LAHARIE"!#""!#""!#"114"!#"27/09/2024"!#""!#""!#""!#""!#""!#""!#""!#""!#""!#""!#""!#""!#""!#""!#""!#""!#""!#""!#""!#""!#""!#""!#""!#""!#""!#""!#""!#""!#""!#""!#""!#""!#""!#""!#""!#""!#""!#""!#""!#""!#""!#""!#""!#""!#""!#""!#""!#""!#"0"!#"0"!#""!#""!#""!#""!#""!#""!#""!#""!#""!#""!#""!#""!#"36"!#"A"!#"2"!#"A"!#""!#""!#""!#""!#""!#""!#""!#""!#""!#"0"!#"0"!#"0"!#"0"!#""!#""!#""!#""!#""!#""!#""!#""!#""!#""!#""!#""!#""!#""!#""!#""!#""!#""!#""!#""!#""!#""!#""!#""!#""!#""!#""!#""!#""!#""!#""!#""!#""!#""!#""!#""!#""!#""!#""!#""!#""!#""!#""!#""!#""!#""!#""!#""!#""!#""!#""!#""!#""!#""!#""!#""!#""!#""!#""!#""!#""!#""!#""!#""!#""!#""!#""!#"0.00"!#""!#""!#""!#""!#""!#""!#""!#""!#""!#""!#""!#""!#""!#""!#""!#""!#""!#""!#""!#""!#""!#""!#""!#""!#""!#""!#""!#""!#""!#""!#""!#""!#""!#""!#""!#""!#""!#""!#""!#""!#"4.11"!#""!#""!#""!#""!#""!#""!#""!#""!#""!#""!#""!#""!#""!#""!#""!#""!#""!#""!#""!#""!#""!#""!#"10/10/2017"!#""!#"0"!#"0"!#"20/05/2024"!#""!#""!#""!#""!#""
"papsimmo"!#"2024/100309-1"!#"vente"!#"Maison"!#"40110"!#"ONESSE-LAHARIE"!#"France"!#"Onesse Laharie"!#""!#""!#"547000"!#""!#""!#""!#""!#"200"!#"17000"!#"7"!#"5"!#"AIRIAL 1.7H  2 MAISONS ET 1 ECURIE"!#"Patrimoine architectural landais très prisé, l'airial est un espace ouvert, comme une clairière, dans la forêt où on trouve plusieurs bâtiments sur ce terrain couvert d'herbe et planté de quelques chênes et pins.Je vous propose un airial d'environ 1.7 hectares, comprenant trois bâtiments : deux habitations datant de 1900, une bergerie et une grange rénovées en 2019 ainsi qu'une écurie de 12 boxs.La bergerie exposée sud, alie modernité et charme de l'ancien : la charpente est apparente. D'environ 90m² de plain-pied, elle propose une belle pièce de vie avec cuisine ouverte d'environ 54m². Les deux chambres d'environ 18m² et 12m² possèdent chacune un espace dédié avec vasque et douche et l'une a même une baignoire. Un cellier et un wc complètent le tout. Côté confort : chauffage électrique et poêle à granulés,DPE D.La grange, exposée sud-ouest, offre 110m². Le rez-de-chaussée se compose d'une pièce de vie lumineuse avec sa cuisine ouverte d'environ 44m². Cet espace peut être agrandi en créant une ouverture et en récupérant environ 25m² de l'atelier attenant. À l'étage, une vaste pièce palière de 25m² vous accueille et dessert trois chambres d'environ 10-12 et 13m²ainsi qu'une salle de bain et WC. Côté confort : chauffage électrique et cheminée. DPE CL'écurie possède quant à elle 12 boxs.Idéal pour développer une activité gîtes / gîtes équestres. Vous pouvez également faire de la location à l'année ou saisonnière ou tout simplement profiter en famille de l'ensemble de ce bien.Taxe foncière : 662€ "!#""!#""!#"0"!#""!#""!#"1900"!#""!#"0"!#""!#"0"!#"0"!#""!#""!#"0"!#"0"!#"0"!#"1"!#"0"!#""!#"0"!#"0"!#""!#"0"!#"0"!#"0"!#"0"!#"0"!#""!#""!#""!#""!#""!#""!#""!#""!#""!#""!#""!#""!#"0"!#"0"!#"0"!#"0"!#"0"!#"0"!#"0"!#"0"!#"0"!#"0"!#"0"!#"0"!#"0"!#"0"!#"0"!#"0"!#"0"!#"0"!#""!#""!#"0"!#"SI"!#"0"!#"0"!#"https://www.papsimmo.fr/properties/2024-100309-1/1000009940.jpg?20241004"!#"https://www.papsimmo.fr/properties/2024-100309-1/1000009923.jpg?20241004"!#"https://www.papsimmo.fr/properties/2024-100309-1/1000009961.jpg?20241004"!#"https://www.papsimmo.fr/properties/2024-100309-1/1000009902.jpg?20241004"!#"https://www.papsimmo.fr/properties/2024-100309-1/1000009913.jpg?20241004"!#"https://www.papsimmo.fr/properties/2024-100309-1/1000009916.jpg?20241004"!#"https://www.papsimmo.fr/properties/2024-100309-1/1000009973.jpg?20241004"!#"https://www.papsimmo.fr/properties/2024-100309-1/1000009943.jpg?20241004"!#"https://www.papsimmo.fr/properties/2024-100309-1/1000009946.jpg?20241004"!#"Photo-2024/100309-1-1"!#"Photo-2024/100309-1-2"!#"Photo-2024/100309-1-3"!#"Photo-2024/100309-1-4"!#"Photo-2024/100309-1-5"!#"Photo-2024/100309-1-7"!#"Photo-2024/100309-1-8"!#"Photo-2024/100309-1-9"!#"Photo-2024/100309-1-10"!#""!#""!#"06.41.59.83.85"!#"Aline LATEULERE 473081"!#"alateulere@papsimmo.fr"!#"40110"!#"ONESSE-LAHARIE"!#""!#""!#"118"!#"03/10/2024"!#""!#""!#""!#""!#""!#""!#""!#""!#""!#""!#""!#""!#""!#""!#""!#""!#""!#""!#""!#""!#""!#""!#""!#""!#""!#""!#""!#""!#""!#""!#""!#""!#""!#""!#""!#""!#""!#""!#""!#""!#""!#""!#""!#""!#""!#""!#""!#""!#"0"!#"0"!#"https://www.papsimmo.fr/properties/2024-100309-1/1000009949.jpg?20241004"!#"https://www.papsimmo.fr/properties/2024-100309-1/1000009954.jpg?20241004"!#""!#""!#""!#""!#""!#""!#""!#""!#""!#""!#"151"!#"C"!#"4"!#"A"!#""!#""!#""!#""!#""!#""!#""!#""!#""!#"0"!#"0"!#"0"!#"0"!#""!#""!#""!#""!#""!#""!#""!#""!#""!#""!#""!#""!#""!#""!#""!#""!#""!#""!#""!#""!#""!#""!#""!#""!#""!#""!#""!#""!#""!#""!#""!#""!#""!#""!#""!#""!#""!#""!#""!#""!#""!#""!#""!#""!#""!#""!#""!#""!#""!#""!#""!#""!#""!#""!#""!#""!#""!#""!#""!#""!#""!#""!#""!#""!#""!#""!#""!#"0.00"!#""!#""!#""!#""!#""!#""!#""!#""!#""!#""!#""!#""!#""!#"Photo-2024/100309-1-10"!#"Photo-2024/100309-1-11"!#""!#""!#""!#""!#""!#""!#""!#""!#""!#""!#""!#""!#""!#""!#""!#""!#""!#""!#""!#""!#""!#""!#""!#""!#""!#"4.11"!#""!#""!#""!#""!#""!#""!#""!#""!#""!#""!#""!#""!#""!#""!#""!#""!#""!#""!#""!#""!#""!#""!#"23/05/2024"!#""!#"820"!#"1140"!#"20/01/2024"!#""!#""!#""!#""!#""