"107428"!#"2023/01-1"!#"vente"!#"boutique"!#"40270"!#"GRENADE-SUR-L'ADOUR"!#"France"!#"Rue René Vielle"!#""!#""!#"66000"!#""!#""!#""!#""!#"1"!#"1"!#"2"!#"0"!#"Restaurant et Bar à vendre - Grenade-sur-l'Adour (40700)"!#"Découvrez cette opportunité unique de devenir propriétaire d'un restaurant bar au cœur de Grenade-sur-l'Adour, une charmante ville dynamique et accueillante.<br />Caractéristiques :Capacité : 75 couverts, répartis sur 2 salles et une terrasse extérieure, idéale pour les beaux jours.Clientèle : 98% de clientèle locale, fidélisée par un menu accessible et des plats à emporter.Bar : Fort potentiel de développement pour attirer une clientèle variée.Cuisine : Moderne et en excellent état, équipée d'un four à pizza.Confort : Climatisation réversible récente pour un confort optimal en toute saison.Accessibilité : Respect des normes handicapées.Finances : Chiffre d'affaires intéressant avec une bonne rentabilité, idéal pour un couple souhaitant se lancer dans l'aventure de la restauration.Emplacement : Situé en bordure de route avec un parking à proximité, offrant une visibilité et un accès facile pour les clients.Options : Possibilité achat de l'immeuble comprenant aussi appartement T3 de 88 m² à l'étage.<br />Ville : Grenade-sur-l'Adour est une ville dynamique et sympathique, offrant de nombreuses animations et services, ce qui attire une clientèle régulière et diverse.<br />Prix : 66 000 Euros<br />Ne manquez pas cette occasion de reprendre un établissement bien implanté et de développer votre propre affaire dans un cadre agréable et propice à la réussite.<br />Contact : 06 77 31 26 39 ou ddehez@papsimmo.fr<br />Les informations sur les risques auxquels, ce bien est exposé sont disponibles sur le site Géorisques : www.georisques.gouv.fr"!#""!#""!#"0"!#""!#""!#""!#""!#"0"!#""!#"0"!#"0"!#"A définir"!#""!#"0"!#"0"!#"0"!#"1"!#"0"!#""!#"0"!#"0"!#""!#"0"!#"0"!#"0"!#"0"!#"1"!#""!#""!#""!#""!#""!#""!#""!#""!#""!#""!#""!#""!#"0"!#"0"!#"0"!#"0"!#"0"!#"0"!#"0"!#"0"!#"0"!#"0"!#"0"!#"0"!#"0"!#"0"!#"0"!#"0"!#"0"!#"0"!#""!#""!#"0"!#"Figaro"!#"0"!#"0"!#"https://www.papsimmo.fr/properties/2023-01-1/20180712-145541.jpg?20240102"!#"https://www.papsimmo.fr/properties/2023-01-1/20180712-145449.jpg?20240102"!#"https://www.papsimmo.fr/properties/2023-01-1/20180712-145633.jpg?20240102"!#""!#""!#""!#""!#""!#""!#"Photo-2023/01-1-1"!#"Photo-2023/01-1-2"!#"Photo-2023/01-1-3"!#""!#""!#""!#""!#""!#""!#""!#""!#"06 77 31 26 39"!#"PAPs immo"!#"contact@papsimmo.fr"!#"40270"!#"GRENADE-SUR-L'ADOUR"!#""!#""!#"25"!#"23/01/2023"!#""!#""!#""!#""!#""!#""!#""!#""!#""!#""!#""!#""!#""!#""!#""!#""!#""!#""!#""!#""!#""!#""!#""!#""!#""!#""!#""!#""!#""!#""!#""!#""!#""!#""!#""!#""!#""!#""!#""!#""!#""!#""!#""!#""!#""!#""!#""!#""!#"0"!#"0"!#""!#""!#""!#""!#""!#""!#""!#""!#""!#""!#""!#""!#"0"!#"NS"!#"0"!#"NS"!#""!#"RES"!#""!#""!#""!#""!#""!#""!#""!#"0"!#"0"!#"0"!#"0"!#""!#""!#""!#""!#""!#""!#""!#""!#""!#""!#""!#""!#""!#""!#""!#""!#""!#""!#""!#""!#""!#""!#""!#""!#""!#""!#""!#""!#""!#""!#""!#""!#""!#""!#""!#""!#""!#""!#""!#""!#""!#""!#""!#""!#""!#""!#""!#""!#""!#""!#""!#""!#""!#""!#""!#""!#""!#""!#""!#""!#""!#""!#""!#""!#""!#""!#""!#"0.00"!#""!#""!#""!#""!#""!#""!#""!#""!#""!#""!#""!#""!#""!#""!#""!#""!#""!#""!#""!#""!#""!#""!#""!#""!#""!#""!#""!#""!#""!#""!#""!#""!#""!#""!#""!#""!#""!#""!#""!#""!#"4.11"!#""!#""!#""!#""!#""!#""!#""!#""!#""!#""!#""!#""!#""!#""!#""!#""!#""!#""!#""!#""!#""!#""!#""!#""!#"0"!#"0"!#""!#""!#""!#""!#""!#""
"107428"!#"2023/04-1"!#"vente"!#"Terrain"!#"40240"!#"ESTIGARDE"!#"France"!#"village"!#""!#""!#"19202"!#""!#""!#""!#""!#"0"!#"1143"!#"0"!#"0"!#"Terrain constructible"!#"À la recherche du terrain idéal pour votre projet de construction ? <br />Ne cherchez plus ! Nous vous proposons plusieurs terrains constructibles et viabilisés, allant de 1143 m² à 1476 m², situés dans une charmante commune rurale des Landes d'Armagnac.<br />Ces terrains sont totalement libres de constructeur, ce qui vous permet une grande liberté dans la réalisation de votre projet. De plus, la réglementation en vigueur est souple, se conformant au PLUI (Plan Local d'Urbanisme Intercommunal), ce qui facilite vos démarches administratives.<br />Vous serez ravi d'apprendre que ces terrains offrent la possibilité de construire en R+1, vous permettant ainsi de concevoir une maison spacieuse et adaptée à vos besoins.<br />Concernant l'assainissement, il est individuel, vous garantissant ainsi une parfaite autonomie dans la gestion de celui-ci.<br />Enfin, il est essentiel de noter que ces terrains ne sont pas soumis au DPE (Diagnostic de Performance Énergétique), vous permettant de vous concentrer pleinement sur votre projet de construction.<br />Idéal pour les primo-accédants, cette opportunité vous permettra de réaliser le rêve d'une maison sur mesure, dans un cadre paisible et verdoyant.Prix :  à partir de 19 202€ <br />Contact  06 77 31 26 39 ou  contact@papsimmo.frLes informations sur les risques auxquels, ce bien est exposé sont disponibles sur le site Géorisques : www.georisques.gouv.fr"!#""!#""!#"0"!#""!#""!#""!#""!#"0"!#""!#"0"!#"0"!#"A définir"!#""!#"0"!#"0"!#"0"!#"1"!#"0"!#""!#"0"!#"0"!#""!#"0"!#"0"!#"0"!#"0"!#"0"!#""!#""!#""!#""!#""!#""!#""!#""!#""!#""!#""!#""!#"0"!#"0"!#"0"!#"0"!#"0"!#"0"!#"0"!#"0"!#"0"!#"0"!#"0"!#"0"!#"0"!#"0"!#"0"!#"0"!#"0"!#"0"!#""!#""!#"0"!#"Figaro"!#"0"!#"0"!#"https://www.papsimmo.fr/properties/2023-04-1/terrain02052023.jpg?20240102"!#""!#""!#""!#""!#""!#""!#""!#""!#"Photo-2023/04-1-1"!#""!#""!#""!#""!#""!#""!#""!#""!#""!#""!#"06 77 31 26 39"!#"PAPs immo"!#"contact@papsimmo.fr"!#"40240"!#"ESTIGARDE"!#""!#""!#"31"!#"03/04/2023"!#""!#""!#""!#""!#""!#""!#""!#""!#""!#""!#""!#""!#""!#""!#""!#""!#""!#""!#""!#""!#""!#""!#""!#""!#""!#""!#""!#""!#""!#""!#""!#""!#""!#""!#""!#""!#""!#""!#""!#""!#""!#""!#""!#""!#""!#""!#""!#""!#"0"!#"0"!#""!#""!#""!#""!#""!#""!#""!#""!#""!#""!#""!#""!#"0"!#"NS"!#"0"!#"NS"!#""!#""!#""!#""!#""!#""!#""!#""!#""!#"0"!#"0"!#"0"!#"0"!#""!#""!#""!#""!#""!#""!#""!#""!#""!#""!#""!#""!#""!#""!#""!#""!#""!#""!#""!#""!#""!#""!#""!#""!#""!#""!#""!#""!#""!#""!#""!#""!#""!#""!#""!#""!#""!#""!#""!#""!#""!#""!#""!#""!#""!#""!#""!#""!#""!#""!#""!#""!#""!#""!#""!#""!#""!#""!#""!#""!#""!#""!#""!#""!#""!#""!#""!#"0.00"!#""!#""!#""!#""!#""!#""!#""!#""!#""!#""!#""!#""!#""!#""!#""!#""!#""!#""!#""!#""!#""!#""!#""!#""!#""!#""!#""!#""!#""!#""!#""!#""!#""!#""!#""!#""!#""!#""!#""!#""!#"4.11"!#""!#""!#""!#""!#""!#""!#""!#""!#""!#""!#""!#""!#""!#""!#""!#""!#""!#""!#""!#""!#""!#""!#""!#""!#"0"!#"0"!#""!#""!#""!#""!#""!#""
"107428"!#"2023/07-2"!#"vente"!#"Maison"!#"40310"!#"GABARRET"!#"France"!#"32-36 PLACE DE LA FONTAINE"!#""!#""!#"215000"!#""!#""!#""!#""!#"320"!#"995"!#"14"!#"8"!#"Ensemble immobilier au cœur de Gabarret"!#"Opportunité exceptionnelle pour les investisseurs : Ensemble immobilier avec énorme potentiel au cœur de GabarretCet ensemble immobilier unique, idéalement situé au cœur de Gabarret, offre un potentiel incroyable et représente une opportunité à ne pas manquer.<br />Composé d'un immeuble d'environ 200 m² répartis sur trois niveaux, cette propriété propose une configuration flexible pour votre projet d'investissement.<br />Au rez-de-chaussée, vous découvrirez un appartement T3 prêt à être occupé, offrant un revenu locatif immédiat. Au premier étage, un magnifique plateau à réhabiliter vous permettra de laisser libre cours à votre créativité et de façonner un espace selon vos besoins et envies. Le dernier étage, actuellement un vaste grenier, offre un potentiel d'aménagement exceptionnel pour créer des espaces de vie supplémentaires.<br />En plus de l'immeuble principal, cette propriété comprend également deux maisons mitoyennes d'environ 60 m² chacune, toutes deux de type T3, donnant sur un charmant patio. Ces maisons constituent une opportunité supplémentaire de location ou de revente, augmentant ainsi le potentiel de rendement de votre investissement.<br />Le lot de 995 m² comprend une grande cour intérieure, offrant un espace polyvalent pour aménager des dépendances, un garage ou un parking. De plus, le raccordement tout-à-l'égout est déjà réalisé, ce qui facilite les démarches administratives.<br />Certes, des travaux sont à prévoir, mais imaginez les possibilités offertes par cet ensemble immobilier ! Que vous soyez un investisseur averti à la recherche d'un projet lucratif ou un professionnel du bâtiment passionné par la rénovation, cette propriété est faite pour vous.<br />Ne laissez pas passer cette occasion unique de réaliser un investissement prometteur et découvrez par vous-même le potentiel illimité de cet ensemble immobilier exceptionnel.<br />Taxe foncière : 1336€Prix : 215 000€<br />Contact 06 77 31 26 39 ou  contact@papsimmo.frLes informations sur les risques auxquels, ce bien est exposé sont disponibles sur le site Géorisques : www.georisques.gouv.fr"!#""!#""!#"3"!#""!#""!#"1900"!#""!#"0"!#""!#"3"!#"0"!#"A définir"!#""!#"0"!#"0"!#"0"!#"1"!#"0"!#""!#"0"!#"0"!#""!#"0"!#"0"!#"0"!#"0"!#"1"!#""!#""!#""!#""!#""!#""!#""!#""!#""!#""!#""!#""!#"0"!#"0"!#"0"!#"0"!#"0"!#"0"!#"0"!#"0"!#"0"!#"0"!#"0"!#"0"!#"0"!#"0"!#"0"!#"0"!#"0"!#"0"!#""!#""!#"0"!#"Figaro"!#"0"!#"0"!#"https://www.papsimmo.fr/properties/2023-07-2/20230707-124909.jpg?20240102"!#"https://www.papsimmo.fr/properties/2023-07-2/20230707-130449.jpg?20240102"!#"https://www.papsimmo.fr/properties/2023-07-2/20230707-130345.jpg?20240102"!#"https://www.papsimmo.fr/properties/2023-07-2/img-0541.jpg?20240102"!#""!#""!#""!#""!#""!#"Photo-2023/07-2-1"!#"Photo-2023/07-2-2"!#"Photo-2023/07-2-3"!#"Photo-2023/07-2-4"!#""!#""!#""!#""!#""!#""!#""!#"06 77 31 26 39"!#"PAPs immo"!#"contact@papsimmo.fr"!#"40310"!#"GABARRET"!#""!#""!#"39"!#"10/07/2023"!#""!#""!#""!#""!#""!#""!#""!#""!#""!#""!#""!#""!#""!#""!#""!#""!#""!#""!#""!#""!#""!#""!#""!#""!#""!#""!#""!#""!#""!#""!#""!#""!#""!#""!#""!#""!#""!#""!#""!#""!#""!#""!#""!#""!#""!#""!#""!#""!#"0"!#"0"!#""!#""!#""!#""!#""!#""!#""!#""!#""!#""!#""!#""!#"255"!#"E"!#"8"!#"B"!#""!#""!#""!#""!#""!#""!#""!#""!#""!#"0"!#"0"!#"0"!#"0"!#""!#""!#""!#""!#""!#""!#""!#""!#""!#""!#""!#""!#""!#""!#""!#""!#""!#""!#""!#""!#""!#""!#""!#""!#""!#""!#""!#""!#""!#""!#""!#""!#""!#""!#""!#""!#""!#""!#""!#""!#""!#""!#""!#""!#""!#""!#""!#""!#""!#""!#""!#""!#""!#""!#""!#""!#""!#""!#""!#""!#""!#""!#""!#""!#""!#""!#""!#"0.00"!#""!#""!#""!#""!#""!#""!#""!#""!#""!#""!#""!#""!#""!#""!#""!#""!#""!#""!#""!#""!#""!#""!#""!#""!#""!#""!#""!#""!#""!#""!#""!#""!#""!#""!#""!#""!#""!#""!#""!#""!#"4.11"!#""!#""!#""!#""!#""!#""!#""!#""!#""!#""!#""!#""!#""!#""!#""!#""!#""!#""!#""!#""!#""!#""!#"19/06/2023"!#""!#"1290"!#"1790"!#"01/01/2021"!#""!#""!#""!#""!#""
"107428"!#"2023/101046-1"!#"location"!#"Bureau "!#"40280"!#"SAINT-PIERRE-DU-MONT"!#"France"!#"ZI de la téoulere"!#""!#""!#"0"!#""!#""!#"1"!#""!#"234"!#"0"!#"15"!#"0"!#"LOCATION BUREAU"!#"Immeuble de bureau d'un seul niveau composé de 9 bureaux, d'un open-space, d'un salle d'attente, d'une salle de repos, d'une salle d'archive, de sanitaire, couloirs de circulations et de palcards sur environ 232 m².<br />Parking plusieurs places, batiment sous alarme.<br />Disponible de suite.Loyer mensuel HT: 2950€<br />Charges mensuelles HT: 100€Contact  06 77 31 26 39 ou  contact@papsimmo.frLes informations sur les risques auxquels ce bien est exposé sont disponibles sur le site Géorisques : www.georisques.gouv.fr<br />Dépôt de garantie : 5900€.<br /><br /><br /> "!#""!#""!#"0"!#""!#""!#"1997"!#""!#"0"!#""!#"0"!#"0"!#"A définir"!#""!#"0"!#"0"!#"0"!#"1"!#"0"!#""!#"0"!#"0"!#""!#"0"!#"0"!#"0"!#"0"!#"0"!#""!#""!#""!#""!#""!#""!#""!#""!#""!#""!#""!#""!#"0"!#"0"!#"0"!#"0"!#"0"!#"0"!#"0"!#"0"!#"0"!#"0"!#"0"!#"0"!#"0"!#"0"!#"0"!#"0"!#"0"!#"0"!#""!#""!#"0"!#"Figaro"!#"0"!#"0"!#"https://www.papsimmo.fr/properties/2023-101046-1/capture-d-ecran-2023-10-17-081501.jpg?20240102"!#"https://www.papsimmo.fr/properties/2023-101046-1/capture-d-ecran-2023-10-17-081547.jpg?20240102"!#"https://www.papsimmo.fr/properties/2023-101046-1/capture-d-ecran-2023-10-17-081238.jpg?20240102"!#""!#""!#""!#""!#""!#""!#"Photo-2023/101046-1-1"!#"Photo-2023/101046-1-2"!#"Photo-2023/101046-1-3"!#""!#""!#""!#""!#""!#""!#""!#""!#"06 77 31 26 39"!#"PAPs immo"!#"contact@papsimmo.fr"!#"40280"!#"SAINT-PIERRE-DU-MONT"!#""!#""!#"50"!#"10/10/2023"!#""!#""!#""!#""!#""!#""!#""!#""!#""!#""!#""!#""!#""!#""!#""!#""!#""!#""!#""!#""!#""!#""!#""!#""!#""!#""!#""!#""!#""!#""!#""!#""!#""!#""!#""!#""!#""!#""!#""!#""!#""!#""!#""!#""!#""!#""!#""!#""!#"0"!#"0"!#""!#""!#""!#""!#""!#""!#""!#""!#""!#""!#""!#""!#"0"!#"VI"!#"0"!#"VI"!#""!#""!#""!#""!#""!#""!#""!#""!#""!#"0"!#"0"!#"0"!#"0"!#""!#""!#""!#""!#""!#""!#""!#""!#""!#"35400.00"!#"1200.00"!#"0.00"!#"0.00"!#"oui"!#"non"!#"oui"!#"non"!#"non"!#"non"!#"non"!#"non"!#""!#""!#""!#""!#""!#""!#""!#""!#""!#""!#""!#""!#""!#""!#""!#""!#""!#""!#""!#""!#""!#""!#""!#""!#""!#""!#""!#""!#""!#""!#""!#""!#""!#""!#""!#""!#""!#""!#""!#""!#""!#""!#""!#""!#""!#""!#"0.00"!#""!#""!#""!#""!#""!#""!#""!#""!#""!#""!#""!#""!#""!#""!#""!#""!#""!#""!#""!#""!#""!#""!#""!#""!#""!#""!#""!#""!#""!#""!#""!#""!#""!#""!#""!#""!#""!#""!#""!#""!#"4.11"!#""!#""!#""!#""!#""!#""!#""!#""!#""!#""!#""!#""!#""!#""!#""!#""!#""!#""!#""!#""!#""!#""!#""!#""!#"0"!#"0"!#""!#""!#""!#""!#""!#""
"107428"!#"2023/101042-1"!#"vente"!#"Terrain"!#"40120"!#"CACHEN"!#"France"!#"route du Ginx"!#""!#""!#"210000"!#""!#""!#""!#""!#"0"!#"11969"!#"0"!#"0"!#"Terrain Constructible de 1 Ha 19a 69ca"!#"À saisir, ce magnifique terrain constructible de plus d’un hectare (1 Ha 19a 69ca), plat et arboré, niché au cœur du bourg d’un charmant village. Situé à seulement 5 minutes de Roquefort, de l'autoroute A65, et à 20 minutes de Mont-de-Marsan, ce terrain offre une localisation idéale pour un projet de vie ou d’investissement.Prix : 210 000€Pour plus d’informations, contactez-nous au 06 77 31 26 39 ou par email à contact@papsimmo.fr"!#""!#""!#"0"!#""!#""!#""!#""!#"0"!#""!#"0"!#"0"!#"A définir"!#""!#"0"!#"0"!#"0"!#"1"!#"0"!#""!#"0"!#"0"!#""!#"0"!#"0"!#"0"!#"0"!#"0"!#""!#""!#""!#""!#""!#""!#""!#""!#""!#""!#""!#""!#"0"!#"0"!#"0"!#"0"!#"0"!#"0"!#"0"!#"0"!#"0"!#"0"!#"0"!#"0"!#"0"!#"0"!#"0"!#"0"!#"0"!#"0"!#""!#""!#"0"!#"Figaro"!#"0"!#"0"!#"https://www.papsimmo.fr/properties/2023-101042-1/20230927-143849.jpg?20240102"!#"https://www.papsimmo.fr/properties/2023-101042-1/20230927-143606.jpg?20240102"!#"https://www.papsimmo.fr/properties/2023-101042-1/20230927-143612.jpg?20240102"!#"https://www.papsimmo.fr/properties/2023-101042-1/20230927-143632.jpg?20240102"!#""!#""!#""!#""!#""!#"Photo-2023/101042-1-1"!#"Photo-2023/101042-1-2"!#"Photo-2023/101042-1-3"!#"Photo-2023/101042-1-4"!#""!#""!#""!#""!#""!#""!#""!#"06 77 31 26 39"!#"PAPs immo"!#"contact@papsimmo.fr"!#"40120"!#"CACHEN"!#""!#""!#"51"!#"10/10/2023"!#""!#""!#""!#""!#""!#""!#""!#""!#""!#""!#""!#""!#""!#""!#""!#""!#""!#""!#""!#""!#""!#""!#""!#""!#""!#""!#""!#""!#""!#""!#""!#""!#""!#""!#""!#""!#""!#""!#""!#""!#""!#""!#""!#""!#""!#""!#""!#""!#"0"!#"0"!#""!#""!#""!#""!#""!#""!#""!#""!#""!#""!#""!#""!#"0"!#"NS"!#"0"!#"NS"!#""!#""!#""!#""!#""!#""!#""!#""!#""!#"0"!#"0"!#"0"!#"0"!#""!#""!#""!#""!#""!#""!#""!#""!#""!#""!#""!#""!#""!#""!#""!#""!#""!#""!#""!#""!#""!#""!#""!#""!#""!#""!#""!#""!#""!#""!#""!#""!#""!#""!#""!#""!#""!#""!#""!#""!#""!#""!#""!#""!#""!#""!#""!#""!#""!#""!#""!#""!#""!#""!#""!#""!#""!#""!#""!#""!#""!#""!#""!#""!#""!#""!#""!#"0.00"!#""!#""!#""!#""!#""!#""!#""!#""!#""!#""!#""!#""!#""!#""!#""!#""!#""!#""!#""!#""!#""!#""!#""!#""!#""!#""!#""!#""!#""!#""!#""!#""!#""!#""!#""!#""!#""!#""!#""!#""!#"4.11"!#""!#""!#""!#""!#""!#""!#""!#""!#""!#""!#""!#""!#""!#""!#""!#""!#""!#""!#""!#""!#""!#""!#""!#""!#"0"!#"0"!#""!#""!#""!#""!#""!#""
"107428"!#"2024/012130-1"!#"vente"!#"Propriété"!#"40360"!#"POMAREZ"!#"France"!#"1698 chemin du Lucq"!#""!#""!#"570000"!#""!#""!#""!#""!#"236"!#"90000"!#"8"!#"4"!#"Grand corps de ferme en campagne chalossaise avec 9 ha de foncier en agriculture biologique"!#"Situé entre Dax et Orthez, dans la région landaise de la Chalosse, ce bien décline charme et authenticité tant dans sa maison de maître de 236m² sur deux niveaux que dans la belle dépendance qui la jouxte. 9 hectares de foncier complètent cet ensemble situé au calme en campagne : 6 ha de terre agricole fertile permettant toutes sortes de productions ou d'élevage et 3 ha de boisContact : 06 03 98 08 42 ou mphernandez@papsimmo.frLes informations sur les risques auxquels, ce bien est exposé sont disponibles sur le site Géorisques : www.georisques.gouv.fr"!#""!#""!#"1"!#""!#""!#"1900"!#""!#"0"!#""!#"0"!#"0"!#"A définir"!#""!#"0"!#"0"!#"0"!#"1"!#"0"!#""!#"0"!#"0"!#""!#"0"!#"0"!#"0"!#"0"!#"0"!#""!#""!#""!#""!#""!#""!#""!#""!#""!#""!#""!#""!#"0"!#"0"!#"0"!#"0"!#"0"!#"0"!#"0"!#"0"!#"0"!#"0"!#"0"!#"0"!#"0"!#"0"!#"0"!#"0"!#"0"!#"0"!#""!#""!#"0"!#"Figaro"!#"0"!#"0"!#"https://www.papsimmo.fr/properties/2024-012130-1/Conserverie.jpg?20240121"!#"https://www.papsimmo.fr/properties/2024-012130-1/IMG-20231126-095858.jpg?20240208"!#"https://www.papsimmo.fr/properties/2024-012130-1/IMG-20230813-203554-1.jpg?20240208"!#"https://www.papsimmo.fr/properties/2024-012130-1/20240201-105033.jpg?20240208"!#"https://www.papsimmo.fr/properties/2024-012130-1/20240201-105451.jpg?20240208"!#"https://www.papsimmo.fr/properties/2024-012130-1/cuisine-1.jpg?20240208"!#"https://www.papsimmo.fr/properties/2024-012130-1/chambre-2.jpg?20240208"!#"https://www.papsimmo.fr/properties/2024-012130-1/20240201-110111.jpg?20240208"!#"https://www.papsimmo.fr/properties/2024-012130-1/20240201-110151.jpg?20240208"!#"Photo-2024/012130-1-1"!#"Photo-2024/012130-1-2"!#"Photo-2024/012130-1-3"!#"Photo-2024/012130-1-4"!#"Photo-2024/012130-1-5"!#"Photo-2024/012130-1-7"!#"Photo-2024/012130-1-8"!#"Photo-2024/012130-1-9"!#""!#""!#""!#"06.77.31.26.39"!#"Denis DEHEZ 497036"!#"ddehez@papsimmo.fr"!#"40360"!#"POMAREZ"!#""!#""!#"66"!#"21/01/2024"!#""!#""!#""!#""!#""!#""!#""!#""!#""!#""!#""!#""!#""!#""!#""!#""!#""!#""!#""!#""!#""!#""!#""!#""!#""!#""!#""!#""!#""!#""!#""!#""!#""!#""!#""!#""!#""!#""!#""!#""!#""!#""!#""!#""!#""!#""!#""!#""!#"0"!#"0"!#""!#""!#""!#""!#""!#""!#""!#""!#""!#""!#""!#""!#"296"!#"E"!#"8"!#"B"!#""!#""!#""!#""!#""!#""!#""!#""!#""!#"0"!#"0"!#"0"!#"0"!#""!#""!#""!#""!#""!#""!#""!#""!#""!#""!#""!#""!#""!#""!#""!#""!#""!#""!#""!#""!#""!#""!#""!#""!#""!#""!#""!#""!#""!#""!#""!#""!#""!#""!#""!#""!#""!#""!#""!#""!#""!#""!#""!#""!#""!#""!#""!#""!#""!#""!#""!#""!#""!#""!#""!#""!#""!#""!#""!#""!#""!#""!#""!#""!#""!#""!#""!#"0.00"!#""!#""!#""!#""!#""!#""!#""!#""!#""!#""!#""!#""!#""!#""!#""!#""!#""!#""!#""!#""!#""!#""!#""!#""!#""!#""!#""!#""!#""!#""!#""!#""!#""!#""!#""!#""!#""!#""!#""!#""!#"4.11"!#""!#""!#""!#""!#""!#""!#""!#""!#""!#""!#""!#""!#""!#""!#""!#""!#""!#""!#""!#""!#""!#""!#"29/11/2023"!#""!#"3890"!#"5320"!#"01/01/2021"!#""!#""!#""!#""!#""
"107428"!#"2024/021202-1"!#"vente"!#"Maison"!#"40000"!#"MONT-DE-MARSAN"!#"France"!#"16 petite rue des landes"!#""!#""!#"129000"!#""!#""!#""!#""!#"94"!#"77"!#"4"!#"2"!#"Maison de ville T4 centre Mont de Marsan."!#"Idéalement située au cœur de Mont de Marsan, <br />cette maison de ville T4 présente un potentiel exceptionnel pour les primo-accédants ou les investisseurs.<br />Au rez-de-chaussée, vous trouverez une entrée avec placard, une cuisine indépendante avec cellier attenant, une salle de bain rénovée avec meuble vasque et baignoire, ainsi qu'une toilette séparée. Un beau séjour d'environ 26 m² offre un espace de vie lumineux et convivial.<br />À l'étage, deux chambres de tailles généreuses (11 m² et 16 m²), ainsi qu'un bureau/chambre créent des possibilités d'aménagement flexibles. De plus, les combles aménageables sur sol planché ouvrent de nouvelles perspectives d'espace.<br />Pour votre confort, un parking privé et un espace commun viennent compléter cette propriété, donnant des solutions pratiques pour le stationnement.<br />Cette maison offre un excellent potentiel avec la possibilité de personnalisation selon vos besoins et vos envies. <br />Que vous soyez à la recherche d'une première acquisition ou d'un investissement locatif, ne laissez pas passer cette opportunité !<br />Taxe foncière : 1068€Prix : 129 000€"!#""!#""!#"1"!#""!#""!#""!#""!#"1"!#""!#"1"!#"0"!#"A définir"!#""!#"0"!#"0"!#"0"!#"1"!#"0"!#""!#"0"!#"0"!#""!#"0"!#"0"!#"0"!#"0"!#"0"!#""!#""!#""!#""!#""!#""!#""!#""!#""!#""!#""!#""!#"0"!#"0"!#"0"!#"0"!#"0"!#"0"!#"0"!#"0"!#"0"!#"0"!#"0"!#"0"!#"0"!#"0"!#"0"!#"0"!#"0"!#"0"!#""!#""!#"0"!#"Figaro"!#"0"!#"0"!#"https://www.papsimmo.fr/properties/2024-021202-1/photo.jpg?20240319"!#"https://www.papsimmo.fr/properties/2024-021202-1/20240212-122340.jpg?20240319"!#"https://www.papsimmo.fr/properties/2024-021202-1/WhatsApp-Image-2024-03-19-a-09-34-50-70a0b0ee.jpg?20240319"!#"https://www.papsimmo.fr/properties/2024-021202-1/20240212-122612.jpg?20240212"!#"https://www.papsimmo.fr/properties/2024-021202-1/20240212-122519.jpg?20240212"!#"https://www.papsimmo.fr/properties/2024-021202-1/20240212-122009.jpg?20240212"!#"https://www.papsimmo.fr/properties/2024-021202-1/20240212-122206.jpg?20240212"!#"https://www.papsimmo.fr/properties/2024-021202-1/20240212-122059.jpg?20240212"!#""!#"Photo-2024/021202-1-1"!#"Photo-2024/021202-1-2"!#"Photo-2024/021202-1-3"!#"Photo-2024/021202-1-4"!#"Photo-2024/021202-1-5"!#"Photo-2024/021202-1-7"!#"Photo-2024/021202-1-8"!#""!#""!#""!#""!#"06.77.31.26.39"!#"Denis DEHEZ 497036"!#"ddehez@papsimmo.fr"!#"40000"!#"MONT-DE-MARSAN"!#""!#""!#"74"!#"12/02/2024"!#""!#""!#""!#""!#""!#""!#""!#""!#""!#""!#""!#""!#""!#""!#""!#""!#""!#""!#""!#""!#""!#""!#""!#""!#""!#""!#""!#""!#""!#""!#""!#""!#""!#""!#""!#""!#""!#""!#""!#""!#""!#""!#""!#""!#""!#""!#""!#""!#"0"!#"0"!#""!#""!#""!#""!#""!#""!#""!#""!#""!#""!#""!#""!#"217"!#"D"!#"7"!#"B"!#""!#""!#""!#""!#""!#""!#""!#""!#""!#"0"!#"0"!#"0"!#"0"!#""!#""!#""!#""!#""!#""!#""!#""!#""!#""!#""!#""!#""!#""!#""!#""!#""!#""!#""!#""!#""!#""!#""!#""!#""!#""!#""!#""!#""!#""!#""!#""!#""!#""!#""!#""!#""!#""!#""!#""!#""!#""!#""!#""!#""!#""!#""!#""!#""!#""!#""!#""!#""!#""!#""!#""!#""!#""!#""!#""!#""!#""!#""!#""!#""!#""!#""!#"0.00"!#""!#""!#""!#""!#""!#""!#""!#""!#""!#""!#""!#""!#""!#""!#""!#""!#""!#""!#""!#""!#""!#""!#""!#""!#""!#""!#""!#""!#""!#""!#""!#""!#""!#""!#""!#""!#""!#""!#""!#""!#"4.11"!#""!#""!#""!#""!#""!#""!#""!#""!#""!#""!#""!#""!#""!#""!#""!#""!#""!#""!#""!#""!#""!#""!#"08/01/2024"!#""!#"1240"!#"1730"!#"01/01/2021"!#""!#""!#""!#""!#""
"107428"!#"2024/022030-1"!#"vente"!#"boutique"!#"40000"!#"MONT-DE-MARSAN"!#"France"!#"13 Avenue Sadi Carnot"!#""!#""!#"46000"!#""!#""!#""!#""!#"56"!#"0"!#"2"!#"0"!#"local commercial"!#"**À VENDRE : Fonds de Commerce à Mont-de-Marsan 🌟<br />** Découvrez cette superbe opportunité de commerce à Mont-de-Marsan ! 😍 🍽 <br />**Local de 80 m²** comprenant :  Un espace intérieur accueillant avec **24 places assises** 🪑- Une belle terrasse extérieure de **24 places** ☀️ <br />Idéal pour une activité de bar, café, vente de glaces, magasin, épicerie, avec une cave à explorer 🛒🍋🍷. <br />**Emplacement de choix** en plein cœur d'une zone très fréquentée ! 🚶‍♂️🚶‍♀️<br />Ne manquez pas cette belle opportunité ! 🌟 ✨ **Un loyer mensuel de seulement 650 euros** – accessible à tous les budgets ! 💸 <br />✨ Un prix attractif de **46 000 euros**— Une affaire à ne pas manquer ! 🔥 <br />📞 **Contactez-nous dès aujourd'hui** pour planifier une visite et découvrir tout le potentiel de ce fonds de commerce ! <br />🚀 Saisissez cette opportunité avant qu'il ne soit trop tard ! ⏳😊 Loyer 655 €Prix : 46 000 €<br /><br />"!#""!#""!#"0"!#""!#""!#""!#""!#"0"!#""!#"1"!#"0"!#"A définir"!#""!#"0"!#"0"!#"0"!#"1"!#"0"!#""!#"0"!#"0"!#""!#"0"!#"0"!#"0"!#"0"!#"1"!#""!#""!#""!#""!#""!#""!#""!#""!#""!#""!#""!#""!#"0"!#"0"!#"0"!#"0"!#"0"!#"0"!#"0"!#"0"!#"0"!#"0"!#"0"!#"0"!#"0"!#"0"!#"0"!#"0"!#"0"!#"0"!#""!#""!#"0"!#"Figaro"!#"0"!#"0"!#"https://www.papsimmo.fr/properties/2024-022030-1/Capture-2.jpg?20240220"!#"https://www.papsimmo.fr/properties/2024-022030-1/Capture.jpg?20240220"!#"https://www.papsimmo.fr/properties/2024-022030-1/images.jpg?20240809"!#""!#""!#""!#""!#""!#""!#"Photo-2024/022030-1-1"!#"Photo-2024/022030-1-2"!#"Photo-2024/022030-1-3"!#""!#""!#""!#""!#""!#""!#""!#""!#"06.44.30.73.89"!#"Anne-Marie FURET  355025"!#"amfuret@papsimmo.fr"!#"40000"!#"MONT-DE-MARSAN"!#""!#""!#"79"!#"20/02/2024"!#""!#""!#""!#""!#""!#""!#""!#""!#""!#""!#""!#""!#""!#""!#""!#""!#""!#""!#""!#""!#""!#""!#""!#""!#""!#""!#""!#""!#""!#""!#""!#""!#""!#""!#""!#""!#""!#""!#""!#""!#""!#""!#""!#""!#""!#""!#""!#""!#"0"!#"0"!#""!#""!#""!#""!#""!#""!#""!#""!#""!#""!#""!#""!#"0"!#"NS"!#"0"!#"NS"!#""!#""!#""!#""!#""!#""!#""!#""!#""!#"0"!#"0"!#"0"!#"0"!#""!#""!#""!#""!#""!#""!#""!#""!#""!#""!#""!#""!#""!#""!#""!#""!#""!#""!#""!#""!#""!#""!#""!#""!#""!#""!#""!#""!#""!#""!#""!#""!#""!#""!#""!#""!#""!#""!#""!#""!#""!#""!#""!#""!#""!#""!#""!#""!#""!#""!#""!#""!#""!#""!#""!#""!#""!#""!#""!#""!#""!#""!#""!#""!#""!#""!#""!#"0.00"!#""!#""!#""!#""!#""!#""!#""!#""!#""!#""!#""!#""!#""!#""!#""!#""!#""!#""!#""!#""!#""!#""!#""!#""!#""!#""!#""!#""!#""!#""!#""!#""!#""!#""!#""!#""!#""!#""!#""!#""!#"4.11"!#""!#""!#""!#""!#""!#""!#""!#""!#""!#""!#""!#""!#""!#""!#""!#""!#""!#""!#""!#""!#""!#""!#""!#""!#"0"!#"0"!#""!#""!#""!#""!#""!#""
"107428"!#"2024/030537-1"!#"vente"!#"Appartement"!#"40990"!#"SAINT-PAUL-LÈS-DAX"!#"France"!#"centre ville"!#""!#""!#"125000"!#""!#""!#""!#""!#"38"!#"0"!#"2"!#"1"!#"Apt 38m² / résidence au calme"!#"Bel appartement situé au dernier étage d'un immeuble moderne, proche accès commerces, avec espaces verts et piscine.<br />38 m² carrez, un grand espace de vie avec cuisine ouverte, une chambre et une salle de bain. Un Balcon complète le lot.<br />Orienté plein sud, sans vis à vis.<br />Place de parking. <br />Locataire en place, loyer 403€/mois<br />Charge corpo 60€ / mois<br />Prix : 125 000€<br />Contactez Lucie : 06 85 65 10 63"!#""!#""!#"0"!#""!#""!#""!#""!#"0"!#""!#"1"!#"0"!#"A définir"!#""!#"0"!#"0"!#"0"!#"1"!#"1"!#""!#"0"!#"0"!#""!#"0"!#"0"!#"0"!#"0"!#"0"!#""!#""!#""!#""!#""!#""!#""!#""!#""!#""!#""!#""!#"0"!#"0"!#"0"!#"0"!#"0"!#"0"!#"0"!#"0"!#"0"!#"0"!#"0"!#"0"!#"0"!#"0"!#"0"!#"0"!#"0"!#"0"!#""!#""!#"0"!#"Figaro"!#"0"!#"0"!#"https://www.papsimmo.fr/properties/2024-030537-1/WhatsApp-Image-2024-06-24-a-11-24-32-270d7e75.jpg?20240719"!#"https://www.papsimmo.fr/properties/2024-030537-1/WhatsApp-Image-2024-06-24-a-11-24-32-f6dab696.jpg?20240719"!#""!#""!#""!#""!#""!#""!#""!#"Photo-2024/030537-1-1"!#"Photo-2024/030537-1-2"!#""!#""!#""!#""!#""!#""!#""!#""!#""!#"06.85.65.10.63"!#"Lucie LAFITTE 944025"!#"llafitte@papsimmo.fr"!#"40990"!#"SAINT-PAUL-LÈS-DAX"!#""!#""!#"96"!#"05/03/2024"!#""!#""!#""!#""!#""!#""!#""!#""!#""!#""!#""!#""!#""!#""!#""!#""!#""!#""!#""!#""!#""!#""!#""!#""!#""!#""!#""!#""!#""!#""!#""!#""!#""!#""!#""!#""!#""!#""!#""!#""!#""!#""!#""!#""!#""!#""!#""!#""!#"0"!#"0"!#""!#""!#""!#""!#""!#""!#""!#""!#""!#""!#""!#""!#"176"!#"C"!#"7"!#"B"!#""!#""!#""!#""!#""!#""!#""!#""!#""!#"0"!#"0"!#"0"!#"0"!#""!#""!#""!#""!#""!#""!#""!#""!#""!#""!#""!#""!#""!#""!#""!#""!#""!#""!#""!#""!#""!#""!#""!#""!#""!#""!#""!#""!#""!#""!#""!#""!#""!#""!#""!#""!#""!#""!#""!#""!#""!#""!#""!#""!#""!#""!#""!#""!#""!#""!#""!#""!#""!#""!#""!#""!#""!#""!#""!#""!#""!#""!#""!#""!#""!#"1"!#""!#"60.00"!#""!#""!#""!#""!#""!#""!#""!#""!#""!#""!#""!#""!#""!#""!#""!#""!#""!#""!#""!#""!#""!#""!#""!#""!#""!#""!#""!#""!#""!#""!#""!#""!#""!#""!#""!#""!#""!#""!#""!#""!#"4.11"!#""!#""!#""!#""!#""!#""!#""!#""!#""!#""!#""!#""!#""!#""!#""!#""!#""!#""!#""!#""!#""!#""!#"28/06/2022"!#""!#"341"!#"526"!#"20/01/2021"!#""!#""!#""!#""!#""
"107428"!#"2024/030619-1"!#"vente"!#"Maison"!#"40240"!#"LABASTIDE-D'ARMAGNAC"!#"France"!#"Mont de Marsan"!#""!#""!#"123000"!#""!#""!#""!#""!#"110"!#"160"!#"5"!#"3"!#"Maison 110 m² et garage."!#"Venez découvrir, dans un village sympathique, cette charmante maison rénovée, d'environs 110 m².<br />Elle vous offre en rez-de-chaussée : cuisine aménagée, salle à manger avec poêle à bois, salon, salle d'eau avec douche à l'italienne, WC.<br />À l'étage : 3 chambres spacieuses et lumineuses dont une avec point d’eau et WC, d'environ 22 m², 21 m² et 10 m² donnant sur un balcon. <br />Les extérieurs vous combleront avec sa terrasse couverte, un garage, et un terrain cloturé, parfait pour profiter des espaces exterieurs en toute intimité.L’ensemble est idéal pour une famille ou ceux qui recherchent le confort d’une maison rénové.<br />À visiter rapidement !!Taxe foncière 385 €Prix : 123 000 €"!#""!#""!#"1"!#""!#""!#"1900"!#""!#"0"!#""!#"2"!#"0"!#"Individuel"!#""!#"0"!#"0"!#"0"!#"1"!#"1"!#""!#"0"!#"0"!#""!#"0"!#"0"!#"0"!#"0"!#"1"!#""!#""!#""!#""!#""!#""!#""!#""!#""!#""!#""!#""!#"0"!#"0"!#"0"!#"0"!#"0"!#"0"!#"0"!#"0"!#"0"!#"0"!#"0"!#"0"!#"0"!#"0"!#"0"!#"0"!#"0"!#"0"!#""!#""!#"0"!#"Figaro"!#"0"!#"0"!#"https://www.papsimmo.fr/properties/2024-030619-1/thumbnail-20240510-122522.jpg?20240808"!#"https://www.papsimmo.fr/properties/2024-030619-1/thumbnail-20240510-123130.jpg?20240514"!#"https://www.papsimmo.fr/properties/2024-030619-1/thumbnail-20240306-141904.jpg?20240808"!#"https://www.papsimmo.fr/properties/2024-030619-1/thumbnail-Screenshot-20240805-203232-Facebook.jpg?20240808"!#"https://www.papsimmo.fr/properties/2024-030619-1/thumbnail-20240510-123457.jpg?20240514"!#"https://www.papsimmo.fr/properties/2024-030619-1/thumbnail-20240510-122113.jpg?20240808"!#"https://www.papsimmo.fr/properties/2024-030619-1/thumbnail-20240306-143911.jpg?20240306"!#"https://www.papsimmo.fr/properties/2024-030619-1/thumbnail-20240306-143603.jpg?20240306"!#"https://www.papsimmo.fr/properties/2024-030619-1/thumbnail-20240306-143244.jpg?20240306"!#"Photo-2024/030619-1-1"!#"Photo-2024/030619-1-2"!#"Photo-2024/030619-1-3"!#"Photo-2024/030619-1-4"!#"Photo-2024/030619-1-5"!#"Photo-2024/030619-1-7"!#"Photo-2024/030619-1-8"!#"Photo-2024/030619-1-9"!#""!#""!#""!#"06.44.30.73.89"!#"Anne-Marie FURET  355025"!#"amfuret@papsimmo.fr"!#"40240"!#"LABASTIDE-D'ARMAGNAC"!#""!#""!#"80"!#"06/03/2024"!#""!#""!#""!#""!#""!#""!#""!#""!#""!#""!#""!#""!#""!#""!#""!#""!#""!#""!#""!#""!#""!#""!#""!#""!#""!#""!#""!#""!#""!#""!#""!#""!#""!#""!#""!#""!#""!#""!#""!#""!#""!#""!#""!#""!#""!#""!#""!#""!#"0"!#"0"!#""!#""!#""!#""!#""!#""!#""!#""!#""!#""!#""!#""!#"322"!#"E"!#"10"!#"B"!#""!#""!#""!#""!#""!#""!#""!#""!#""!#"0"!#"0"!#"0"!#"0"!#""!#""!#""!#""!#""!#""!#""!#""!#""!#""!#""!#""!#""!#""!#""!#""!#""!#""!#""!#""!#""!#""!#""!#""!#""!#""!#""!#""!#""!#""!#""!#""!#""!#""!#""!#""!#""!#""!#""!#""!#""!#""!#""!#""!#""!#""!#""!#""!#""!#""!#""!#""!#""!#""!#""!#""!#""!#""!#""!#""!#""!#""!#""!#""!#""!#""!#""!#"0.00"!#""!#""!#""!#""!#""!#""!#""!#""!#""!#""!#""!#""!#""!#""!#""!#""!#""!#""!#""!#""!#""!#""!#""!#""!#""!#""!#""!#""!#""!#""!#""!#""!#""!#""!#""!#""!#""!#""!#""!#""!#"4.11"!#""!#""!#""!#""!#""!#""!#""!#""!#""!#""!#""!#""!#""!#""!#""!#""!#""!#""!#""!#""!#""!#""!#"11/08/2201"!#""!#"2555"!#"3457"!#"01/01/2020"!#""!#""!#""!#""!#""
"107428"!#"2024/031432-1"!#"vente"!#"Maison"!#"40380"!#"OZOURT"!#"France"!#"Ozourt"!#""!#""!#"297000"!#""!#""!#""!#""!#"169"!#"1600"!#"5"!#"3"!#"MAISON 3CH"!#"Située à environ18 kms de Dax, dans la commune d'Ozourt , cette maison de 2012 d'environ 169m² avec quelques finitions à prévoir, vous propose:<br /><br />- En RDC: une entrée qui s'ouvre sur le séjour salon cathédrale, vaste pièce de vie d'environ 46m² avec un accès direct sur la terrasse d'environ 65m² orientée sud-ouest.<br />*** une cuisine de 2017 aménagée équipée<br />*** un cellier attenant avec un accès vers le sous sol et un autre vers l'extérieur<br />*** 3 chambres d'environ 12m² comprenant chacune 1 grand placard aménagé et un sol en parquet<br />*** 1 wc indépendant avec fenêtre<br />*** 1 pièce d'eau: une douche à l'italienne, une baignoire et une double vasque<br />- A l'étage: une vaste surface surplombant le salon séjour reste à terminer selon vos besoins . Les arrivées pour l'installation d'une pièce d'eau sont en place ainsi que<br />l'électricité.<br />- d'un sous-sol: environ 145m² , 2 entrées de garages,1 escalier donnant sur le jardin et 1 escalier donnant sur le cellier.<br /><br />Côté confort, cette maison présente un DPE B et est équipée: du chauffage au sol, d'une cheminée, d'une pompe à chaleur, du double vitrage, de volets électriques avec centralisation, d'une isolation styrodur, de la VMC double flux, d'un bac à graisses, d'une fosse septique aux normes et une réserve enterrée d'eau de 5000L<br /><br />Le terrain d'environ 1600m² est entretenu, planté de quelques arbres et agrémenté d'un massif à l'entrée de la maison. Il est équipé de 3 robinets. Il est piscinable.<br /><br />Remarque: certains matériaux dédiés aux finitions sont déjà stockés: plancher pour environ 16m², carrelage de salle de bain, parements pour l'entrée et grillage pour la clôture.<br /><br />La taxe foncière s'élève à environ 1100€<br /><br />Ce bien est proposé à la vente à 297000€Contact: Aline Lateulère PAP'S Immo 0641598385 ou alateulere@papsimmo.frLes informations sur les risques auxquels ce bien est exposé, sont disponibles sur le site géorisuques: www.georisques.gouv.fr "!#""!#""!#"0"!#""!#""!#"2012"!#""!#"1"!#""!#"1"!#"0"!#"A définir"!#""!#"0"!#"0"!#"0"!#"1"!#"0"!#""!#"0"!#"0"!#""!#"0"!#"0"!#"0"!#"0"!#"1"!#""!#""!#""!#""!#""!#""!#""!#""!#""!#""!#""!#""!#"0"!#"0"!#"0"!#"0"!#"0"!#"0"!#"0"!#"0"!#"0"!#"0"!#"0"!#"0"!#"0"!#"0"!#"0"!#"0"!#"0"!#"0"!#""!#""!#"0"!#"Figaro"!#"0"!#"0"!#"https://www.papsimmo.fr/properties/2024-031432-1/20231011-145254.jpg?20240314"!#"https://www.papsimmo.fr/properties/2024-031432-1/20231011-145319.jpg?20240314"!#"https://www.papsimmo.fr/properties/2024-031432-1/20231011-151040.jpg?20240314"!#"https://www.papsimmo.fr/properties/2024-031432-1/20231011-151118.jpg?20240314"!#"https://www.papsimmo.fr/properties/2024-031432-1/20231011-145052.jpg?20240314"!#"https://www.papsimmo.fr/properties/2024-031432-1/20231011-145201.jpg?20240314"!#"https://www.papsimmo.fr/properties/2024-031432-1/20231011-142727.jpg?20240314"!#"https://www.papsimmo.fr/properties/2024-031432-1/20231011-142915.jpg?20240314"!#""!#"Photo-2024/031432-1-1"!#"Photo-2024/031432-1-2"!#"Photo-2024/031432-1-3"!#"Photo-2024/031432-1-4"!#"Photo-2024/031432-1-5"!#"Photo-2024/031432-1-7"!#"Photo-2024/031432-1-8"!#""!#""!#""!#""!#"06.41.59.83.85"!#"Aline LATEULERE 473081"!#"alateulere@papsimmo.fr"!#"40380"!#"OZOURT"!#""!#""!#"82"!#"14/03/2024"!#""!#""!#""!#""!#""!#""!#""!#""!#""!#""!#""!#""!#""!#""!#""!#""!#""!#""!#""!#""!#""!#""!#""!#""!#""!#""!#""!#""!#""!#""!#""!#""!#""!#""!#""!#""!#""!#""!#""!#""!#""!#""!#""!#""!#""!#""!#""!#""!#"0"!#"0"!#""!#""!#""!#""!#""!#""!#""!#""!#""!#""!#""!#""!#"94"!#"B"!#"2"!#"A"!#""!#""!#""!#""!#""!#""!#""!#""!#""!#"0"!#"0"!#"0"!#"0"!#""!#""!#""!#""!#""!#""!#""!#""!#""!#""!#""!#""!#""!#""!#""!#""!#""!#""!#""!#""!#""!#""!#""!#""!#""!#""!#""!#""!#""!#""!#""!#""!#""!#""!#""!#""!#""!#""!#""!#""!#""!#""!#""!#""!#""!#""!#""!#""!#""!#""!#""!#""!#""!#""!#""!#""!#""!#""!#""!#""!#""!#""!#""!#""!#""!#""!#""!#"0.00"!#""!#""!#""!#""!#""!#""!#""!#""!#""!#""!#""!#""!#""!#""!#""!#""!#""!#""!#""!#""!#""!#""!#""!#""!#""!#""!#""!#""!#""!#""!#""!#""!#""!#""!#""!#""!#""!#""!#""!#""!#"4.11"!#""!#""!#""!#""!#""!#""!#""!#""!#""!#""!#""!#""!#""!#""!#""!#""!#""!#""!#""!#""!#""!#""!#"17/10/2023"!#""!#"900"!#"1270"!#"01/01/2021"!#""!#""!#""!#""!#""
"107428"!#"2024/032243-1"!#"vente"!#"Maison"!#"40990"!#"MÉES"!#"France"!#"MEES"!#""!#""!#"349000"!#""!#""!#""!#""!#"156"!#"1265"!#"5"!#"4"!#"MAISON DE CHARME 156m² 4CH VENTE A TERME LIBRE POSSIBLE"!#"ENTE A TERME LIBRE POSSIBLE POUR CE BIENCette très belle bâtisse de 1890, en pierre, d'environ 156m², rénovée et isolée en 2021 vous propose:<br />au RDC:<br />Une cuisine d'environ 30m2 qui a été aménagée et équipée en 2022 . Cette pièce allie praticité et convivialité, charme et modernité, baignée de lumière elle a un accès direct sur la terrasse.<br />Puis, une vaste pièce munie d'une cheminée permet l'agencement d'un séjour et d'un salon accédant à une deuxième terrasse.<br />Un WC et une buanderie complètent le tout .<br />à l'étage:<br />Vous serez séduit par l'attrait de l'ancien et la chaleur des planchers des 4 chambres de belles dimensions.<br />Vous y trouverez aussi une spacieuse salle de bain avec WC , double vasque, baignoire d'angle et possibilité d'installer une grande douche à l'italienne.<br />Côté confort: DPE: C<br />Ce bien est équipé de la climatisation réversible, d'une cheminée, du double vitrage (2010) et les murs sont doublés. La toiture est pourvue de panneaux solaires.<br />Sur le terrain clos d'environ 1265m2  est installée une piscine hors sol ( 5026X2.74) au chlore, dotée d'une pompe neuve (2022).<br />Pour stationner et protéger les véhicules: un garage et un carport<br />L'assainissement est individuel et sa conformité certifiée par le SIDEC le 06/04/2023.<br />Taxe foncière environ 474€<br />Ce bien est proposé à 349000€Contact: Aline Lateulère PAP'S Immo 0641598385 ou alateulere@papsimmo.fr<br />Les informations sur les risques auxquels ce bien est exposé sont disponibles sur le site Géorisques : www.georisques.gouv.fr<br /><br /><br />"!#""!#""!#"0"!#""!#""!#"1890"!#""!#"1"!#""!#"2"!#"0"!#"A définir"!#""!#"0"!#"0"!#"0"!#"1"!#"0"!#""!#"0"!#"0"!#""!#"0"!#"0"!#"0"!#"0"!#"1"!#""!#""!#""!#""!#""!#""!#""!#""!#""!#""!#""!#""!#"0"!#"0"!#"0"!#"0"!#"0"!#"0"!#"0"!#"0"!#"0"!#"0"!#"0"!#"0"!#"0"!#"0"!#"0"!#"0"!#"0"!#"0"!#""!#""!#"0"!#"Figaro"!#"0"!#"0"!#"https://www.papsimmo.fr/properties/2024-032243-1/IMG-7391b.jpg?20240323"!#"https://www.papsimmo.fr/properties/2024-032243-1/IMG-7390a.jpg?20240323"!#"https://www.papsimmo.fr/properties/2024-032243-1/IMG-7393a.jpg?20240323"!#"https://www.papsimmo.fr/properties/2024-032243-1/IMG-7359a.jpg?20240323"!#"https://www.papsimmo.fr/properties/2024-032243-1/IMG-7372a.jpg?20240323"!#"https://www.papsimmo.fr/properties/2024-032243-1/IMG-7380.jpg?20240323"!#"https://www.papsimmo.fr/properties/2024-032243-1/IMG-7384.jpg?20240323"!#"https://www.papsimmo.fr/properties/2024-032243-1/IMG-7414a.jpg?20240323"!#"https://www.papsimmo.fr/properties/2024-032243-1/IMG-7418a.jpg?20240323"!#"Photo-2024/032243-1-1"!#"Photo-2024/032243-1-2"!#"Photo-2024/032243-1-3"!#"Photo-2024/032243-1-4"!#"Photo-2024/032243-1-5"!#"Photo-2024/032243-1-7"!#"Photo-2024/032243-1-8"!#"Photo-2024/032243-1-9"!#"Photo-2024/032243-1-10"!#""!#""!#"06.41.59.83.85"!#"Aline LATEULERE 473081"!#"alateulere@papsimmo.fr"!#"40990"!#"MÉES"!#""!#""!#"84"!#"22/03/2024"!#""!#""!#""!#""!#""!#""!#""!#""!#""!#""!#""!#""!#""!#""!#""!#""!#""!#""!#""!#""!#""!#""!#""!#""!#""!#""!#""!#""!#""!#""!#""!#""!#""!#""!#""!#""!#""!#""!#""!#""!#""!#""!#""!#""!#""!#""!#""!#""!#"0"!#"0"!#"https://www.papsimmo.fr/properties/2024-032243-1/IMG-7396a.jpg?20240323"!#""!#""!#""!#""!#""!#""!#""!#""!#""!#""!#""!#"162"!#"C"!#"5"!#"A"!#""!#""!#""!#""!#""!#""!#""!#""!#""!#"0"!#"0"!#"0"!#"0"!#""!#""!#""!#""!#""!#""!#""!#""!#""!#""!#""!#""!#""!#""!#""!#""!#""!#""!#""!#""!#""!#""!#""!#""!#""!#""!#""!#""!#""!#""!#""!#""!#""!#""!#""!#""!#""!#""!#""!#""!#""!#""!#""!#""!#""!#""!#""!#""!#""!#""!#""!#""!#""!#""!#""!#""!#""!#""!#""!#""!#""!#""!#""!#""!#""!#""!#""!#"0.00"!#""!#""!#""!#""!#""!#""!#""!#""!#""!#""!#""!#""!#""!#"Photo-2024/032243-1-10"!#""!#""!#""!#""!#""!#""!#""!#""!#""!#""!#""!#""!#""!#""!#""!#""!#""!#""!#""!#""!#""!#""!#""!#""!#""!#""!#"4.11"!#""!#""!#""!#""!#""!#""!#""!#""!#""!#""!#""!#""!#""!#""!#""!#""!#""!#""!#""!#""!#""!#""!#"30/09/2022"!#""!#"1290"!#"1800"!#"01/01/2021"!#""!#""!#""!#""!#""
"107428"!#"2024/061855-1"!#"vente"!#"Maison"!#"40100"!#"DAX"!#"France"!#""!#""!#""!#"399000"!#""!#""!#""!#""!#"130"!#"580"!#"4"!#"3"!#"CHARMANTE MAISON T4 130m² DE PLEIN PIED"!#"Belle maison T4 d'environ 130m², de plein pied, des années 2000, qui se situe au calme dans une impasse et toute proche des commodités à pied: hypermarché, pharmacie, salle de sport, piscine, transports etc....Maison lumineuse qui propose un bel espace de vie avec cheminée, 2 grandes chambres, une salle de bain avec WC et un WC séparé et une 3ème chambre avec sa salle de douche et wc privatifs, une cuisine avec cellier attenant et un garage. La pièce de vie et la cuisine s'ouvrent sur un charmant espace terrasse.Le jardin, d'environ 580m² fleuri et arboré, entièrement clos et sans vis à vis et très agréable possède un local d'environ 17m² muni d'une porte et d'une fenêtre: bel espace de rangement ou possibilité de créer un studio.Côté confort: double vitrage, volets roulants, store banne, chauffage électrique et cheminée.Taxe foncière: 1900€Contact: Aline Lateulère: 06.41.59.83.85 ou alateulere@papsimmo.frLes informations sur les risques auxquels, ce bien est exposé sont disponibles sur le site Géorisques : www.georisques.gouv.fr"!#""!#""!#"0"!#""!#""!#"2000"!#""!#"1"!#""!#"3"!#"0"!#"A définir"!#""!#"0"!#"0"!#"0"!#"1"!#"0"!#""!#"0"!#"0"!#""!#"0"!#"0"!#"0"!#"0"!#"1"!#""!#""!#""!#""!#""!#""!#""!#""!#""!#""!#""!#""!#"0"!#"0"!#"0"!#"0"!#"0"!#"0"!#"0"!#"0"!#"0"!#"0"!#"0"!#"0"!#"0"!#"0"!#"0"!#"0"!#"0"!#"0"!#""!#""!#"0"!#"Figaro"!#"0"!#"0"!#"https://www.papsimmo.fr/properties/2024-061855-1/1000033589copie.jpg?20240618"!#"https://www.papsimmo.fr/properties/2024-061855-1/1000033591copie.jpg?20240618"!#"https://www.papsimmo.fr/properties/2024-061855-1/IMG-8114copie.jpg?20240618"!#"https://www.papsimmo.fr/properties/2024-061855-1/1000033577copie.jpg?20240618"!#"https://www.papsimmo.fr/properties/2024-061855-1/1000033583copie.jpg?20240618"!#"https://www.papsimmo.fr/properties/2024-061855-1/IMG-8100-copie.jpg?20240618"!#"https://www.papsimmo.fr/properties/2024-061855-1/IMG-8101copie.jpg?20240618"!#"https://www.papsimmo.fr/properties/2024-061855-1/1000033586copie.jpg?20240618"!#"https://www.papsimmo.fr/properties/2024-061855-1/1000033582copie.jpg?20240618"!#"Photo-2024/061855-1-1"!#"Photo-2024/061855-1-2"!#"Photo-2024/061855-1-3"!#"Photo-2024/061855-1-4"!#"Photo-2024/061855-1-5"!#"Photo-2024/061855-1-7"!#"Photo-2024/061855-1-8"!#"Photo-2024/061855-1-9"!#""!#""!#""!#"06.41.59.83.85"!#"Aline LATEULERE 473081"!#"alateulere@papsimmo.fr"!#"40100"!#"DAX"!#""!#""!#"107"!#"18/06/2024"!#""!#""!#""!#""!#""!#""!#""!#""!#""!#""!#""!#""!#""!#""!#""!#""!#""!#""!#""!#""!#""!#""!#""!#""!#""!#""!#""!#""!#""!#""!#""!#""!#""!#""!#""!#""!#""!#""!#""!#""!#""!#""!#""!#""!#""!#""!#""!#""!#"0"!#"0"!#""!#""!#""!#""!#""!#""!#""!#""!#""!#""!#""!#""!#"206"!#"D"!#"6"!#"A"!#""!#""!#""!#""!#""!#""!#""!#""!#""!#"0"!#"0"!#"0"!#"0"!#""!#""!#""!#""!#""!#""!#""!#""!#""!#""!#""!#""!#""!#""!#""!#""!#""!#""!#""!#""!#""!#""!#""!#""!#""!#""!#""!#""!#""!#""!#""!#""!#""!#""!#""!#""!#""!#""!#""!#""!#""!#""!#""!#""!#""!#""!#""!#""!#""!#""!#""!#""!#""!#""!#""!#""!#""!#""!#""!#""!#""!#""!#""!#""!#""!#""!#""!#"0.00"!#""!#""!#""!#""!#""!#""!#""!#""!#""!#""!#""!#""!#""!#""!#""!#""!#""!#""!#""!#""!#""!#""!#""!#""!#""!#""!#""!#""!#""!#""!#""!#""!#""!#""!#""!#""!#""!#""!#""!#""!#"4.11"!#""!#""!#""!#""!#""!#""!#""!#""!#""!#""!#""!#""!#""!#""!#""!#""!#""!#""!#""!#""!#""!#""!#"04/04/2023"!#""!#"1510"!#"2110"!#"20/01/2024"!#""!#""!#""!#""!#""
"107428"!#"2024/061912-1"!#"vente"!#"Appartement"!#"40100"!#"DAX"!#"France"!#"dax"!#""!#""!#"169000"!#""!#""!#""!#""!#"58"!#"4493"!#"3"!#"1"!#"APPARTEMENT T2 58m²  VUE EXCEPTIONNELLE"!#"Cet appartement T2 de 58 m²(Carrez) est proche du centre-ville et des commodités : supermarché, pharmacie, transports etc... et vous pouvez tout faire à pied. Il se trouve au 5ᵉ et dernier étage d'une résidence (233 lots) avec ascenseur et sécurisée : porte ouverture avec badge. Il offre une vue exceptionnelle, il est très lumineux et il se compose d'une entrée avec placard, d'une cuisine séparée, d'une pièce de vie, d'une chambre, d'un SDB avec WC. Il possède deux balcons, l'un de 4.07 m² et l'autre de 5.92 m² permettant d'installer entre autres une table et deux chaises et de pouvoir admirer et profiter de la vue. Une place de parking et une cave complètent ce bien.Son prix de vente est de 169 000€. "!#""!#""!#"5"!#""!#""!#""!#""!#"1"!#""!#"1"!#"0"!#"A définir"!#""!#"0"!#"0"!#"0"!#"1"!#"0"!#""!#"0"!#"0"!#""!#"0"!#"0"!#"0"!#"0"!#"1"!#""!#""!#""!#""!#""!#""!#""!#""!#""!#""!#""!#""!#"0"!#"0"!#"0"!#"0"!#"0"!#"0"!#"0"!#"0"!#"0"!#"0"!#"0"!#"0"!#"0"!#"0"!#"0"!#"0"!#"0"!#"0"!#""!#""!#"0"!#"Figaro"!#"0"!#"0"!#"https://www.papsimmo.fr/properties/2024-061912-1/IMG-0319.jpg?20240622"!#"https://www.papsimmo.fr/properties/2024-061912-1/IMG-0320.jpg?20240622"!#"https://www.papsimmo.fr/properties/2024-061912-1/IMG-0315-9.jpg?20240622"!#"https://www.papsimmo.fr/properties/2024-061912-1/IMG-0316.jpg?20240622"!#"https://www.papsimmo.fr/properties/2024-061912-1/IMG-0318.jpg?20240622"!#"https://www.papsimmo.fr/properties/2024-061912-1/IMG-0450-2.png?20240622"!#"https://www.papsimmo.fr/properties/2024-061912-1/IMG-0307-Copie.jpg?20240622"!#"https://www.papsimmo.fr/properties/2024-061912-1/IMG-0313-Copie.jpg?20240622"!#""!#"Photo-2024/061912-1-1"!#"Photo-2024/061912-1-2"!#"Photo-2024/061912-1-3"!#"Photo-2024/061912-1-4"!#"Photo-2024/061912-1-5"!#"Photo-2024/061912-1-7"!#"Photo-2024/061912-1-8"!#""!#""!#""!#""!#"06.41.59.83.85"!#"Aline LATEULERE 473081"!#"alateulere@papsimmo.fr"!#"40100"!#"DAX"!#""!#""!#"109"!#"19/06/2024"!#""!#""!#""!#""!#""!#""!#""!#""!#""!#""!#""!#""!#""!#""!#""!#""!#""!#""!#""!#""!#""!#""!#""!#""!#""!#""!#""!#""!#""!#""!#""!#""!#""!#""!#""!#""!#""!#""!#""!#""!#""!#""!#""!#""!#""!#""!#""!#""!#"0"!#"0"!#""!#""!#""!#""!#""!#""!#""!#""!#""!#""!#""!#""!#"276"!#"E"!#"56"!#"E"!#""!#""!#""!#""!#""!#""!#""!#""!#""!#"0"!#"0"!#"0"!#"0"!#""!#""!#""!#""!#""!#""!#""!#""!#""!#""!#""!#""!#""!#""!#""!#""!#""!#""!#""!#""!#""!#""!#""!#""!#""!#""!#""!#""!#""!#""!#""!#""!#""!#""!#""!#""!#""!#""!#""!#""!#""!#""!#""!#""!#""!#""!#""!#""!#""!#""!#""!#""!#""!#""!#""!#""!#""!#""!#""!#""!#""!#""!#""!#""!#""!#""!#""!#"0.00"!#""!#""!#""!#""!#""!#""!#""!#""!#""!#""!#""!#""!#""!#""!#""!#""!#""!#""!#""!#""!#""!#""!#""!#""!#""!#""!#""!#""!#""!#""!#""!#""!#""!#""!#""!#""!#""!#""!#""!#""!#"4.11"!#""!#""!#""!#""!#""!#""!#""!#""!#""!#""!#""!#""!#""!#""!#""!#""!#""!#""!#""!#""!#""!#""!#"27/10/2021"!#""!#"1160"!#"1640"!#"01/01/2021"!#""!#""!#""!#""!#""
"107428"!#"2024/073034-1"!#"vente"!#"Maison"!#"40200"!#"MIMIZAN"!#"France"!#"Rue des écoles"!#""!#""!#"777000"!#""!#""!#""!#""!#"204"!#"1090"!#"8"!#"6"!#"villa 204 m² à Mimizan plage"!#"Propriété d'Exception - 8 Pièces - 204 m² à MimizanIdéalement située à proximité immédiate des plages et des commerces, cette propriété unique de 204 m² vous séduira par ses volumes généreux, son agencement fonctionnel et ses prestations modernes. Parfaite pour une grande famille ou pour un projet d'investissement locatif.Caractéristiques de l'Étage PrincipalSuperficie : 140 m² : Une grande surface entièrement rénovée, offrant tout le confort moderne.Entrée indépendante : Préservant intimité et praticité.Séjour lumineux avec terrasse exposé plein sud : Un espace de vie chaleureux et accueillant.Cuisine moderne entièrement équipée : Idéale pour des moments culinaires conviviaux.Bureau : Un espace parfait pour le télétravail ou les études.WC indépendant : Pratique pour les invités.Suite parentale avec salle d'eau privative : offre confort et intimité.Deux chambres supplémentaires : Spacieuses et bien agences.Caractéristiques du Rez-de-ChausséeGrand garage de 64 m² : Espace sécurisé pour plusieurs véhicules ou pour du stockage.Chaufferie de 12 m² : Espace technique et fonctionnel.Appartement T3 indépendant (64 m²) : Actuellement loué, offrant une opportunité de revenus supplémentaires. Il comprend :Un séjour avec cuisine ouverte,Deux chambres,Une salle de bain et un WC,Un dégagement avec rangement.Extérieurs et Performances ÉnergétiquesTerrain de 1 090 m² : Un vaste espace extérieur parfait pour le jardinage, les loisirs ou des aménagements paysagers.Système de chauffage performant : Pompe à chaleur air/eau alimentant des radiateurs dans chaque pièce.Panneaux solaires : Une installation écologique et économique pour réduire vos électriques.Consommation énergétique primaire : 179 kWh/m²/anMontant estimé des dépenses annuelles d'énergie : Entre 2 330 € et 3 210 € par an (prix moyens indexés sur 2021, abonnements inclus).Prix ​​et Informations ComplémentairesPrix ​​du bien : 777 000 € Un bien rare sur le secteur ! À visiter sans tarder pour apprécier tout le potentiel de cette propriété d'exception."!#""!#""!#"1"!#""!#"1"!#"1971"!#""!#"0"!#""!#"2"!#"0"!#"A définir"!#""!#"0"!#"0"!#"0"!#"1"!#"1"!#""!#"0"!#"0"!#""!#"0"!#"0"!#"0"!#"0"!#"1"!#""!#""!#""!#""!#""!#""!#""!#""!#""!#""!#""!#""!#"0"!#"0"!#"0"!#"0"!#"0"!#"0"!#"0"!#"0"!#"0"!#"0"!#"0"!#"0"!#"0"!#"0"!#"0"!#"0"!#"0"!#"0"!#""!#""!#"0"!#"Figaro"!#"0"!#"0"!#"https://www.papsimmo.fr/properties/2024-073034-1/20250108-120717.jpg?20250109"!#"https://www.papsimmo.fr/properties/2024-073034-1/20250108-120906.jpg?20250109"!#"https://www.papsimmo.fr/properties/2024-073034-1/20250108-120833.jpg?20250109"!#"https://www.papsimmo.fr/properties/2024-073034-1/f0a20b38f1c87c76ec9cdef326b7f0f53f332572.jpg?20240730"!#"https://www.papsimmo.fr/properties/2024-073034-1/23b15a74cc380d81dd43d790c232f115dfe31863.jpg?20240730"!#"https://www.papsimmo.fr/properties/2024-073034-1/acd13aa84e6b9331676ddb6ec91d14dfd9471409.jpg?20240730"!#"https://www.papsimmo.fr/properties/2024-073034-1/5989b3a43a50dd2e8632a54a2fdfe37dc8cfc9ac.jpg?20240730"!#"https://www.papsimmo.fr/properties/2024-073034-1/4465ad28bb846335313ca5025ceea15c53eedea2.jpg?20240730"!#"https://www.papsimmo.fr/properties/2024-073034-1/955f43b90dbc059e726c04f35d83a98db8984bf2.jpg?20240730"!#"Photo-2024/073034-1-1"!#"Photo-2024/073034-1-2"!#"Photo-2024/073034-1-3"!#"Photo-2024/073034-1-4"!#"Photo-2024/073034-1-5"!#"Photo-2024/073034-1-7"!#"Photo-2024/073034-1-8"!#"Photo-2024/073034-1-9"!#"Photo-2024/073034-1-10"!#""!#""!#"06.77.16.31.03"!#"Joel DEHEZ 255210"!#"jdehez@papsimmo.fr"!#"40200"!#"MIMIZAN"!#""!#""!#"142"!#"30/07/2024"!#""!#""!#""!#""!#""!#""!#""!#""!#""!#""!#""!#""!#""!#""!#""!#""!#""!#""!#""!#""!#""!#""!#""!#""!#""!#""!#""!#""!#""!#""!#""!#""!#""!#""!#""!#""!#""!#""!#""!#""!#""!#""!#""!#""!#""!#""!#""!#""!#"0"!#"0"!#"https://www.papsimmo.fr/properties/2024-073034-1/e247be96107ad88c1f619056ce983f042aecd5c8.jpg?20240730"!#"https://www.papsimmo.fr/properties/2024-073034-1/821e778947f2fc1cb4aaf8b0a37ec4923298de3f.jpg?20240730"!#"https://www.papsimmo.fr/properties/2024-073034-1/6605965e3a50adbf8a403dbdb11dbe79d5aeecdf.jpg?20240730"!#"https://www.papsimmo.fr/properties/2024-073034-1/1e9fac68745b1acfe4e05260f15e2e90a8698b0c.jpg?20240730"!#"https://www.papsimmo.fr/properties/2024-073034-1/plan-de-maison-Moulin.jpg?20250110"!#"https://www.papsimmo.fr/properties/2024-073034-1/plan-maison-Moulin.jpg?20250110"!#""!#""!#""!#""!#""!#""!#"179"!#"C"!#"16"!#"C"!#""!#""!#""!#""!#""!#""!#""!#""!#""!#"0"!#"0"!#"0"!#"0"!#""!#""!#""!#""!#""!#""!#""!#""!#""!#""!#""!#""!#""!#""!#""!#""!#""!#""!#""!#""!#""!#""!#""!#""!#""!#""!#""!#""!#""!#""!#""!#""!#""!#""!#""!#""!#""!#""!#""!#""!#""!#""!#""!#""!#""!#""!#""!#""!#""!#""!#""!#""!#""!#""!#""!#""!#""!#""!#""!#""!#""!#""!#""!#""!#""!#""!#""!#"0.00"!#""!#""!#""!#""!#""!#""!#""!#""!#""!#""!#""!#""!#""!#"Photo-2024/073034-1-10"!#"Photo-2024/073034-1-11"!#"Photo-2024/073034-1-12"!#"Photo-2024/073034-1-13"!#"Photo-2024/073034-1-14"!#"Photo-2024/073034-1-15"!#""!#""!#""!#""!#""!#""!#""!#""!#""!#""!#""!#""!#""!#""!#""!#""!#""!#""!#""!#""!#""!#"4.11"!#""!#""!#""!#""!#""!#""!#""!#""!#""!#""!#""!#""!#""!#""!#""!#""!#""!#""!#""!#""!#""!#""!#"29/05/2024"!#""!#"2330"!#"3210"!#"01/01/2021"!#""!#""!#""!#""!#""
"107428"!#"2024/082831-1"!#"vente"!#"Terrain"!#"40000"!#"MONT-DE-MARSAN"!#"France"!#"500 avenue Eloi DUCOM"!#""!#""!#"349000"!#""!#""!#""!#""!#"0"!#"873"!#"0"!#"0"!#"Terrain constructible à proximité de l'Hyper Centre de Mont-de-Marsan"!#"À seulement quelques pas du cœur de Mont-de-Marsan, découvrez ce superbe terrain plat de 873 m², idéal pour les promoteurs, marchands de biens, et également accessible aux particuliers souhaitant construire leur propre maison individuelle. Ce terrain constitue une occasion rare de développer un projet immobilier ambitieux ou de bâtir la maison de vos rêves dans une zone urbaine dynamique.Caractéristiques principales : Dimensions idéales : 19,91 m de largeur sur 44 m de longueur, offrant un cadre parfait pour une construction collective de qualité ou une maison individuelle spacieuse. Zonage : Classé en zone urbaine (U), avec des possibilités de construction attractives pour tous types de projets. Implantation : Les constructions peuvent être implantées à 0 à 5 m de la limite d’emprise publique, avec une hauteur maximale de R+3+attique sur les boulevards élargis. Si un bâtiment plus élevé se trouve dans un rayon de 150 m, il est possible d’atteindre cette hauteur. Marges latérales : Un retrait minimum de 3 m est requis par rapport aux limites séparatives latérales, garantissant ainsi de l'espace et de la luminosité pour chaque projet. Emprise au sol : Jusqu'à 80% d'emprise au sol, offrant une grande flexibilité pour vos projets architecturaux.<br /><br />Possibilité d'agrandir jusqu'à 1 424 m² de terrain, avec une maison d'habitation et dépendance.Ce terrain, situé dans une zone en pleine évolution, est l'opportunité parfaite pour une petite opération de promotion immobilière, l'édification d'un ensemble collectif, ou la construction de votre maison individuelle. Ne manquez pas cette occasion unique de participer au développement de Mont-de-Marsan ou de réaliser votre projet de vie.Prix : 349 000€"!#""!#""!#"0"!#""!#""!#""!#""!#"0"!#""!#"0"!#"0"!#"A définir"!#""!#"0"!#"0"!#"0"!#"1"!#"0"!#""!#"0"!#"0"!#""!#"0"!#"0"!#"0"!#"0"!#"0"!#""!#""!#""!#""!#""!#""!#""!#""!#""!#""!#""!#""!#"0"!#"0"!#"0"!#"0"!#"0"!#"0"!#"0"!#"0"!#"0"!#"0"!#"0"!#"0"!#"0"!#"0"!#"0"!#"0"!#"0"!#"0"!#""!#""!#"0"!#"Figaro"!#"0"!#"0"!#"https://www.papsimmo.fr/properties/2024-082831-1/IMG-20240826-WA0052.jpg?20240828"!#"https://www.papsimmo.fr/properties/2024-082831-1/IMG-20240826-WA0051.jpg?20240828"!#"https://www.papsimmo.fr/properties/2024-082831-1/IMG-20240826-WA0050.jpg?20240828"!#""!#""!#""!#""!#""!#""!#"Photo-2024/082831-1-1"!#"Photo-2024/082831-1-2"!#"Photo-2024/082831-1-3"!#""!#""!#""!#""!#""!#""!#""!#""!#"06.77.31.26.39"!#"Denis DEHEZ 497036"!#"ddehez@papsimmo.fr"!#"40000"!#"MONT-DE-MARSAN"!#""!#""!#"112"!#"28/08/2024"!#""!#""!#""!#""!#""!#""!#""!#""!#""!#""!#""!#""!#""!#""!#""!#""!#""!#""!#""!#""!#""!#""!#""!#""!#""!#""!#""!#""!#""!#""!#""!#""!#""!#""!#""!#""!#""!#""!#""!#""!#""!#""!#""!#""!#""!#""!#""!#""!#"0"!#"0"!#""!#""!#""!#""!#""!#""!#""!#""!#""!#""!#""!#""!#"0"!#"NS"!#"0"!#"NS"!#""!#""!#""!#""!#""!#""!#""!#""!#""!#"0"!#"0"!#"0"!#"0"!#""!#""!#""!#""!#""!#""!#""!#""!#""!#""!#""!#""!#""!#""!#""!#""!#""!#""!#""!#""!#""!#""!#""!#""!#""!#""!#""!#""!#""!#""!#""!#""!#""!#""!#""!#""!#""!#""!#""!#""!#""!#""!#""!#""!#""!#""!#""!#""!#""!#""!#""!#""!#""!#""!#""!#""!#""!#""!#""!#""!#""!#""!#""!#""!#""!#""!#""!#"0.00"!#""!#""!#""!#""!#""!#""!#""!#""!#""!#""!#""!#""!#""!#""!#""!#""!#""!#""!#""!#""!#""!#""!#""!#""!#""!#""!#""!#""!#""!#""!#""!#""!#""!#""!#""!#""!#""!#""!#""!#""!#"4.11"!#""!#""!#""!#""!#""!#""!#""!#""!#""!#""!#""!#""!#""!#""!#""!#""!#""!#""!#""!#""!#""!#""!#""!#""!#"0"!#"0"!#""!#""!#""!#""!#""!#""
"107428"!#"2024/092446-1"!#"vente"!#"Immeuble"!#"40000"!#"MONT-DE-MARSAN"!#"France"!#"."!#""!#""!#"545000"!#""!#""!#""!#""!#"350"!#"1495"!#"11"!#"0"!#"EXCEPTIONNEL À MONT-DE-MARSAN - IMMEUBLE & TERRAIN EN HYPER CENTRE"!#"Découvrez une opportunité rare au cœur de Mont-de-Marsan, idéale pour investisseurs et promoteurs ! 🌟🔑 Caractéristiques :Terrain constructible : 1 495 m² sur deux lots.Emprise au sol : 80% (soit jusqu'à 1 196 m² au sol).Possibilité de construction : Immeuble jusqu'à R+5 , mixte ou résidentiel.Bâtiment existant : 350 m² habitables + combles aménageables de 120 m².📍Atouts :Emplacement premium en hyper centre, proche de toutes les commodités.Accessibilité optimale grâce à deux entrées indépendantes.Zone classée U, cadre idéal pour des projets résidentiels ou commerciaux.🎯 Votre projet :<br />Imaginez un immeuble moderne, une réhabilitation prestigieuse ou un programme neuf répondant aux besoins des citadins et des professionnels. Ce terrain est le point de départ parfait pour un projet à forte rentabilité.📞 Ne laissez pas passer cette opportunité unique ! Contactez-nous dès maintenant pour plus d'informations ou une visite.<br />#ImmobilierMontDeMarsan #Investissement #ProjetImmobilier #Opportunité #PromotionImmobilièrePrix : 545 000€"!#""!#""!#"2"!#""!#""!#""!#""!#"0"!#""!#"2"!#"0"!#"A définir"!#""!#"0"!#"0"!#"0"!#"1"!#"0"!#""!#"0"!#"0"!#""!#"0"!#"0"!#"0"!#"0"!#"1"!#""!#""!#""!#""!#""!#""!#""!#""!#""!#""!#""!#""!#"0"!#"0"!#"0"!#"0"!#"0"!#"0"!#"0"!#"0"!#"0"!#"0"!#"0"!#"0"!#"0"!#"0"!#"0"!#"0"!#"0"!#"0"!#""!#""!#"0"!#"Figaro"!#"0"!#"0"!#"https://www.papsimmo.fr/properties/2024-092446-1/Capture-d-ecran-2024-09-24-171127.jpg?20250217"!#"https://www.papsimmo.fr/properties/2024-092446-1/RDC-1.jpg?20250217"!#"https://www.papsimmo.fr/properties/2024-092446-1/etage-1E.jpg?20250217"!#"https://www.papsimmo.fr/properties/2024-092446-1/COMBLES.jpg?20250217"!#""!#""!#""!#""!#""!#"Photo-2024/092446-1-1"!#"Photo-2024/092446-1-2"!#"Photo-2024/092446-1-3"!#"Photo-2024/092446-1-4"!#""!#""!#""!#""!#""!#""!#""!#"06.77.31.26.39"!#"Denis DEHEZ 497036"!#"ddehez@papsimmo.fr"!#"40000"!#"MONT-DE-MARSAN"!#""!#""!#"139"!#"24/09/2024"!#""!#""!#""!#""!#""!#""!#""!#""!#""!#""!#""!#""!#""!#""!#""!#""!#""!#""!#""!#""!#""!#""!#""!#""!#""!#""!#""!#""!#""!#""!#""!#""!#""!#""!#""!#""!#""!#""!#""!#""!#""!#""!#""!#""!#""!#""!#""!#""!#"0"!#"0"!#""!#""!#""!#""!#""!#""!#""!#""!#""!#""!#""!#""!#"0"!#"VI"!#"0"!#"VI"!#""!#""!#""!#""!#""!#""!#""!#""!#""!#"0"!#"0"!#"0"!#"0"!#""!#""!#""!#""!#""!#""!#""!#""!#""!#""!#""!#""!#""!#""!#""!#""!#""!#""!#""!#""!#""!#""!#""!#""!#""!#""!#""!#""!#""!#""!#""!#""!#""!#""!#""!#""!#""!#""!#""!#""!#""!#""!#""!#""!#""!#""!#""!#""!#""!#""!#""!#""!#""!#""!#""!#""!#""!#""!#""!#""!#""!#""!#""!#""!#""!#""!#""!#"0.00"!#""!#""!#""!#""!#""!#""!#""!#""!#""!#""!#""!#""!#""!#""!#""!#""!#""!#""!#""!#""!#""!#""!#""!#""!#""!#""!#""!#""!#""!#""!#""!#""!#""!#""!#""!#""!#""!#""!#""!#""!#"4.11"!#""!#""!#""!#""!#""!#""!#""!#""!#""!#""!#""!#""!#""!#""!#""!#""!#""!#""!#""!#""!#""!#""!#"11/07/2023"!#""!#"0"!#"0"!#""!#""!#""!#""!#""!#""
"107428"!#"2024/092704-1"!#"vente"!#"Maison"!#"40110"!#"ONESSE-LAHARIE"!#"France"!#"Onesse"!#""!#""!#"365000"!#""!#""!#""!#""!#"100"!#"921"!#"4"!#"3"!#"MAISON 2017 PLEIN PIED 100M² 3CH"!#"Située à Onesse Laharie, dans un quartier calme avec une vue directe sur la forêt landaise, je vous propose cette maison de 2017, norme RT2012, d'une surface d'environ 100m² de plain-pied. Elle se distingue par une belle pièce de vie lumineuse d'environ 57m² comprenant une cuisine équipée, aménagée, moderne, un salon et une salle à manger. La suite parentale possède une salle de douche et un WC privés. Deux autres chambres, une salle de douche et un wc séparé complètent cet ensemble aux teintes blanches et naturelles. Une piscine chauffée et couverte munie d'une vaste plage offre un bel espace de détente. Le terrain d'environ 921m²est entièrement clos et équipé d'un portail électrique. Côté confort, ce bien est muni de panneaux solaires, d'une pompe à chaleur, d'une clim réversible, du double vitrage et de volets roulants.<br />Taxe foncière : 650€contact Aline Lateulere PAPSIMMO 0641598385Prix : 365 000€"!#""!#""!#"0"!#""!#""!#"2017"!#""!#"0"!#""!#"2"!#"0"!#""!#""!#"0"!#"0"!#"0"!#"1"!#"0"!#""!#"0"!#"0"!#""!#"0"!#"0"!#"0"!#"0"!#"1"!#""!#""!#""!#""!#""!#""!#""!#""!#""!#""!#""!#""!#"0"!#"0"!#"0"!#"0"!#"0"!#"0"!#"0"!#"0"!#"0"!#"0"!#"0"!#"0"!#"0"!#"0"!#"0"!#"0"!#"0"!#"0"!#""!#""!#"0"!#"Figaro"!#"0"!#"0"!#"https://www.papsimmo.fr/properties/2024-092704-1/4895dfc6-9224-4ca3-961b-b9baeee710b5.jpg?20240927"!#"https://www.papsimmo.fr/properties/2024-092704-1/fcef1db5-4891-4746-8d66-7919c152483c.jpg?20240927"!#"https://www.papsimmo.fr/properties/2024-092704-1/2c60058a-897d-41b1-8e46-ccfab7e8ca29.jpg?20240927"!#"https://www.papsimmo.fr/properties/2024-092704-1/386d1323-1ab1-4051-ae42-4719c916777f.jpg?20240927"!#"https://www.papsimmo.fr/properties/2024-092704-1/013d488d-66ef-42ff-a8d0-4e762a639975.jpg?20240927"!#"https://www.papsimmo.fr/properties/2024-092704-1/25df235d-61ee-46be-96c3-1f1cdecef9da.jpg?20240927"!#""!#""!#""!#"Photo-2024/092704-1-1"!#"Photo-2024/092704-1-2"!#"Photo-2024/092704-1-3"!#"Photo-2024/092704-1-4"!#"Photo-2024/092704-1-5"!#""!#""!#""!#""!#""!#""!#"06.41.59.83.85"!#"Aline LATEULERE 473081"!#"alateulere@papsimmo.fr"!#"40110"!#"ONESSE-LAHARIE"!#""!#""!#"114"!#"27/09/2024"!#""!#""!#""!#""!#""!#""!#""!#""!#""!#""!#""!#""!#""!#""!#""!#""!#""!#""!#""!#""!#""!#""!#""!#""!#""!#""!#""!#""!#""!#""!#""!#""!#""!#""!#""!#""!#""!#""!#""!#""!#""!#""!#""!#""!#""!#""!#""!#""!#"0"!#"0"!#""!#""!#""!#""!#""!#""!#""!#""!#""!#""!#""!#""!#"36"!#"A"!#"2"!#"A"!#""!#""!#""!#""!#""!#""!#""!#""!#""!#"0"!#"0"!#"0"!#"0"!#""!#""!#""!#""!#""!#""!#""!#""!#""!#""!#""!#""!#""!#""!#""!#""!#""!#""!#""!#""!#""!#""!#""!#""!#""!#""!#""!#""!#""!#""!#""!#""!#""!#""!#""!#""!#""!#""!#""!#""!#""!#""!#""!#""!#""!#""!#""!#""!#""!#""!#""!#""!#""!#""!#""!#""!#""!#""!#""!#""!#""!#""!#""!#""!#""!#""!#""!#"0.00"!#""!#""!#""!#""!#""!#""!#""!#""!#""!#""!#""!#""!#""!#""!#""!#""!#""!#""!#""!#""!#""!#""!#""!#""!#""!#""!#""!#""!#""!#""!#""!#""!#""!#""!#""!#""!#""!#""!#""!#""!#"4.11"!#""!#""!#""!#""!#""!#""!#""!#""!#""!#""!#""!#""!#""!#""!#""!#""!#""!#""!#""!#""!#""!#""!#"10/10/2017"!#""!#"0"!#"0"!#"20/05/2024"!#""!#""!#""!#""!#""
"107428"!#"2024/093027-1"!#"vente"!#"bureaux"!#"33390"!#"BLAYE"!#"France"!#"4 Bracaille"!#""!#""!#"64000"!#""!#""!#""!#""!#"219"!#"0"!#"0"!#"0"!#"Boucherie, charcuterie"!#"Belle affaire à saisir !!<br />Ne passez pas à côté de cette belle opportunité de Reprise de Boucherie, volaille, charcuterie !!Réalisez votre rêve en poursuivant cette activité commerciale prospère, dans des locaux en parfait état qui vous permettra une reprise d'activité immédiate, matériel compris. <br />Fréquentés par une clientèle fidèle qui apprécie la variété, la qualité des produits proposés.<br />Créée en 2010, cette entreprise est idéale pour se lancer ou développer son activité.Locaux d'une superficie de 200 m² dont un magasin de 60 m² avec 14 m² de vitrine, un bureau et une réserve, trois chambres froides, 1 laboratoire dédié à la découpe, un quai de livraison et un parking !!<br />Ouvert 4 jours semaine et 6 semaines de congés annuels.<br />Données financières :<br />Loyer mensuel : 1000 €<br />Chiffre d'affaires annuel : 300 000 €<br />Prix du fonds de commerce : 64 000 €<br /><br />Une opportunité à ne pas manquer !"!#""!#""!#"0"!#""!#""!#""!#""!#"0"!#""!#"0"!#"0"!#"A définir"!#""!#"0"!#"0"!#"0"!#"1"!#"0"!#""!#"0"!#"0"!#""!#"0"!#"0"!#"0"!#"0"!#"0"!#""!#""!#""!#""!#""!#""!#""!#""!#""!#""!#""!#""!#"0"!#"0"!#"0"!#"0"!#"0"!#"0"!#"0"!#"0"!#"0"!#"0"!#"0"!#"0"!#"0"!#"0"!#"0"!#"0"!#"0"!#"0"!#""!#""!#"0"!#"Figaro"!#"0"!#"0"!#"https://www.papsimmo.fr/properties/2024-093027-1/attachment1727508416654.jpg?20240930"!#"https://www.papsimmo.fr/properties/2024-093027-1/attachment1727508398565-2.jpg?20240930"!#"https://www.papsimmo.fr/properties/2024-093027-1/attachment1727508434662.jpg?20240930"!#"https://www.papsimmo.fr/properties/2024-093027-1/attachment1727508374958.jpg?20240930"!#"https://www.papsimmo.fr/properties/2024-093027-1/attachment1727508470889.jpg?20240930"!#"https://www.papsimmo.fr/properties/2024-093027-1/attachment1727508453816.jpg?20240930"!#"https://www.papsimmo.fr/properties/2024-093027-1/attachment1727508490830.jpg?20240930"!#"https://www.papsimmo.fr/properties/2024-093027-1/attachment1727508508584.jpg?20240930"!#""!#"Photo-2024/093027-1-1"!#"Photo-2024/093027-1-2"!#"Photo-2024/093027-1-3"!#"Photo-2024/093027-1-4"!#"Photo-2024/093027-1-5"!#"Photo-2024/093027-1-7"!#"Photo-2024/093027-1-8"!#""!#""!#""!#""!#"06.44.30.73.89"!#"Anne-Marie FURET  355025"!#"amfuret@papsimmo.fr"!#"33390"!#"BLAYE"!#""!#""!#"117"!#"30/09/2024"!#""!#""!#""!#""!#""!#""!#""!#""!#""!#""!#""!#""!#""!#""!#""!#""!#""!#""!#""!#""!#""!#""!#""!#""!#""!#""!#""!#""!#""!#""!#""!#""!#""!#""!#""!#""!#""!#""!#""!#""!#""!#""!#""!#""!#""!#""!#""!#""!#"0"!#"0"!#""!#""!#""!#""!#""!#""!#""!#""!#""!#""!#""!#""!#"0"!#"NS"!#"0"!#"NS"!#""!#""!#""!#""!#""!#""!#""!#""!#""!#"0"!#"0"!#"0"!#"0"!#""!#""!#""!#""!#""!#""!#""!#""!#""!#""!#""!#""!#""!#""!#""!#""!#""!#""!#""!#""!#""!#""!#""!#""!#""!#""!#""!#""!#""!#""!#""!#""!#""!#""!#""!#""!#""!#""!#""!#""!#""!#""!#""!#""!#""!#""!#""!#""!#""!#""!#""!#""!#""!#""!#""!#""!#""!#""!#""!#""!#""!#""!#""!#""!#""!#""!#""!#"0.00"!#""!#""!#""!#""!#""!#""!#""!#""!#""!#""!#""!#""!#""!#""!#""!#""!#""!#""!#""!#""!#""!#""!#""!#""!#""!#""!#""!#""!#""!#""!#""!#""!#""!#""!#""!#""!#""!#""!#""!#""!#"4.11"!#""!#""!#""!#""!#""!#""!#""!#""!#""!#""!#""!#""!#""!#""!#""!#""!#""!#""!#""!#""!#""!#""!#""!#""!#"0"!#"0"!#""!#""!#""!#""!#""!#""
"107428"!#"2024/100309-1"!#"vente"!#"Maison"!#"40110"!#"ONESSE-LAHARIE"!#"France"!#"Onesse Laharie"!#""!#""!#"547000"!#""!#""!#""!#""!#"200"!#"17000"!#"7"!#"5"!#"2 MAISONS ET 1 ECURIE sur AIRIAL 1.7H"!#"Magnifique patrimoine architectural landais très prisé, l'airial est un espace ouvert, comme une clairière, dans la forêt où on trouve plusieurs bâtiments sur ce terrain couvert d'herbe et planté de quelques chênes et pins.Je vous propose un airial d'environ 1.7 hectare, comprenant trois bâtiments : deux habitations datant de 1900, une bergerie et une grange rénovées en 2019 ainsi qu'une écurie de 12 boxs.La bergerie exposée sud, allié modernité et charme de l'ancien : la charpente est apparente. D'environ 90m² de plain-pied, elle propose une belle pièce de vie avec cuisine ouverte d'environ 54m². Les deux chambres d'environ 18m² et 12m² possèdent chacune un espace dédié avec vasque et douche et l'une a même une baignoire. Un cellier et un WC complètent le tout. Côté confort : chauffage électrique et poêle à granulés,DPE D.La grange, exposée sud-ouest, offre 110m². Le rez-de-chaussée se compose d'une pièce de vie lumineuse avec sa cuisine ouverte d'environ 44m². Cet espace peut être agrandi en créant une ouverture et en récupérant environ 25m² de l'atelier attenant. À l'étage, une vaste pièce palière de 25m² vous accueille et dessert trois chambres d'environ 10-12 et 13m²ainsi qu'une salle de bain et WC. Côté confort : chauffage électrique et cheminée. DPE CL'écurie possède quant à elle 12 boxs.Idéal pour développer une activité gîtes / gîtes équestres. Vous pouvez également faire de la location à l'année ou saisonnière ou tout simplement profiter en famille de l'ensemble de ce bien.Taxe foncière : 662€ "!#""!#""!#"0"!#""!#""!#"1900"!#""!#"0"!#""!#"0"!#"0"!#"A définir"!#""!#"0"!#"0"!#"0"!#"1"!#"0"!#""!#"0"!#"0"!#""!#"0"!#"0"!#"0"!#"0"!#"0"!#""!#""!#""!#""!#""!#""!#""!#""!#""!#""!#""!#""!#"0"!#"0"!#"0"!#"0"!#"0"!#"0"!#"0"!#"0"!#"0"!#"0"!#"0"!#"0"!#"0"!#"0"!#"0"!#"0"!#"0"!#"0"!#""!#""!#"0"!#"Figaro"!#"0"!#"0"!#"https://www.papsimmo.fr/properties/2024-100309-1/1000009940.jpg?20241004"!#"https://www.papsimmo.fr/properties/2024-100309-1/1000009923.jpg?20241004"!#"https://www.papsimmo.fr/properties/2024-100309-1/1000009961.jpg?20241004"!#"https://www.papsimmo.fr/properties/2024-100309-1/1000009902.jpg?20241004"!#"https://www.papsimmo.fr/properties/2024-100309-1/1000009913.jpg?20241004"!#"https://www.papsimmo.fr/properties/2024-100309-1/1000009916.jpg?20241004"!#"https://www.papsimmo.fr/properties/2024-100309-1/1000009973.jpg?20241004"!#"https://www.papsimmo.fr/properties/2024-100309-1/1000009943.jpg?20241004"!#"https://www.papsimmo.fr/properties/2024-100309-1/1000009946.jpg?20241004"!#"Photo-2024/100309-1-1"!#"Photo-2024/100309-1-2"!#"Photo-2024/100309-1-3"!#"Photo-2024/100309-1-4"!#"Photo-2024/100309-1-5"!#"Photo-2024/100309-1-7"!#"Photo-2024/100309-1-8"!#"Photo-2024/100309-1-9"!#"Photo-2024/100309-1-10"!#""!#""!#"06.41.59.83.85"!#"Aline LATEULERE 473081"!#"alateulere@papsimmo.fr"!#"40110"!#"ONESSE-LAHARIE"!#""!#""!#"118"!#"03/10/2024"!#""!#""!#""!#""!#""!#""!#""!#""!#""!#""!#""!#""!#""!#""!#""!#""!#""!#""!#""!#""!#""!#""!#""!#""!#""!#""!#""!#""!#""!#""!#""!#""!#""!#""!#""!#""!#""!#""!#""!#""!#""!#""!#""!#""!#""!#""!#""!#""!#"0"!#"0"!#"https://www.papsimmo.fr/properties/2024-100309-1/1000009949.jpg?20241004"!#"https://www.papsimmo.fr/properties/2024-100309-1/1000009954.jpg?20241004"!#""!#""!#""!#""!#""!#""!#""!#""!#""!#""!#"151"!#"C"!#"4"!#"A"!#""!#""!#""!#""!#""!#""!#""!#""!#""!#"0"!#"0"!#"0"!#"0"!#""!#""!#""!#""!#""!#""!#""!#""!#""!#""!#""!#""!#""!#""!#""!#""!#""!#""!#""!#""!#""!#""!#""!#""!#""!#""!#""!#""!#""!#""!#""!#""!#""!#""!#""!#""!#""!#""!#""!#""!#""!#""!#""!#""!#""!#""!#""!#""!#""!#""!#""!#""!#""!#""!#""!#""!#""!#""!#""!#""!#""!#""!#""!#""!#""!#""!#""!#"0.00"!#""!#""!#""!#""!#""!#""!#""!#""!#""!#""!#""!#""!#""!#"Photo-2024/100309-1-10"!#"Photo-2024/100309-1-11"!#""!#""!#""!#""!#""!#""!#""!#""!#""!#""!#""!#""!#""!#""!#""!#""!#""!#""!#""!#""!#""!#""!#""!#""!#""!#"4.11"!#""!#""!#""!#""!#""!#""!#""!#""!#""!#""!#""!#""!#""!#""!#""!#""!#""!#""!#""!#""!#""!#""!#"23/05/2024"!#""!#"820"!#"1140"!#"20/01/2024"!#""!#""!#""!#""!#""
"107428"!#"2024/100719-1"!#"vente"!#"Maison"!#"40120"!#"MAILLÈRES"!#"France"!#"Maillères"!#""!#""!#"175000"!#""!#""!#""!#""!#"75"!#"28297"!#"4"!#"2"!#"Maison Landaise / airial + foret 2,8ha"!#"Maison Landaise nichée au cœur d'un airial, un petit coin de paradis pour les amoureux de nature !<br />Maison à rénover entièrement, sauf la toiture, déjà refaite.<br />La maison peut être agrandie de 50% par rapport à l'emprise au sol.<br />Deux granges sont cadastrées, mais actuellement à l'abandon.<br />Vous l'aurez compris, cette maison, ce lieu, attend son coup de cœur, et quelqu'un qui saura lui redonner toute sa beauté. <br />Contactez-moi pour une visite ou plus d'information.<br />Prix : 175 000€"!#""!#""!#"0"!#""!#""!#""!#""!#"0"!#""!#"0"!#"0"!#"A définir"!#""!#"0"!#"0"!#"0"!#"1"!#"0"!#""!#"0"!#"0"!#""!#"0"!#"0"!#"0"!#"0"!#"0"!#""!#""!#""!#""!#""!#""!#""!#""!#""!#""!#""!#""!#"0"!#"0"!#"0"!#"0"!#"0"!#"0"!#"0"!#"0"!#"0"!#"0"!#"0"!#"0"!#"0"!#"0"!#"0"!#"0"!#"0"!#"0"!#""!#""!#"0"!#"Figaro"!#"0"!#"0"!#"https://www.papsimmo.fr/properties/2024-100719-1/358334147-228022896870757-829261548031997283-n.jpg?20241007"!#"https://www.papsimmo.fr/properties/2024-100719-1/358324308-2391126221066543-7861005962890919559-n.jpg?20241007"!#"https://www.papsimmo.fr/properties/2024-100719-1/358328321-1638057480018027-740406401225796840-n.jpg?20241007"!#"https://www.papsimmo.fr/properties/2024-100719-1/358326969-222153287467262-5928160267580269192-n.jpg?20241007"!#"https://www.papsimmo.fr/properties/2024-100719-1/358325267-636867864871830-6171483147595718194-n.jpg?20241007"!#"https://www.papsimmo.fr/properties/2024-100719-1/358332169-789850229592386-2195408255889092255-n.jpg?20241007"!#"https://www.papsimmo.fr/properties/2024-100719-1/358822591-284967927480030-1633269032071372827-n.jpg?20241007"!#"https://www.papsimmo.fr/properties/2024-100719-1/358321440-200576699370160-8024340341975090912-n.jpg?20241007"!#"https://www.papsimmo.fr/properties/2024-100719-1/358329919-191381467065240-2818936800946580261-n.jpg?20241007"!#"Photo-2024/100719-1-1"!#"Photo-2024/100719-1-2"!#"Photo-2024/100719-1-3"!#"Photo-2024/100719-1-4"!#"Photo-2024/100719-1-5"!#"Photo-2024/100719-1-7"!#"Photo-2024/100719-1-8"!#"Photo-2024/100719-1-9"!#"Photo-2024/100719-1-10"!#""!#""!#"06.85.65.10.63"!#"Lucie LAFITTE 944025"!#"llafitte@papsimmo.fr"!#"40120"!#"MAILLÈRES"!#""!#""!#"102"!#"07/10/2024"!#""!#""!#""!#""!#""!#""!#""!#""!#""!#""!#""!#""!#""!#""!#""!#""!#""!#""!#""!#""!#""!#""!#""!#""!#""!#""!#""!#""!#""!#""!#""!#""!#""!#""!#""!#""!#""!#""!#""!#""!#""!#""!#""!#""!#""!#""!#""!#""!#"0"!#"0"!#"https://www.papsimmo.fr/properties/2024-100719-1/358332193-1013327540082866-4271696477659227315-n.jpg?20241007"!#"https://www.papsimmo.fr/properties/2024-100719-1/358333652-1083484775957418-1170099141593812412-n.jpg?20241007"!#"https://www.papsimmo.fr/properties/2024-100719-1/358339078-959537548438395-4162910302439887085-n.jpg?20241007"!#""!#""!#""!#""!#""!#""!#""!#""!#""!#"0"!#"NS"!#"0"!#"NS"!#""!#""!#""!#""!#""!#""!#""!#""!#""!#"0"!#"0"!#"0"!#"0"!#""!#""!#""!#""!#""!#""!#""!#""!#""!#""!#""!#""!#""!#""!#""!#""!#""!#""!#""!#""!#""!#""!#""!#""!#""!#""!#""!#""!#""!#""!#""!#""!#""!#""!#""!#""!#""!#""!#""!#""!#""!#""!#""!#""!#""!#""!#""!#""!#""!#""!#""!#""!#""!#""!#""!#""!#""!#""!#""!#""!#""!#""!#""!#""!#""!#""!#""!#"0.00"!#""!#""!#""!#""!#""!#""!#""!#""!#""!#""!#""!#""!#""!#"Photo-2024/100719-1-10"!#"Photo-2024/100719-1-11"!#"Photo-2024/100719-1-12"!#""!#""!#""!#""!#""!#""!#""!#""!#""!#""!#""!#""!#""!#""!#""!#""!#""!#""!#""!#""!#""!#""!#""!#""!#"4.11"!#""!#""!#""!#""!#""!#""!#""!#""!#""!#""!#""!#""!#""!#""!#""!#""!#""!#""!#""!#""!#""!#""!#""!#""!#"0"!#"0"!#""!#""!#""!#""!#""!#""
"107428"!#"2024/100309-1A"!#"vente"!#"Maison"!#"40170"!#"MÉZOS"!#"France"!#"Onesse Laharie"!#""!#""!#"547000"!#""!#""!#""!#""!#"200"!#"17000"!#"7"!#"5"!#"AIRIAL 1.7H  2 MAISONS ET 1 ECURIE"!#"Patrimoine architectural landais très prisé, l'airial est un espace ouvert, comme une clairière, dans la forêt où on trouve plusieurs bâtiments sur ce terrain couvert d'herbe et planté de quelques chênes et pins.Je vous propose un airial d'environ 1.7 hectares, comprenant trois bâtiments : deux habitations datant de 1900, une bergerie et une grange rénovées en 2019 ainsi qu'une écurie de 12 boxs.La bergerie exposée sud, alie modernité et charme de l'ancien : la charpente est apparente. D'environ 90m² de plain-pied, elle propose une belle pièce de vie avec cuisine ouverte d'environ 54m². Les deux chambres d'environ 18m² et 12m² possèdent chacune un espace dédié avec vasque et douche et l'une a même une baignoire. Un cellier et un wc complètent le tout. Côté confort : chauffage électrique et poêle à granulés,DPE D.La grange, exposée sud-ouest, offre 110m². Le rez-de-chaussée se compose d'une pièce de vie lumineuse avec sa cuisine ouverte d'environ 44m². Cet espace peut être agrandi en créant une ouverture et en récupérant environ 25m² de l'atelier attenant. À l'étage, une vaste pièce palière de 25m² vous accueille et dessert trois chambres d'environ 10-12 et 13m²ainsi qu'une salle de bain et WC. Côté confort : chauffage électrique et cheminée. DPE CL'écurie possède quant à elle 12 boxs.Idéal pour développer une activité gîtes / gîtes équestres. Vous pouvez également faire de la location à l'année ou saisonnière ou tout simplement profiter en famille de l'ensemble de ce bien.Taxe foncière : 662€<br /><br />Contactez Lucie 06 85 65 10 63Les informations sur les risques auxquels, ce bien est exposé sont disponibles sur le site Géorisques : www.georisques.gouv.fr"!#""!#""!#"0"!#""!#""!#"1900"!#""!#"0"!#""!#"0"!#"0"!#"A définir"!#""!#"0"!#"0"!#"0"!#"1"!#"0"!#""!#"0"!#"0"!#""!#"0"!#"0"!#"0"!#"0"!#"0"!#""!#""!#""!#""!#""!#""!#""!#""!#""!#""!#""!#""!#"0"!#"0"!#"0"!#"0"!#"0"!#"0"!#"0"!#"0"!#"0"!#"0"!#"0"!#"0"!#"0"!#"0"!#"0"!#"0"!#"0"!#"0"!#""!#""!#"0"!#"Figaro"!#"0"!#"0"!#"https://www.papsimmo.fr/properties/2024-100309-1A/1000009902.jpg?20241007"!#"https://www.papsimmo.fr/properties/2024-100309-1A/1000009913.jpg?20241007"!#""!#""!#""!#""!#""!#""!#""!#"Photo-2024/100309-1A-1"!#"Photo-2024/100309-1A-2"!#""!#""!#""!#""!#""!#""!#""!#""!#""!#"06.85.65.10.63"!#"Lucie LAFITTE 944025"!#"llafitte@papsimmo.fr"!#"40170"!#"MÉZOS"!#""!#""!#"118"!#"03/10/2024"!#""!#""!#""!#""!#""!#""!#""!#""!#""!#""!#""!#""!#""!#""!#""!#""!#""!#""!#""!#""!#""!#""!#""!#""!#""!#""!#""!#""!#""!#""!#""!#""!#""!#""!#""!#""!#""!#""!#""!#""!#""!#""!#""!#""!#""!#""!#""!#""!#"0"!#"0"!#""!#""!#""!#""!#""!#""!#""!#""!#""!#""!#""!#""!#"151"!#"C"!#"4"!#"A"!#""!#""!#""!#""!#""!#""!#""!#""!#""!#"0"!#"0"!#"0"!#"0"!#""!#""!#""!#""!#""!#""!#""!#""!#""!#""!#""!#""!#""!#""!#""!#""!#""!#""!#""!#""!#""!#""!#""!#""!#""!#""!#""!#""!#""!#""!#""!#""!#""!#""!#""!#""!#""!#""!#""!#""!#""!#""!#""!#""!#""!#""!#""!#""!#""!#""!#""!#""!#""!#""!#""!#""!#""!#""!#""!#""!#""!#""!#""!#""!#""!#""!#""!#"0.00"!#""!#""!#""!#""!#""!#""!#""!#""!#""!#""!#""!#""!#""!#""!#""!#""!#""!#""!#""!#""!#""!#""!#""!#""!#""!#""!#""!#""!#""!#""!#""!#""!#""!#""!#""!#""!#""!#""!#""!#""!#"4.11"!#""!#""!#""!#""!#""!#""!#""!#""!#""!#""!#""!#""!#""!#""!#""!#""!#""!#""!#""!#""!#""!#""!#"23/05/2024"!#""!#"820"!#"1140"!#"20/01/2024"!#""!#""!#""!#""!#""
"107428"!#"2024/061912-1A"!#"vente"!#"Appartement"!#"40990"!#"SAINT-PAUL-LÈS-DAX"!#"France"!#"dax"!#""!#""!#"169000"!#""!#""!#""!#""!#"58"!#"4493"!#"3"!#"1"!#"APPARTEMENT T2 58m²  VUE EXCEPTIONNELLE"!#"Cet appartement T2 de 58 m²(Carrez) est proche du centre-ville et des commodités : supermarché, pharmacie, transports etc... et vous pouvez tout faire à pied. Il se trouve au 5ᵉ et dernier étage d'une résidence (233 lots) avec ascenseur et sécurisée : porte ouverture avec badge. Il offre une vue exceptionnelle, il est très lumineux et il se compose d'une entrée avec placard, d'une cuisine séparée, d'une pièce de vie, d'une chambre, d'un SDB avec WC. Il possède deux balcons, l'un de 4.07 m² et l'autre de 5.92 m² permettant d'installer entre autres une table et deux chaises et de pouvoir admirer et profiter de la vue. Une place de parking et une cave complètent ce bien.Son prix de vente est de 169 000€.contact : Lucie 06 85 65 10 63"!#""!#""!#"5"!#""!#""!#""!#""!#"1"!#""!#"1"!#"0"!#"A définir"!#""!#"0"!#"0"!#"0"!#"1"!#"0"!#""!#"0"!#"0"!#""!#"0"!#"0"!#"0"!#"0"!#"1"!#""!#""!#""!#""!#""!#""!#""!#""!#""!#""!#""!#""!#"0"!#"0"!#"0"!#"0"!#"0"!#"0"!#"0"!#"0"!#"0"!#"0"!#"0"!#"0"!#"0"!#"0"!#"0"!#"0"!#"0"!#"0"!#""!#""!#"0"!#"Figaro"!#"0"!#"0"!#"https://www.papsimmo.fr/properties/2024-061912-1A/IMG-0320.jpg?20250106"!#"https://www.papsimmo.fr/properties/2024-061912-1A/IMG-0316.jpg?20250106"!#"https://www.papsimmo.fr/properties/2024-061912-1A/IMG-0307.jpg?20250106"!#"https://www.papsimmo.fr/properties/2024-061912-1A/IMG-0313.jpg?20250106"!#"https://www.papsimmo.fr/properties/2024-061912-1A/IMG-0317.jpg?20250106"!#"https://www.papsimmo.fr/properties/2024-061912-1A/IMG-0323.jpg?20250106"!#"https://www.papsimmo.fr/properties/2024-061912-1A/IMG-0321.jpg?20250106"!#""!#""!#"Photo-2024/061912-1A-1"!#"Photo-2024/061912-1A-2"!#"Photo-2024/061912-1A-3"!#"Photo-2024/061912-1A-4"!#"Photo-2024/061912-1A-5"!#"Photo-2024/061912-1A-7"!#""!#""!#""!#""!#""!#"06.85.65.10.63"!#"Lucie LAFITTE 944025"!#"llafitte@papsimmo.fr"!#"40990"!#"SAINT-PAUL-LÈS-DAX"!#""!#""!#"109"!#"19/06/2024"!#""!#""!#""!#""!#""!#""!#""!#""!#""!#""!#""!#""!#""!#""!#""!#""!#""!#""!#""!#""!#""!#""!#""!#""!#""!#""!#""!#""!#""!#""!#""!#""!#""!#""!#""!#""!#""!#""!#""!#""!#""!#""!#""!#""!#""!#""!#""!#""!#"0"!#"0"!#""!#""!#""!#""!#""!#""!#""!#""!#""!#""!#""!#""!#"276"!#"E"!#"56"!#"E"!#""!#""!#""!#""!#""!#""!#""!#""!#""!#"0"!#"0"!#"0"!#"0"!#""!#""!#""!#""!#""!#""!#""!#""!#""!#""!#""!#""!#""!#""!#""!#""!#""!#""!#""!#""!#""!#""!#""!#""!#""!#""!#""!#""!#""!#""!#""!#""!#""!#""!#""!#""!#""!#""!#""!#""!#""!#""!#""!#""!#""!#""!#""!#""!#""!#""!#""!#""!#""!#""!#""!#""!#""!#""!#""!#""!#""!#""!#""!#""!#""!#""!#""!#"0.00"!#""!#""!#""!#""!#""!#""!#""!#""!#""!#""!#""!#""!#""!#""!#""!#""!#""!#""!#""!#""!#""!#""!#""!#""!#""!#""!#""!#""!#""!#""!#""!#""!#""!#""!#""!#""!#""!#""!#""!#""!#"4.11"!#""!#""!#""!#""!#""!#""!#""!#""!#""!#""!#""!#""!#""!#""!#""!#""!#""!#""!#""!#""!#""!#""!#"27/10/2021"!#""!#"1160"!#"1640"!#"01/01/2021"!#""!#""!#""!#""!#""
"107428"!#"2024/101621-1"!#"vente"!#"Maison"!#"40200"!#"MIMIZAN"!#"France"!#"37 Avenue de Bordeaux"!#""!#""!#"319900"!#""!#""!#""!#""!#"101"!#"551"!#"4"!#"3"!#"Magnifique maison rénové au cœur de Mimizan, à deux pas des plages"!#"🏡Située au cœur de Mimizan Bourg, cette maison entièrement rénovée offre un cadre de vie moderne et chaleureux. Idéale en résidence principale, investissement locatif saisonnier ou projet commercial grâce à son emplacement stratégique et son fort potentiel.✨ Intérieur optimisé – 100 m² : Séjour lumineux 56 m², plafond cathédrale, poutres apparentes, cuisine ouverte équipée avec îlot central, 3 chambres, salle de bain élégante (double vasque, baignoire îlot), buanderie, WC indépendant, entrée avec placards intégrés.🌿 Extérieur fonctionnel – 551 m² : Terrain piscinable, possibilité d’extension 200 m², 2 terrasses, barbecue maçonné, garage 15 m², allée pavée (4 véhicules), portail coulissant électrique.📍 Emplacement & Potentiel commercial : Centre-bourg, commerces et restaurants à pied, 10 min des plages, 5 min du lac de Mimizan. Zone dynamique, possibilité de transformer en local professionnel ou commerce (bureaux, boutique, cabinet…).📈 Rentabilité locative saisonnière : Haute saison : 180-220 €/nuit, Moyenne : 120-160 €/nuit, Basse : 90-120 €/nuit. Revenus estimés : 15 000 - 20 000 €/an, rentabilité nette 5 à 7 %.🏡 Taxe foncière : 704 € | 💰 Prix : 319 900 €🔑 Un bien rare et polyvalent ! À visiter sans tarder."!#""!#""!#"0"!#""!#""!#"1961"!#""!#"1"!#""!#"1"!#"0"!#"Climatisation réversible"!#""!#"0"!#"0"!#"0"!#"1"!#"0"!#""!#"0"!#"0"!#""!#"0"!#"0"!#"0"!#"0"!#"1"!#""!#""!#""!#""!#""!#""!#""!#""!#""!#""!#""!#""!#"0"!#"0"!#"0"!#"0"!#"0"!#"0"!#"0"!#"0"!#"0"!#"0"!#"0"!#"0"!#"0"!#"0"!#"0"!#"0"!#"0"!#"0"!#""!#""!#"0"!#"Figaro"!#"0"!#"0"!#"https://www.papsimmo.fr/properties/2024-101621-1/20250114-115246.jpg?20250114"!#"https://www.papsimmo.fr/properties/2024-101621-1/104-4046-290224082334.jpg?20250115"!#"https://www.papsimmo.fr/properties/2024-101621-1/IMG-20250114-WA0013.jpg?20250115"!#"https://www.papsimmo.fr/properties/2024-101621-1/IMG-20250114-WA0016.jpg?20250115"!#"https://www.papsimmo.fr/properties/2024-101621-1/20250114-115356.jpg?20250115"!#"https://www.papsimmo.fr/properties/2024-101621-1/IMG-20250114-WA0023.jpg?20250114"!#"https://www.papsimmo.fr/properties/2024-101621-1/IMG-20250114-WA0025.jpg?20250114"!#"https://www.papsimmo.fr/properties/2024-101621-1/WhatsApp-Image-2025-01-14-a-17-27-12-e6e5e806.jpg?20250114"!#"https://www.papsimmo.fr/properties/2024-101621-1/20250114-115456.jpg?20250115"!#"Photo-2024/101621-1-1"!#"Photo-2024/101621-1-2"!#"Photo-2024/101621-1-3"!#"Photo-2024/101621-1-4"!#"Photo-2024/101621-1-5"!#"Photo-2024/101621-1-7"!#"Photo-2024/101621-1-8"!#"Photo-2024/101621-1-9"!#"Photo-2024/101621-1-10"!#""!#""!#"06.77.16.31.03"!#"Joel DEHEZ 255210"!#"jdehez@papsimmo.fr"!#"40200"!#"MIMIZAN"!#""!#""!#"143"!#"16/10/2024"!#""!#""!#""!#""!#""!#""!#""!#""!#""!#""!#""!#""!#""!#""!#""!#""!#""!#""!#""!#""!#""!#""!#""!#""!#""!#""!#""!#""!#""!#""!#""!#""!#""!#""!#""!#""!#""!#""!#""!#""!#""!#""!#""!#""!#""!#""!#""!#""!#"0"!#"0"!#"https://www.papsimmo.fr/properties/2024-101621-1/WhatsApp-Image-2025-01-14-a-17-25-35-543a7a9f.jpg?20250114"!#"https://www.papsimmo.fr/properties/2024-101621-1/WhatsApp-Image-2025-01-14-a-17-24-57-7198439f-12.jpg?20250114"!#"https://www.papsimmo.fr/properties/2024-101621-1/WhatsApp-Image-2025-01-14-a-17-26-24-68b6966a.jpg?20250114"!#"https://www.papsimmo.fr/properties/2024-101621-1/WhatsApp-Image-2025-01-14-a-17-36-50-24a62420.jpg?20250114"!#"https://www.papsimmo.fr/properties/2024-101621-1/maison-Baquet-jonathan.jpg?20250110"!#"https://www.papsimmo.fr/properties/2024-101621-1/20250114-120254.jpg?20250114"!#"https://www.papsimmo.fr/properties/2024-101621-1/104-4046-300724101623.jpg?20241016"!#""!#""!#""!#""!#""!#"157"!#"C"!#"4"!#"A"!#""!#""!#""!#""!#""!#""!#""!#""!#""!#"0"!#"0"!#"0"!#"0"!#""!#""!#""!#""!#""!#""!#""!#""!#""!#""!#""!#""!#""!#""!#""!#""!#""!#""!#""!#""!#""!#""!#""!#""!#""!#""!#""!#""!#""!#""!#""!#""!#""!#""!#""!#""!#""!#""!#""!#""!#""!#""!#""!#""!#""!#""!#""!#""!#""!#""!#""!#""!#""!#""!#""!#""!#""!#""!#""!#""!#""!#""!#""!#""!#""!#""!#""!#"0.00"!#""!#""!#""!#""!#""!#""!#""!#""!#""!#""!#""!#""!#""!#"Photo-2024/101621-1-10"!#"Photo-2024/101621-1-11"!#"Photo-2024/101621-1-12"!#"Photo-2024/101621-1-13"!#"Photo-2024/101621-1-14"!#"Photo-2024/101621-1-15"!#"Photo-2024/101621-1-16"!#""!#""!#""!#""!#""!#""!#""!#""!#""!#""!#""!#""!#""!#""!#""!#""!#""!#""!#""!#""!#"4.11"!#""!#""!#""!#""!#""!#""!#""!#""!#""!#""!#""!#""!#""!#""!#""!#""!#""!#""!#""!#""!#""!#""!#"27/02/2024"!#""!#"926"!#"1254"!#"01/01/2021"!#""!#""!#""!#""!#""
"107428"!#"2024/101828-1"!#"vente"!#"boutique"!#"40200"!#"MIMIZAN"!#"France"!#"32 Avenue de la Cote D'Argent"!#""!#""!#"382000"!#""!#""!#""!#""!#"238"!#"669"!#"10"!#"0"!#"Spacieux local commercial à Mimizan Plage, à deux pas de l'océan"!#"À seulement 30 mètres de l'océan et tout près du centre de Mimizan Plage, découvrez ce vaste local commercial de 238 m², idéalement situé en rez-de-chaussée d'une copropriété de 3 lots sur un terrain de 669 m². Sa situation privilégiée offre un accès facile et une grande visibilité, le rendant idéal pour diverses activités professionnelles.Actuellement aménagé pour une activité de kinésithérapie, le local se compose de :6 salles de massage, idéales pour des soins individuels ou des consultations privéesUne piscine intérieure, parfaite pour des séances d'hydrothérapie ou d'aquagymUne salle de musculation, bien équipée pour des activités sportives ou de remise en formeUne salle d'accueil, pour l'accueil des clients et la gestion administrativeUn espace utilitaire, pratique pour le stockage de matériel et les besoins logistiquesOpportunités de transformation :Ce local spacieux offre de multiples possibilités de réhabilitation et peut facilement être transformé pour d'autres usages tels que :Centre de bien-être et spa : avec ses salles de soin et sa piscine, le local peut être adapté pour créer un espace de détente et de relaxation.Cabinet médical ou paramédical : idéal pour regrouper plusieurs praticiens (médecins, ostéopathes, diététiciens, etc.) dans un centre de santé pluridisciplinaire.Salle de sport et centre de fitness : en exploitant les salles de massage pour des activités comme le yoga, le pilates ou des cours de coaching privé.Centre d’aquagym ou d’aquabike : grâce à la piscine intérieure, ce local se prête parfaitement aux activités aquatiques.Espaces de coworking : avec des aménagements adaptés, les salles peuvent être transformées en bureaux ou en ateliers pour les travailleurs indépendants.Caractéristiques du bien :Surface du local : 238 m²Terrain : 669 m² (copropriété de 3 lots)Emplacement : Rez-de-chaussée, à 30 m de l'océanProximité : Très proche du centre de Mimizan PlageCe bien rare est une opportunité unique pour les professionnels souhaitant s'installer dans un cadre exceptionnel, à quelques pas de l'océan. Les possibilités d'aménagement sont nombreuses et permettent de personnaliser les lieux selon vos projets.<br />Taxe Foncière : 2052 €Prix : 382000 € "!#""!#""!#"0"!#""!#""!#"1930"!#""!#"0"!#""!#"1"!#"0"!#"Au fuel"!#""!#"0"!#"0"!#"0"!#"1"!#"0"!#""!#"0"!#"0"!#""!#"0"!#"0"!#"0"!#"0"!#"0"!#""!#""!#""!#""!#""!#""!#""!#""!#""!#""!#""!#""!#"0"!#"0"!#"0"!#"0"!#"0"!#"0"!#"0"!#"0"!#"0"!#"0"!#"0"!#"0"!#"0"!#"0"!#"0"!#"0"!#"0"!#"0"!#""!#""!#"0"!#"Figaro"!#"0"!#"0"!#"https://www.papsimmo.fr/properties/2024-101828-1/20240904-121522-v2.jpg?20241218"!#"https://www.papsimmo.fr/properties/2024-101828-1/20240830-133918.jpg?20241018"!#"https://www.papsimmo.fr/properties/2024-101828-1/20240830-133538.jpg?20241018"!#"https://www.papsimmo.fr/properties/2024-101828-1/20240830-133615.jpg?20241018"!#"https://www.papsimmo.fr/properties/2024-101828-1/20240830-133559.jpg?20241018"!#"https://www.papsimmo.fr/properties/2024-101828-1/20240830-133637.jpg?20241018"!#"https://www.papsimmo.fr/properties/2024-101828-1/20240830-133706.jpg?20241018"!#"https://www.papsimmo.fr/properties/2024-101828-1/20240830-133724.jpg?20241018"!#"https://www.papsimmo.fr/properties/2024-101828-1/20240830-133743.jpg?20241018"!#"Photo-2024/101828-1-1"!#"Photo-2024/101828-1-2"!#"Photo-2024/101828-1-3"!#"Photo-2024/101828-1-4"!#"Photo-2024/101828-1-5"!#"Photo-2024/101828-1-7"!#"Photo-2024/101828-1-8"!#"Photo-2024/101828-1-9"!#"Photo-2024/101828-1-10"!#""!#""!#"06.77.16.31.03"!#"Joel DEHEZ 255210"!#"jdehez@papsimmo.fr"!#"40200"!#"MIMIZAN"!#""!#""!#"122"!#"18/10/2024"!#""!#""!#""!#""!#""!#""!#""!#""!#""!#""!#""!#""!#""!#""!#""!#""!#""!#""!#""!#""!#""!#""!#""!#""!#""!#""!#""!#""!#""!#""!#""!#""!#""!#""!#""!#""!#""!#""!#""!#""!#""!#""!#""!#""!#""!#""!#""!#""!#"0"!#"0"!#"https://www.papsimmo.fr/properties/2024-101828-1/20240830-133759.jpg?20241018"!#"https://www.papsimmo.fr/properties/2024-101828-1/Plan-du-local-Adeline.jpg?20241112"!#"https://www.papsimmo.fr/properties/2024-101828-1/20240904-121522.jpg?20241018"!#""!#""!#""!#""!#""!#""!#""!#""!#""!#"0"!#"VI"!#"0"!#"VI"!#""!#""!#""!#""!#""!#""!#""!#""!#""!#"0"!#"0"!#"0"!#"0"!#""!#""!#""!#""!#""!#""!#""!#""!#""!#""!#""!#""!#""!#""!#""!#""!#""!#""!#""!#""!#""!#""!#""!#""!#""!#""!#""!#""!#""!#""!#""!#""!#""!#""!#""!#""!#""!#""!#""!#""!#""!#""!#""!#""!#""!#""!#""!#""!#""!#""!#""!#""!#""!#""!#""!#""!#""!#""!#""!#""!#""!#""!#""!#""!#""!#"1"!#""!#"0.00"!#""!#""!#""!#""!#""!#""!#""!#""!#""!#""!#""!#""!#""!#"Photo-2024/101828-1-10"!#"Photo-2024/101828-1-11"!#"Photo-2024/101828-1-12"!#""!#""!#""!#""!#""!#""!#""!#""!#""!#""!#""!#""!#""!#""!#""!#""!#""!#""!#""!#""!#""!#""!#""!#""!#"4.11"!#""!#""!#""!#""!#""!#""!#""!#""!#""!#""!#""!#""!#""!#""!#""!#""!#""!#""!#""!#""!#""!#""!#""!#""!#"0"!#"0"!#""!#""!#""!#""!#""!#""
"107428"!#"2024/103113-1"!#"vente"!#"Immeuble"!#"40000"!#"MONT-DE-MARSAN"!#"France"!#"RUE TUDELA"!#""!#""!#"1166000"!#""!#""!#""!#""!#"1163"!#"6386"!#"60"!#"0"!#"Ensemble Immobilier Professionnel + terrain constructible"!#"Type de bien : Ensemble immobilier à usage professionnel​Surface totale : 1 163 m²​Terrain :  6386 dont 2 450 m² ​non bâtiAnnée de construction : 2004​État : Bon état général​<br />Composition :<br />Rez-de-chaussée : Accueil spacieux, 7 bureaux direction, 8 bureaux informatiques​, 2 espaces archives, 2 salles de réunion​,,5 bureaux​, 1 bureau comptable​, Réfectoire, Sanitaires, Circulations<br />Premier étage : 16 bureaux comptables​, 4 bureaux conseils, 3 salles de réunion,5 bureaux sociaux​, Espace accueil, Sanitaires, Circulations<br />Extérieur : 62 places de parking privatif​, Terrain engazonné à l'arrière, idéal pour les pauses déjeuner​<br />Avantages :<br />Luminosité : Bâtiment lumineux avec de grandes fenêtres​, Modernité : Architecture moderne avec panneaux composites et toiture-terrasse​, Parking : 62 emplacements de parking privatifs​, Modularité : Espaces modulables grâce aux cloisons amovibles, Possibilité d'extension : Terrain permettant une construction supplémentaire​<br /><br />Situation urbanistique : Parcelles situées en zone U du PLUI de l'Agglomération de Mont de Marsan, Emprise au sol maximum de 80%, Possibilité de construire un bâtiment en R+3+attique<br /><br />Situation Géographique : Proximité : Situé à 2,2 km à l'ouest de Mont de Marsan, Quartier : Quartier résidentiel et commercial<br />Services à Proximité : Mairie, établissements scolaires, EHPAD, centre médico-social, Réseau de transports en commun, hypermarchés, supermarchés, cinéma, commerces de proximité, Hôpitaux, cliniques, stade de rugby, arènes, gare ferroviaire à moins de 10 minutes en voiture​, Aéroports de Biarritz (114 km), Pau (84 km)​, Bordeaux (129 km), Centre commercial du GRAND MOUN avec enseignes locales et internationales, fast-foods et restaurants​.<br /><br />Prix : 1 166 000€"!#""!#""!#"1"!#""!#""!#"2004"!#""!#"0"!#""!#"0"!#"0"!#"A définir"!#""!#"0"!#"0"!#"0"!#"1"!#"0"!#""!#"0"!#"0"!#""!#"0"!#"0"!#"0"!#"0"!#"0"!#""!#""!#""!#""!#""!#""!#""!#""!#""!#""!#""!#""!#"0"!#"0"!#"0"!#"0"!#"0"!#"0"!#"0"!#"0"!#"0"!#"0"!#"0"!#"0"!#"0"!#"0"!#"0"!#"0"!#"0"!#"0"!#""!#""!#"0"!#"Figaro"!#"0"!#"0"!#"https://www.papsimmo.fr/properties/2024-103113-1/S8Zrb-u9SWy5HlO6Dh6Trw.jpg?20241031"!#"https://www.papsimmo.fr/properties/2024-103113-1/Logo600-original-fondBlanc.jpg?20241031"!#"https://www.papsimmo.fr/properties/2024-103113-1/reussir-son-investissement-immobilier.jpg?20241031"!#""!#""!#""!#""!#""!#""!#"Photo-2024/103113-1-1"!#"Photo-2024/103113-1-2"!#"Photo-2024/103113-1-3"!#""!#""!#""!#""!#""!#""!#""!#""!#"06.77.31.26.39"!#"Denis DEHEZ 497036"!#"ddehez@papsimmo.fr"!#"40000"!#"MONT-DE-MARSAN"!#""!#""!#"124"!#"31/10/2024"!#""!#""!#""!#""!#""!#""!#""!#""!#""!#""!#""!#""!#""!#""!#""!#""!#""!#""!#""!#""!#""!#""!#""!#""!#""!#""!#""!#""!#""!#""!#""!#""!#""!#""!#""!#""!#""!#""!#""!#""!#""!#""!#""!#""!#""!#""!#""!#""!#"0"!#"0"!#""!#""!#""!#""!#""!#""!#""!#""!#""!#""!#""!#""!#"211"!#"D"!#"5"!#"A"!#""!#""!#""!#""!#""!#""!#""!#""!#""!#"0"!#"0"!#"0"!#"0"!#""!#""!#""!#""!#""!#""!#""!#""!#""!#""!#""!#""!#""!#""!#""!#""!#""!#""!#""!#""!#""!#""!#""!#""!#""!#""!#""!#""!#""!#""!#""!#""!#""!#""!#""!#""!#""!#""!#""!#""!#""!#""!#""!#""!#""!#""!#""!#""!#""!#""!#""!#""!#""!#""!#""!#""!#""!#""!#""!#""!#""!#""!#""!#""!#""!#""!#""!#"0.00"!#""!#""!#""!#""!#""!#""!#""!#""!#""!#""!#""!#""!#""!#""!#""!#""!#""!#""!#""!#""!#""!#""!#""!#""!#""!#""!#""!#""!#""!#""!#""!#""!#""!#""!#""!#""!#""!#""!#""!#""!#"4.11"!#""!#""!#""!#""!#""!#""!#""!#""!#""!#""!#""!#""!#""!#""!#""!#""!#""!#""!#""!#""!#""!#""!#"20/09/2022"!#""!#"0"!#"0"!#""!#""!#""!#""!#""!#""
"107428"!#"2024/110909-1"!#"vente"!#"Maison"!#"40170"!#"LIT-ET-MIXE"!#"France"!#"60 Rue du point du Jour"!#""!#""!#"329000"!#""!#""!#""!#""!#"126"!#"477"!#"5"!#"4"!#"Maison landaise rénovée à Lit-et-Mixe – Charme, confort et rentabilité locative !"!#"Découvrez cette superbe maison landaise mitoyenne de 126 m², entièrement rénovée avec soin pour allier charme authentique et prestations modernes. Idéalement située à Lit-et-Mixe, à quelques minutes à pied du centre-ville et à 10 minutes des plages landaises, cette propriété représente une opportunité rare pour une résidence principale, secondaire ou un investissement locatif saisonnier.🔹 Descriptif :<br />Rez-de-chaussée : Séjour lumineux de 36 m², cuisine ouverte équipée, chambre spacieuse, salle d’eau avec WC.<br />Étage : Trois chambres, salle d’eau contemporaine, WC séparé, dressing.<br />Atouts : Charme landais (briquettes, poutres), rénovation complète, terrain de 477 m².📈 Rentabilité locative saisonnière : un investissement stratégique<br />Située dans une zone très prisée des vacanciers, cette maison représente une excellente opportunité d’investissement locatif.💰 Tarif moyen des locations saisonnières à Lit-et-Mixe :Haute saison (juillet-août) : 250 à 300 €/nuit<br />Moyenne saison (mai-juin & septembre) : 150 à 200 €/nuit<br />Basse saison : 100 à 150 €/nuit<br />📊 Estimation des revenus locatifs saisonniers :Avec une occupation moyenne de 12 semaines/an (3 mois) à un prix moyen de 200 €/nuit, vous pourriez générer environ 16 800 €/an de chiffre d'affaires.<br />En optimisant la gestion (Airbnb, Booking, plateforme locale) et en ciblant une occupation de 16 semaines/an, les revenus pourraient dépasser 20 000 €/an.<br />💡 Rentabilité nette estimée après charges et frais de gestion : entre 4 et 6 %, selon l’occupation et la gestion locative choisie.📍 Emplacement idéal :<br />✅ À pied du centre et des commerces. À 10 min des plages.<br />✅ Secteur recherché, cadre calme et nature.🏡 Taxe foncière : 503 €  💰 Prix : 329 000 €<br />Une opportunité unique à saisir ! "!#""!#""!#"1"!#""!#""!#"1880"!#""!#"0"!#""!#"2"!#"0"!#""!#""!#"0"!#"0"!#"0"!#"1"!#"0"!#""!#"0"!#"0"!#""!#"0"!#"0"!#"0"!#"0"!#"1"!#""!#""!#""!#""!#""!#""!#""!#""!#""!#""!#""!#""!#"0"!#"0"!#"0"!#"0"!#"0"!#"0"!#"0"!#"0"!#"0"!#"0"!#"0"!#"0"!#"0"!#"0"!#"0"!#"0"!#"0"!#"0"!#""!#""!#"0"!#"Figaro"!#"0"!#"0"!#"https://www.papsimmo.fr/properties/2024-110909-1/IMG-20241108-WA0017.jpg?20250314"!#"https://www.papsimmo.fr/properties/2024-110909-1/IMG-20241109-WA0025.jpg?20241109"!#"https://www.papsimmo.fr/properties/2024-110909-1/IMG-20241109-WA0024.jpg?20241109"!#"https://www.papsimmo.fr/properties/2024-110909-1/IMG-20241109-WA0017.jpg?20241109"!#"https://www.papsimmo.fr/properties/2024-110909-1/WhatsApp-Image-2024-11-08-a-12-27-27-412262b6.jpg?20241109"!#"https://www.papsimmo.fr/properties/2024-110909-1/IMG-20241109-WA0016.jpg?20241109"!#"https://www.papsimmo.fr/properties/2024-110909-1/IMG-20241109-WA0006.jpg?20241109"!#"https://www.papsimmo.fr/properties/2024-110909-1/IMG-20241109-WA0005.jpg?20241109"!#"https://www.papsimmo.fr/properties/2024-110909-1/IMG-20241108-WA0011.jpg?20241109"!#"Photo-2024/110909-1-1"!#"Photo-2024/110909-1-2"!#"Photo-2024/110909-1-3"!#"Photo-2024/110909-1-4"!#"Photo-2024/110909-1-5"!#"Photo-2024/110909-1-7"!#"Photo-2024/110909-1-8"!#"Photo-2024/110909-1-9"!#"Photo-2024/110909-1-10"!#""!#""!#"06.77.16.31.03"!#"Joel DEHEZ 255210"!#"jdehez@papsimmo.fr"!#"40170"!#"LIT-ET-MIXE"!#""!#""!#"125"!#"09/11/2024"!#""!#""!#""!#""!#""!#""!#""!#""!#""!#""!#""!#""!#""!#""!#""!#""!#""!#""!#""!#""!#""!#""!#""!#""!#""!#""!#""!#""!#""!#""!#""!#""!#""!#""!#""!#""!#""!#""!#""!#""!#""!#""!#""!#""!#""!#""!#""!#""!#"0"!#"0"!#"https://www.papsimmo.fr/properties/2024-110909-1/IMG-20241109-WA0007.jpg?20250314"!#"https://www.papsimmo.fr/properties/2024-110909-1/IMG-20241109-WA0010.jpg?20241109"!#"https://www.papsimmo.fr/properties/2024-110909-1/IMG-20241108-WA0019.jpg?20241109"!#"https://www.papsimmo.fr/properties/2024-110909-1/IMG-20241108-WA0024.jpg?20241109"!#"https://www.papsimmo.fr/properties/2024-110909-1/IMG-20241108-WA0023.jpg?20241109"!#""!#""!#""!#""!#""!#""!#""!#"142"!#"C"!#"4"!#"A"!#""!#""!#""!#""!#""!#""!#""!#""!#""!#"0"!#"0"!#"0"!#"0"!#""!#""!#""!#""!#""!#""!#""!#""!#""!#""!#""!#""!#""!#""!#""!#""!#""!#""!#""!#""!#""!#""!#""!#""!#""!#""!#""!#""!#""!#""!#""!#""!#""!#""!#""!#""!#""!#""!#""!#""!#""!#""!#""!#""!#""!#""!#""!#""!#""!#""!#""!#""!#""!#""!#""!#""!#""!#""!#""!#""!#""!#""!#""!#""!#""!#""!#""!#"0.00"!#""!#""!#""!#""!#""!#""!#""!#""!#""!#""!#""!#""!#""!#"Photo-2024/110909-1-10"!#"Photo-2024/110909-1-11"!#"Photo-2024/110909-1-12"!#"Photo-2024/110909-1-13"!#"Photo-2024/110909-1-14"!#""!#""!#""!#""!#""!#""!#""!#""!#""!#""!#""!#""!#""!#""!#""!#""!#""!#""!#""!#""!#""!#""!#"4.11"!#""!#""!#""!#""!#""!#""!#""!#""!#""!#""!#""!#""!#""!#""!#""!#""!#""!#""!#""!#""!#""!#""!#"08/10/2024"!#""!#"970"!#"1360"!#"02/12/2023"!#""!#""!#""!#""!#""
"107428"!#"2024/111905-1"!#"vente"!#"Maison"!#"40310"!#"GABARRET"!#"France"!#"1242 route de SOS"!#""!#""!#"249000"!#""!#""!#""!#""!#"103"!#"23800"!#"5"!#"4"!#"Charmante maison T5 de plain-pied avec terrain de 2ha38ca00a"!#"Venez découvrir cette agréable maison de plain-pied T5, où confort et nature se rencontrent à merveille !<br />D'une surface habitable d'environ 103 m², cette maison est nichée au cœur d'un vaste terrain de 28 000 m², dont plus d'un hectare de forêt, offrant un cadre naturel exceptionnel et une tranquillité absolue.<br />Une maison pensée pour votre bien-être :<br />Pièce de vie lumineuse : Un spacieux salon-séjour, baigné de lumière grâce à ses grandes ouvertures, avec une cuisine ouverte équipée. Profitez d'un espace convivial, prolongé par une terrasse orientée sud-ouest, idéal pour vos repas en plein air ou vos moments de détente en admirant la nature environnante.<br />Espace nuit fonctionnel : 4 chambres confortables, dont trois avec placards intégrés, pour répondre aux besoins de toute la famille.<br />Salle de bains spacieuse : Une salle équipée avec baignoire et douche et offrant tout le confort nécessaire.<br />WC indépendant pour plus de confort<br />Autres informations :<br />Garage attenant de 20 m², pratique pour vos véhicules ou vos projets de rangement.<br />Abri de jardin de 10 m², parfait pour stocker vos outils ou aménager un atelier.<br />Maison en bon état, conforme à la norme RT 2005, avec double vitrage, volets roulants électriques et possibilité de raccordement à la fibre optique.<br />Proximité idéale : Située à seulement 1,5 km des commerces, elle allie sérénité et commodités à portée de main.<br />Un cadre de vie unique :<br />Imaginez-vous vivre au cœur d'une propriété de 2,8 hectares, où la nature s'étend à perte de vue. Un véritable havre de paix pour les amoureux des grands espaces, offrant une infinité de possibilités pour vos projets de jardinage, de loisirs ou tout simplement pour profiter du calme absolu.<br />Prête à vous accueillir, elle n'attend plus que vous !<br />N'attendez plus pour visiter ce bien d'exception et laissez-vous séduire par son environnement privilégié et ses prestations de qualité.<br /><br />Taxe foncière : 923€<br /><br />Prix : 249 000€"!#""!#""!#"0"!#""!#""!#"2011"!#""!#"1"!#""!#"1"!#"0"!#"Electrique"!#""!#"0"!#"0"!#"0"!#"1"!#"0"!#""!#"0"!#"0"!#""!#"0"!#"0"!#"0"!#"0"!#"1"!#""!#""!#""!#""!#""!#""!#""!#""!#""!#""!#""!#""!#"0"!#"0"!#"0"!#"0"!#"0"!#"0"!#"0"!#"0"!#"0"!#"0"!#"0"!#"0"!#"0"!#"0"!#"0"!#"0"!#"0"!#"0"!#""!#""!#"0"!#"Figaro"!#"0"!#"0"!#"https://www.papsimmo.fr/properties/2024-111905-1/IMG-20241119-WA0003.jpg?20241119"!#"https://www.papsimmo.fr/properties/2024-111905-1/Salon-SAM-2.jpg?20241119"!#"https://www.papsimmo.fr/properties/2024-111905-1/IMG-20241119-WA0017.jpg?20241119"!#"https://www.papsimmo.fr/properties/2024-111905-1/IMG-20241119-WA0014.jpg?20241119"!#"https://www.papsimmo.fr/properties/2024-111905-1/IMG-20241119-WA0005.jpg?20241119"!#"https://www.papsimmo.fr/properties/2024-111905-1/IMG-20241119-WA0011.jpg?20241119"!#"https://www.papsimmo.fr/properties/2024-111905-1/IMG-20241119-WA0002.jpg?20241119"!#"https://www.papsimmo.fr/properties/2024-111905-1/IMG-20241119-WA0019.jpg?20241119"!#""!#"Photo-2024/111905-1-1"!#"Photo-2024/111905-1-2"!#"Photo-2024/111905-1-3"!#"Photo-2024/111905-1-4"!#"Photo-2024/111905-1-5"!#"Photo-2024/111905-1-7"!#"Photo-2024/111905-1-8"!#""!#""!#""!#""!#"06.77.31.26.39"!#"Denis DEHEZ 497036"!#"ddehez@papsimmo.fr"!#"40310"!#"GABARRET"!#""!#""!#"128"!#"19/11/2024"!#""!#""!#""!#""!#""!#""!#""!#""!#""!#""!#""!#""!#""!#""!#""!#""!#""!#""!#""!#""!#""!#""!#""!#""!#""!#""!#""!#""!#""!#""!#""!#""!#""!#""!#""!#""!#""!#""!#""!#""!#""!#""!#""!#""!#""!#""!#""!#""!#"0"!#"0"!#""!#""!#""!#""!#""!#""!#""!#""!#""!#""!#""!#""!#"195"!#"D"!#"6"!#"A"!#""!#""!#""!#""!#""!#""!#""!#""!#""!#"0"!#"0"!#"0"!#"0"!#""!#""!#""!#""!#""!#""!#""!#""!#""!#""!#""!#""!#""!#""!#""!#""!#""!#""!#""!#""!#""!#""!#""!#""!#""!#""!#""!#""!#""!#""!#""!#""!#""!#""!#""!#""!#""!#""!#""!#""!#""!#""!#""!#""!#""!#""!#""!#""!#""!#""!#""!#""!#""!#""!#""!#""!#""!#""!#""!#""!#""!#""!#""!#""!#""!#""!#""!#"0.00"!#""!#""!#""!#""!#""!#""!#""!#""!#""!#""!#""!#""!#""!#""!#""!#""!#""!#""!#""!#""!#""!#""!#""!#""!#""!#""!#""!#""!#""!#""!#""!#""!#""!#""!#""!#""!#""!#""!#""!#""!#"4.11"!#""!#""!#""!#""!#""!#""!#""!#""!#""!#""!#""!#""!#""!#""!#""!#""!#""!#""!#""!#""!#""!#""!#"18/08/2021"!#""!#"1490"!#"2070"!#"01/01/2021"!#""!#""!#""!#""!#""
"107428"!#"2024/111928-1"!#"vente"!#"boutique"!#"40800"!#"AIRE-SUR-L'ADOUR"!#"France"!#"26 rue Gambetta"!#""!#""!#"108000"!#""!#""!#""!#""!#"88"!#"315"!#"2"!#"0"!#"Local Commercial de 88 m² au Cœur d’Aire-sur-l’Adour"!#"Situé dans l’artère principale commerçante d’Aire-sur-l’Adour, rue Gambetta, ce local commercial de 88 m² offre une opportunité rare pour les entrepreneurs et investisseurs. Avec sa localisation de choix et ses caractéristiques fonctionnelles, ce bien est parfait pour accueillir une grande variété d’activités.<br /> Descriptif du local :Commerce de 73 m², un espace spacieux et modulable pour aménager votre activité selon vos besoins.Réserve de 12 m², idéale pour le stockage.WC intégré, offrant un espace fonctionnel pour le personnel et les clients.<br />Façade et sécurité :Une façade entièrement vitrée, offrant une visibilité exceptionnelle et idéale pour attirer les regards des passants.Équipé de grilles sécurisées, garantissant une protection optimale en dehors des heures d’ouverture.<br />Idées d’exploitation : Ce local est parfaitement adapté pour une multitude de projets :Boutique de prêt-à-porter ou accessoires : profitez de l'emplacement stratégique pour attirer une clientèle variée.Salon de beauté, coiffure ou esthétique : un lieu accueillant avec un fort potentiel pour fidéliser une clientèle locale.Agence de services : bureau professionnel, agence immobilière ou espace de coworking.Petite épicerie fine ou concept store : mettez en avant des produits locaux dans cet emplacement prisé.<br />Les atouts du bien :Emplacement premium sur la rue la plus commerçante et dynamique d’Aire-sur-l’Adour.Surface optimisée, offrant un espace de travail polyvalent.Visibilité maximale, renforcée par une façade vitrée et une situation en plein centre-ville.<br />Prix : 108 000 € Taxe Foncière : 729 €<br />N’attendez plus pour concrétiser votre projet dans cet espace au potentiel exceptionnel."!#""!#""!#"0"!#""!#""!#"1769"!#""!#"0"!#""!#"1"!#"0"!#"A définir"!#""!#"0"!#"0"!#"0"!#"1"!#"0"!#""!#"0"!#"0"!#""!#"0"!#"0"!#"0"!#"0"!#"0"!#""!#""!#""!#""!#""!#""!#""!#""!#""!#""!#""!#""!#"0"!#"0"!#"0"!#"0"!#"0"!#"0"!#"0"!#"0"!#"0"!#"0"!#"0"!#"0"!#"0"!#"0"!#"0"!#"0"!#"0"!#"0"!#""!#""!#"0"!#"Figaro"!#"0"!#"0"!#"https://www.papsimmo.fr/properties/2024-111928-1/p2.jpg?20241119"!#"https://www.papsimmo.fr/properties/2024-111928-1/20241030-150528.jpg?20241119"!#"https://www.papsimmo.fr/properties/2024-111928-1/20241030-150450.jpg?20241119"!#"https://www.papsimmo.fr/properties/2024-111928-1/20241030-150634.jpg?20241119"!#"https://www.papsimmo.fr/properties/2024-111928-1/20241030-150658.jpg?20241119"!#"https://www.papsimmo.fr/properties/2024-111928-1/20241030-150327.jpg?20241119"!#""!#""!#""!#"Photo-2024/111928-1-1"!#"Photo-2024/111928-1-2"!#"Photo-2024/111928-1-3"!#"Photo-2024/111928-1-4"!#"Photo-2024/111928-1-5"!#""!#""!#""!#""!#""!#""!#"06.77.16.31.03"!#"Joel DEHEZ 255210"!#"jdehez@papsimmo.fr"!#"40800"!#"AIRE-SUR-L'ADOUR"!#""!#""!#"127"!#"19/11/2024"!#""!#""!#""!#""!#""!#""!#""!#""!#""!#""!#""!#""!#""!#""!#""!#""!#""!#""!#""!#""!#""!#""!#""!#""!#""!#""!#""!#""!#""!#""!#""!#""!#""!#""!#""!#""!#""!#""!#""!#""!#""!#""!#""!#""!#""!#""!#""!#""!#"0"!#"0"!#""!#""!#""!#""!#""!#""!#""!#""!#""!#""!#""!#""!#"0"!#"VI"!#"0"!#"VI"!#""!#""!#""!#""!#""!#""!#""!#""!#""!#"0"!#"0"!#"0"!#"0"!#""!#""!#""!#""!#""!#""!#""!#""!#""!#""!#""!#""!#""!#""!#""!#""!#""!#""!#""!#""!#""!#""!#""!#""!#""!#""!#""!#""!#""!#""!#""!#""!#""!#""!#""!#""!#""!#""!#""!#""!#""!#""!#""!#""!#""!#""!#""!#""!#""!#""!#""!#""!#""!#""!#""!#""!#""!#""!#""!#""!#""!#""!#""!#""!#""!#"1"!#""!#"0.00"!#""!#""!#""!#""!#""!#""!#""!#""!#""!#""!#""!#""!#""!#""!#""!#""!#""!#""!#""!#""!#""!#""!#""!#""!#""!#""!#""!#""!#""!#""!#""!#""!#""!#""!#""!#""!#""!#""!#""!#""!#"4.11"!#""!#""!#""!#""!#""!#""!#""!#""!#""!#""!#""!#""!#""!#""!#""!#""!#""!#""!#""!#""!#""!#""!#""!#""!#"0"!#"0"!#""!#""!#""!#""!#""!#""
"107428"!#"2024/120343-1"!#"vente"!#"Maison"!#"40200"!#"MIMIZAN"!#"France"!#"32 Avenue de la Côte d’Argent"!#""!#""!#"535000"!#""!#""!#""!#""!#"106"!#"669"!#"4"!#"3"!#"Très rare : Maison à deux pas de l'océan à Mimizan Plage"!#"Emplacement d'exception ! Située à moins de 50 mètres de l'océan, cette maison entièrement rénovée est un véritable havre de paix, idéal pour les amoureux de la mer et des grands espaces. Nichée au sein d'une copropriété de 3 lots, elle allie charme, confort et praticité dans un cadre enchanteur.Caractéristiques principales :Surface habitable optimisée : Une cuisine moderne équipée ouverte sur un spacieux salon-séjour avec cheminée, parfait pour vos soirées conviviales.3 chambres lumineuses et élégantes : Espaces conçus pour votre bien-être et celui de votre famille ou invités.Salle de bain contemporaine : Prestations modernes et matériaux de qualité.Extérieur et atouts supplémentaires :Un patio exposé plein sud : Accessible directement depuis la cuisine, idéal pour vos repas en plein air ou vos moments de détente.Un garage privé : Pratique pour stationner ou ranger vos équipements de plage et de loisirs.Les plus de ce bien :Rénovation récente et soignée.Situation exceptionnelle, traduit à quelques pas de l'océan.Copropriété intime et calmePrix ​​: 535 000 € Taxe Foncière : 1172 €Ne manquez pas cette opportunité unique de vivre ou d'investir dans une maison de caractère à Mimizan Plage, où l'ocean et le confort se rencontrent."!#""!#""!#"0"!#""!#""!#"1930"!#""!#"0"!#""!#"2"!#"0"!#"Electrique radiateur"!#""!#"0"!#"0"!#"0"!#"1"!#"0"!#""!#"0"!#"0"!#""!#"0"!#"0"!#"0"!#"0"!#"1"!#""!#""!#""!#""!#""!#""!#""!#""!#""!#""!#""!#""!#"0"!#"0"!#"0"!#"0"!#"0"!#"0"!#"0"!#"0"!#"0"!#"0"!#"0"!#"0"!#"0"!#"0"!#"0"!#"0"!#"0"!#"0"!#""!#""!#"0"!#"Figaro"!#"0"!#"0"!#"https://www.papsimmo.fr/properties/2024-120343-1/p3-Copie.jpg?20241203"!#"https://www.papsimmo.fr/properties/2024-120343-1/p8.jpg?20241203"!#"https://www.papsimmo.fr/properties/2024-120343-1/p2-Copie.jpg?20241203"!#"https://www.papsimmo.fr/properties/2024-120343-1/p5.jpg?20241203"!#"https://www.papsimmo.fr/properties/2024-120343-1/p6.jpg?20241203"!#"https://www.papsimmo.fr/properties/2024-120343-1/p4-Copie.jpg?20241203"!#"https://www.papsimmo.fr/properties/2024-120343-1/p1-Copie.jpg?20241203"!#""!#""!#"Photo-2024/120343-1-1"!#"Photo-2024/120343-1-2"!#"Photo-2024/120343-1-3"!#"Photo-2024/120343-1-4"!#"Photo-2024/120343-1-5"!#"Photo-2024/120343-1-7"!#""!#""!#""!#""!#""!#"06.77.16.31.03"!#"Joel DEHEZ 255210"!#"jdehez@papsimmo.fr"!#"40200"!#"MIMIZAN"!#""!#""!#"129"!#"03/12/2024"!#""!#""!#""!#""!#""!#""!#""!#""!#""!#""!#""!#""!#""!#""!#""!#""!#""!#""!#""!#""!#""!#""!#""!#""!#""!#""!#""!#""!#""!#""!#""!#""!#""!#""!#""!#""!#""!#""!#""!#""!#""!#""!#""!#""!#""!#""!#""!#""!#"0"!#"0"!#""!#""!#""!#""!#""!#""!#""!#""!#""!#""!#""!#""!#"308"!#"E"!#"10"!#"B"!#""!#""!#""!#""!#""!#""!#""!#""!#""!#"0"!#"0"!#"0"!#"0"!#""!#""!#""!#""!#""!#""!#""!#""!#""!#""!#""!#""!#""!#""!#""!#""!#""!#""!#""!#""!#""!#""!#""!#""!#""!#""!#""!#""!#""!#""!#""!#""!#""!#""!#""!#""!#""!#""!#""!#""!#""!#""!#""!#""!#""!#""!#""!#""!#""!#""!#""!#""!#""!#""!#""!#""!#""!#""!#""!#""!#""!#""!#""!#""!#""!#"1"!#""!#"0.00"!#""!#""!#""!#""!#""!#""!#""!#""!#""!#""!#""!#""!#""!#""!#""!#""!#""!#""!#""!#""!#""!#""!#""!#""!#""!#""!#""!#""!#""!#""!#""!#""!#""!#""!#""!#""!#""!#""!#""!#""!#"4.11"!#""!#""!#""!#""!#""!#""!#""!#""!#""!#""!#""!#""!#""!#""!#""!#""!#""!#""!#""!#""!#""!#""!#"28/08/2024"!#""!#"2460"!#"3380"!#"05/12/2023"!#""!#""!#""!#""!#""
"107428"!#"2024/120641-1"!#"vente"!#"Terrain"!#"33114"!#"LE BARP"!#"France"!#"6 Rue de Mariotte"!#""!#""!#"185000"!#""!#""!#""!#""!#"0"!#"900"!#"0"!#"0"!#"Terrain constructible sur Le Barp, entre Bordeaux et le Bassin d'Arcachon"!#"Découvrez ces terrains d’exception situés dans la commune de Le Barp, à seulement 40 km de Bordeaux et du bassin d’Arcachon. Idéalement situés dans un quartier paisible, ces parcelles offrent un cadre de vie unique, alliant tranquillité et proximité avec les grandes villes.Caractéristiques des terrains :Superficies disponibles :Terrain 1 : Parcelle de 900 m²Terrain 2 : Deux autres parcelles disponibles : 900 m² et 1200 m², idéales pour des projets résidentiels ou d'investissement.Terrain constructible : parfait pour réaliser votre projet immobilier.Viabilisation complète : raccordé aux réseaux (eau, électricité, etc.).Clôturé et arboré : offrant un environnement agréable et prêt à accueillir votre maison.Connexion internet : réseau fibre disponible pour un confort moderne.Accès : facilité grâce à un chemin de servitude privé.Localisation :Le Barp est une commune prisée pour sa qualité de vie, située entre Bordeaux, la métropole dynamique, et Arcachon, célèbre pour ses plages et son bassin. Vous profitez ainsi du meilleur des deux mondes : le calme d’un village et l’accès rapide aux pôles urbains et touristiques.Ces terrains sont parfaits pour des projets de résidence principale, secondaire ou d’investissement locatif dans une région en plein essor.Ne manquez pas cette opportunité !Prix : 185 000 €"!#""!#""!#"0"!#""!#""!#""!#""!#"0"!#""!#"0"!#"0"!#"A définir"!#""!#"0"!#"0"!#"0"!#"1"!#"0"!#""!#"0"!#"0"!#""!#"0"!#"0"!#"0"!#"0"!#"0"!#""!#""!#""!#""!#""!#""!#""!#""!#""!#""!#""!#""!#"0"!#"0"!#"0"!#"0"!#"0"!#"0"!#"0"!#"0"!#"0"!#"0"!#"0"!#"0"!#"0"!#"0"!#"0"!#"0"!#"0"!#"0"!#""!#""!#"0"!#"Figaro"!#"0"!#"0"!#"https://www.papsimmo.fr/properties/2024-120641-1/20241204-103606.jpg?20241206"!#"https://www.papsimmo.fr/properties/2024-120641-1/20241204-103528.jpg?20241206"!#"https://www.papsimmo.fr/properties/2024-120641-1/20241204-111504.jpg?20241206"!#"https://www.papsimmo.fr/properties/2024-120641-1/20241204-111514.jpg?20241206"!#""!#""!#""!#""!#""!#"Photo-2024/120641-1-1"!#"Photo-2024/120641-1-2"!#"Photo-2024/120641-1-3"!#"Photo-2024/120641-1-4"!#""!#""!#""!#""!#""!#""!#""!#"06.77.16.31.03"!#"Joel DEHEZ 255210"!#"jdehez@papsimmo.fr"!#"33114"!#"LE BARP"!#""!#""!#"131"!#"06/12/2024"!#""!#""!#""!#""!#""!#""!#""!#""!#""!#""!#""!#""!#""!#""!#""!#""!#""!#""!#""!#""!#""!#""!#""!#""!#""!#""!#""!#""!#""!#""!#""!#""!#""!#""!#""!#""!#""!#""!#""!#""!#""!#""!#""!#""!#""!#""!#""!#""!#"0"!#"0"!#""!#""!#""!#""!#""!#""!#""!#""!#""!#""!#""!#""!#"0"!#"G"!#"0"!#"G"!#""!#""!#""!#""!#""!#""!#""!#""!#""!#"0"!#"0"!#"0"!#"0"!#""!#""!#""!#""!#""!#""!#""!#""!#""!#""!#""!#""!#""!#""!#""!#""!#""!#""!#""!#""!#""!#""!#""!#""!#""!#""!#""!#""!#""!#""!#""!#""!#""!#""!#""!#""!#""!#""!#""!#""!#""!#""!#""!#""!#""!#""!#""!#""!#""!#""!#""!#""!#""!#""!#""!#""!#""!#""!#""!#""!#""!#""!#""!#""!#""!#""!#""!#"0.00"!#""!#""!#""!#""!#""!#""!#""!#""!#""!#""!#""!#""!#""!#""!#""!#""!#""!#""!#""!#""!#""!#""!#""!#""!#""!#""!#""!#""!#""!#""!#""!#""!#""!#""!#""!#""!#""!#""!#""!#""!#"4.11"!#""!#""!#""!#""!#""!#""!#""!#""!#""!#""!#""!#""!#""!#""!#""!#""!#""!#""!#""!#""!#""!#""!#""!#""!#"0"!#"0"!#""!#""!#""!#""!#""!#""
"107428"!#"2024/120944-1"!#"vente"!#"Terrain"!#"40280"!#"SAINT-PIERRE-DU-MONT"!#"France"!#"avenue G. SABDE"!#""!#""!#"80000"!#""!#""!#""!#""!#"0"!#"669"!#"0"!#"0"!#"Terrain constructible  au Centre de Saint-Pierre-du-Mont"!#"Ce terrain constructible plat, idéalement situé au cœur de Saint-Pierre-du-Mont, à proximité immédiate de toutes les commodités, offre une belle opportunité pour la construction de votre futur projet immobilier.Caractéristiques du terrain :Implantation des constructions : Les façades doivent être implantées en retrait d'au moins 3 m des limites séparatives latérales, et au moins une façade doit être située dans une bande de 0 à 5 m de la limite d'entreprise publique.Hauteur maximale : Zone intra-rocade autorisant jusqu'à R+2. Si des bâtiments plus hauts existent dans un rayon de 150 mètres, il est possible de dépasser cette hauteur.Prise au sol maximale : 80% de l'ensemble du terrain, offrant une grande flexibilité pour votre projet.Qualité urbaine et paysagère : Le terrain se situe dans une zone de qualité urbaine, architecturale, environnementale et paysagère (Niveau 2a), garantissant un environnement harmonieux et bien intégré.Mixité sociale et fonctionnelle : Le quartier, principalement résidentiel, permet également une certaine diversité d'usages, offrant un cadre de vie agréable et dynamique.Prix ​​: 80 000€"!#""!#""!#"0"!#""!#""!#""!#""!#"0"!#""!#"0"!#"0"!#"A définir"!#""!#"0"!#"0"!#"0"!#"1"!#"0"!#""!#"0"!#"0"!#""!#"0"!#"0"!#"0"!#"0"!#"0"!#""!#""!#""!#""!#""!#""!#""!#""!#""!#""!#""!#""!#"0"!#"0"!#"0"!#"0"!#"0"!#"0"!#"0"!#"0"!#"0"!#"0"!#"0"!#"0"!#"0"!#"0"!#"0"!#"0"!#"0"!#"0"!#""!#""!#"0"!#"Figaro"!#"0"!#"0"!#"https://www.papsimmo.fr/properties/2024-120944-1/vLYDE8D2RG2r-QdTei87KA.jpg?20241211"!#"https://www.papsimmo.fr/properties/2024-120944-1/20230703-180330.jpg?20241211"!#"https://www.papsimmo.fr/properties/2024-120944-1/hHQbpUAXQyeXH5meYS5DOg.jpg?20241211"!#""!#""!#""!#""!#""!#""!#"Photo-2024/120944-1-1"!#"Photo-2024/120944-1-2"!#"Photo-2024/120944-1-3"!#""!#""!#""!#""!#""!#""!#""!#""!#"06.77.31.26.39"!#"Denis DEHEZ 497036"!#"ddehez@papsimmo.fr"!#"40280"!#"SAINT-PIERRE-DU-MONT"!#""!#""!#"133"!#"09/12/2024"!#""!#""!#""!#""!#""!#""!#""!#""!#""!#""!#""!#""!#""!#""!#""!#""!#""!#""!#""!#""!#""!#""!#""!#""!#""!#""!#""!#""!#""!#""!#""!#""!#""!#""!#""!#""!#""!#""!#""!#""!#""!#""!#""!#""!#""!#""!#""!#""!#"0"!#"0"!#""!#""!#""!#""!#""!#""!#""!#""!#""!#""!#""!#""!#"0"!#"NS"!#"0"!#"NS"!#""!#""!#""!#""!#""!#""!#""!#""!#""!#"0"!#"0"!#"0"!#"0"!#""!#""!#""!#""!#""!#""!#""!#""!#""!#""!#""!#""!#""!#""!#""!#""!#""!#""!#""!#""!#""!#""!#""!#""!#""!#""!#""!#""!#""!#""!#""!#""!#""!#""!#""!#""!#""!#""!#""!#""!#""!#""!#""!#""!#""!#""!#""!#""!#""!#""!#""!#""!#""!#""!#""!#""!#""!#""!#""!#""!#""!#""!#""!#""!#""!#""!#""!#"0.00"!#""!#""!#""!#""!#""!#""!#""!#""!#""!#""!#""!#""!#""!#""!#""!#""!#""!#""!#""!#""!#""!#""!#""!#""!#""!#""!#""!#""!#""!#""!#""!#""!#""!#""!#""!#""!#""!#""!#""!#""!#"4.11"!#""!#""!#""!#""!#""!#""!#""!#""!#""!#""!#""!#""!#""!#""!#""!#""!#""!#""!#""!#""!#""!#""!#""!#""!#"0"!#"0"!#""!#""!#""!#""!#""!#""
"107428"!#"2024/120951-1"!#"vente"!#"Terrain"!#"33114"!#"LE BARP"!#"France"!#"6 Rue de Mariotte"!#""!#""!#"205000"!#""!#""!#""!#""!#"0"!#"1200"!#"0"!#"0"!#"Terrains constructibles à Le Barp, entre Bordeaux et le Bassin d'Arcachon"!#"Découvrez ces terrains d’exception situés dans la commune de Le Barp, à seulement 40 km de Bordeaux et du bassin d’Arcachon. Idéalement situés dans un quartier paisible, ces parcelles offrent un cadre de vie unique, alliant tranquillité et proximité avec les grandes villes.Caractéristiques des terrains :Superficies disponibles :Terrain 1 : Parcelle de 1200 m²Terrain 2 : Deux autres parcelles disponibles de 900 m², idéales pour des projets résidentiels ou d'investissement.Terrain constructible : parfait pour réaliser votre projet immobilier.Viabilisation complète : raccordé aux réseaux (eau, électricité, etc.).Clôturé et arboré : offrant un environnement agréable et prêt à accueillir votre maison.Connexion internet : réseau fibre disponible pour un confort moderne.Accès : facilité grâce à un chemin de servitude privé.Localisation :Le Barp est une commune prisée pour sa qualité de vie, située entre Bordeaux, la métropole dynamique, et Arcachon, célèbre pour ses plages et son bassin. Vous profitez ainsi du meilleur des deux mondes : le calme d’un village et l’accès rapide aux pôles urbains et touristiques.Ces terrains sont parfaits pour des projets de résidence principale, secondaire ou d’investissement locatif dans une région en plein essor.Ne manquez pas cette opportunité !Prix: 205 000 €"!#""!#""!#"0"!#""!#""!#""!#""!#"0"!#""!#"0"!#"0"!#"A définir"!#""!#"0"!#"0"!#"0"!#"1"!#"0"!#""!#"0"!#"0"!#""!#"0"!#"0"!#"0"!#"0"!#"0"!#""!#""!#""!#""!#""!#""!#""!#""!#""!#""!#""!#""!#"0"!#"0"!#"0"!#"0"!#"0"!#"0"!#"0"!#"0"!#"0"!#"0"!#"0"!#"0"!#"0"!#"0"!#"0"!#"0"!#"0"!#"0"!#""!#""!#"0"!#"Figaro"!#"0"!#"0"!#"https://www.papsimmo.fr/properties/2024-120951-1/20241204-103606.jpg?20241209"!#"https://www.papsimmo.fr/properties/2024-120951-1/20241204-103528.jpg?20241209"!#"https://www.papsimmo.fr/properties/2024-120951-1/20241204-111504.jpg?20241209"!#"https://www.papsimmo.fr/properties/2024-120951-1/20241204-111514.jpg?20241209"!#""!#""!#""!#""!#""!#"Photo-2024/120951-1-1"!#"Photo-2024/120951-1-2"!#"Photo-2024/120951-1-3"!#"Photo-2024/120951-1-4"!#""!#""!#""!#""!#""!#""!#""!#"06.77.16.31.03"!#"Joel DEHEZ 255210"!#"jdehez@papsimmo.fr"!#"33114"!#"LE BARP"!#""!#""!#"135"!#"09/12/2024"!#""!#""!#""!#""!#""!#""!#""!#""!#""!#""!#""!#""!#""!#""!#""!#""!#""!#""!#""!#""!#""!#""!#""!#""!#""!#""!#""!#""!#""!#""!#""!#""!#""!#""!#""!#""!#""!#""!#""!#""!#""!#""!#""!#""!#""!#""!#""!#""!#"0"!#"0"!#""!#""!#""!#""!#""!#""!#""!#""!#""!#""!#""!#""!#"0"!#"G"!#"0"!#"G"!#""!#""!#""!#""!#""!#""!#""!#""!#""!#"0"!#"0"!#"0"!#"0"!#""!#""!#""!#""!#""!#""!#""!#""!#""!#""!#""!#""!#""!#""!#""!#""!#""!#""!#""!#""!#""!#""!#""!#""!#""!#""!#""!#""!#""!#""!#""!#""!#""!#""!#""!#""!#""!#""!#""!#""!#""!#""!#""!#""!#""!#""!#""!#""!#""!#""!#""!#""!#""!#""!#""!#""!#""!#""!#""!#""!#""!#""!#""!#""!#""!#""!#""!#"0.00"!#""!#""!#""!#""!#""!#""!#""!#""!#""!#""!#""!#""!#""!#""!#""!#""!#""!#""!#""!#""!#""!#""!#""!#""!#""!#""!#""!#""!#""!#""!#""!#""!#""!#""!#""!#""!#""!#""!#""!#""!#"4.11"!#""!#""!#""!#""!#""!#""!#""!#""!#""!#""!#""!#""!#""!#""!#""!#""!#""!#""!#""!#""!#""!#""!#""!#""!#"0"!#"0"!#""!#""!#""!#""!#""!#""
"107428"!#"2024/123019-1"!#"vente"!#"Immeuble"!#"40000"!#"MONT-DE-MARSAN"!#"France"!#"87 avenue du 34r regiment d'infanterie"!#""!#""!#"315000"!#""!#""!#""!#""!#"350"!#"785"!#"11"!#"5"!#"MAISON DE VILLE À RÉNOVER - HYPERCENTRE DE MONT-DE-MARSAN"!#"Découvrez cette opportunité unique pour un projet immobilier ou commercial en plein cœur de Mont-de-Marsan !Caractéristiques principales :Surface habitable : Environ 350 m², avec 120 m² de combles aménageables.Surface du terrain : 785 m².Zone constructible :Emprise au sol : Jusqu'à 80% (soit un maximum de 628 m² au sol).Hauteur maximale : 10 mètres (potentiel pour R+5 selon le projet).Implantation : Façades en retrait de 3 m minimum (une façade entre 0 et 5 m possible).Zone classée U : Quartier résidentiel avec mixité possible pour des bureaux ou des appartements.Atouts du bien :Idéal pour créer des appartements ou bureaux dans un emplacement stratégique.Cadre urbain attractif et accessible, en plein centre-ville.Opportunité rare d’investir dans un bien offrant potentiel et flexibilité.Qualité urbaine et architecturale Niveau 2a (Mont-de-Marsan et Saint-Pierre-du-Mont).Votre projet :Rénovez ou développez cette maison de ville pour en faire un immeuble moderne et fonctionnel adapté aux besoins des citadins et professionnels.📞 Contactez-nous rapidement pour visiter ce bien unique et donner vie à votre projet !#ImmobilierMontDeMarsan #ProjetImmobilier #Investissement #MaisonDeVille #OpportunitéPrix : 315 000 €"!#""!#""!#"0"!#""!#""!#""!#""!#"0"!#""!#"0"!#"0"!#"A définir"!#""!#"0"!#"0"!#"0"!#"1"!#"0"!#""!#"0"!#"0"!#""!#"0"!#"0"!#"0"!#"0"!#"0"!#""!#""!#""!#""!#""!#""!#""!#""!#""!#""!#""!#""!#"0"!#"0"!#"0"!#"0"!#"0"!#"0"!#"0"!#"0"!#"0"!#"0"!#"0"!#"0"!#"0"!#"0"!#"0"!#"0"!#"0"!#"0"!#""!#""!#"0"!#"Figaro"!#"0"!#"0"!#"https://www.papsimmo.fr/properties/2024-123019-1/RDC-1.jpg?20241230"!#"https://www.papsimmo.fr/properties/2024-123019-1/etage-1E.jpg?20241230"!#"https://www.papsimmo.fr/properties/2024-123019-1/COMBLES.jpg?20241230"!#""!#""!#""!#""!#""!#""!#"Photo-2024/123019-1-1"!#"Photo-2024/123019-1-2"!#"Photo-2024/123019-1-3"!#""!#""!#""!#""!#""!#""!#""!#""!#"06.77.31.26.39"!#"Denis DEHEZ 497036"!#"ddehez@papsimmo.fr"!#"40000"!#"MONT-DE-MARSAN"!#""!#""!#"138"!#"30/12/2024"!#""!#""!#""!#""!#""!#""!#""!#""!#""!#""!#""!#""!#""!#""!#""!#""!#""!#""!#""!#""!#""!#""!#""!#""!#""!#""!#""!#""!#""!#""!#""!#""!#""!#""!#""!#""!#""!#""!#""!#""!#""!#""!#""!#""!#""!#""!#""!#""!#"0"!#"0"!#""!#""!#""!#""!#""!#""!#""!#""!#""!#""!#""!#""!#"0"!#"VI"!#"0"!#"VI"!#""!#""!#""!#""!#""!#""!#""!#""!#""!#"0"!#"0"!#"0"!#"0"!#""!#""!#""!#""!#""!#""!#""!#""!#""!#""!#""!#""!#""!#""!#""!#""!#""!#""!#""!#""!#""!#""!#""!#""!#""!#""!#""!#""!#""!#""!#""!#""!#""!#""!#""!#""!#""!#""!#""!#""!#""!#""!#""!#""!#""!#""!#""!#""!#""!#""!#""!#""!#""!#""!#""!#""!#""!#""!#""!#""!#""!#""!#""!#""!#""!#""!#""!#"0.00"!#""!#""!#""!#""!#""!#""!#""!#""!#""!#""!#""!#""!#""!#""!#""!#""!#""!#""!#""!#""!#""!#""!#""!#""!#""!#""!#""!#""!#""!#""!#""!#""!#""!#""!#""!#""!#""!#""!#""!#""!#"4.11"!#""!#""!#""!#""!#""!#""!#""!#""!#""!#""!#""!#""!#""!#""!#""!#""!#""!#""!#""!#""!#""!#""!#""!#""!#"0"!#"0"!#""!#""!#""!#""!#""!#""
"107428"!#"2024/123045-1"!#"vente"!#"Terrain"!#"40000"!#"MONT-DE-MARSAN"!#"France"!#"88 avenue du president JFK"!#""!#""!#"232000"!#""!#""!#""!#""!#"0"!#"710"!#"0"!#"0"!#"TERRAIN CONSTRUCTIBLE - HYPERCENTRE DE MONT-DE-MARSAN"!#"Découvrez cette opportunité unique pour un projet immobilier ou commercial en plein cœur de Mont-de-Marsan !Caractéristiques principales :Surface du terrain : 710 m².Zone constructible :Emprise au sol : Jusqu'à 80% (soit un maximum de 568 m² au sol).Hauteur maximale : 10 mètres (potentiel pour R+5 selon le projet).Implantation : Façades en retrait de 3 m minimum (une façade entre 0 et 5 m possible). Zone classée U : Quartier résidentiel avec mixité possible pour des bureaux ou des appartements.Atouts du bien :Idéal pour développer des appartements ou bureaux dans un emplacement stratégique.Cadre urbain attractif et accessible, en plein centre-ville.Opportunité rare d’investir dans un terrain offrant potentiel et flexibilité.Qualité urbaine et architecturale Niveau 2a (Mont-de-Marsan et Saint-Pierre-du-Mont).Votre projet :Profitez de ce terrain constructible pour réaliser un projet moderne et fonctionnel adapté aux besoins des citadins et professionnels.📞 Contactez-nous rapidement pour visiter ce terrain unique et concrétiser votre projet !<br /><br />#ImmobilierMontDeMarsan #ProjetImmobilier #Investissement #TerrainConstructible #Opportunité<br /><br />Prix : 232 000€ "!#""!#""!#"0"!#""!#""!#""!#""!#"0"!#""!#"0"!#"0"!#"A définir"!#""!#"0"!#"0"!#"0"!#"1"!#"0"!#""!#"0"!#"0"!#""!#"0"!#"0"!#"0"!#"0"!#"0"!#""!#""!#""!#""!#""!#""!#""!#""!#""!#""!#""!#""!#"0"!#"0"!#"0"!#"0"!#"0"!#"0"!#"0"!#"0"!#"0"!#"0"!#"0"!#"0"!#"0"!#"0"!#"0"!#"0"!#"0"!#"0"!#""!#""!#"0"!#"Figaro"!#"0"!#"0"!#"https://www.papsimmo.fr/properties/2024-123045-1/hHQbpUAXQyeXH5meYS5DOg.jpg?20241230"!#""!#""!#""!#""!#""!#""!#""!#""!#"Photo-2024/123045-1-1"!#""!#""!#""!#""!#""!#""!#""!#""!#""!#""!#"06.77.31.26.39"!#"Denis DEHEZ 497036"!#"ddehez@papsimmo.fr"!#"40000"!#"MONT-DE-MARSAN"!#""!#""!#"140"!#"30/12/2024"!#""!#""!#""!#""!#""!#""!#""!#""!#""!#""!#""!#""!#""!#""!#""!#""!#""!#""!#""!#""!#""!#""!#""!#""!#""!#""!#""!#""!#""!#""!#""!#""!#""!#""!#""!#""!#""!#""!#""!#""!#""!#""!#""!#""!#""!#""!#""!#""!#"0"!#"0"!#""!#""!#""!#""!#""!#""!#""!#""!#""!#""!#""!#""!#"0"!#"NS"!#"0"!#"NS"!#""!#""!#""!#""!#""!#""!#""!#""!#""!#"0"!#"0"!#"0"!#"0"!#""!#""!#""!#""!#""!#""!#""!#""!#""!#""!#""!#""!#""!#""!#""!#""!#""!#""!#""!#""!#""!#""!#""!#""!#""!#""!#""!#""!#""!#""!#""!#""!#""!#""!#""!#""!#""!#""!#""!#""!#""!#""!#""!#""!#""!#""!#""!#""!#""!#""!#""!#""!#""!#""!#""!#""!#""!#""!#""!#""!#""!#""!#""!#""!#""!#""!#""!#"0.00"!#""!#""!#""!#""!#""!#""!#""!#""!#""!#""!#""!#""!#""!#""!#""!#""!#""!#""!#""!#""!#""!#""!#""!#""!#""!#""!#""!#""!#""!#""!#""!#""!#""!#""!#""!#""!#""!#""!#""!#""!#"4.11"!#""!#""!#""!#""!#""!#""!#""!#""!#""!#""!#""!#""!#""!#""!#""!#""!#""!#""!#""!#""!#""!#""!#""!#""!#"0"!#"0"!#""!#""!#""!#""!#""!#""
"107428"!#"2025/011615-1"!#"vente"!#"Appartement"!#"40200"!#"MIMIZAN"!#"France"!#"18 Bis route de Bayonne"!#""!#""!#"129900"!#""!#""!#""!#""!#"45"!#"640"!#"2"!#"1"!#"À Vendre : Appartement T2 bis au cœur de Mimizan Bourg"!#"Découvrez ce charmant appartement de 45 m² idéalement situé en plein centre de Mimizan Bourg, à deux pas de toutes les commodités et à proximité des magnifiques plages de Mimizan (moins de 10 minutes en voiture) et du lac (à seulement 5 minutes).Caractéristiques principales :Surface habitable : 45 m²Disposition des pièces :Une cuisine ouverte sur un salon/salle à manger lumineux d'environ 22 m²Une chambre confortable de 10 m²Une seconde pièce de 5,5 m², parfaite pour un bureau ou une chambre d'enfantUne salle de bainUn WC indépendantUne petite entrée accueillanteSitué au premier étage d'un petit immeuble de 5 lots.Extérieur et copropriété :<br />L'appartement fait partie d'une copropriété, établi sur un terrain de 640 m². Une place de stationnement intégrée est incluse, un atout rare et très pratique en centre-ville.Les atouts de cet appartement :Localisation idéale : Vie pratique avec commerces, écoles, et services accessibles à pied.Proximité nature : Plages de sable fin à moins de 10 minutes, lac à 5 minutes.Confort et fonctionnalité : Parfait pour une résidence principale, un pied-à-terre ou un investissement locatif.Ne laissez pas cette opportunité de vivre ou d'investir dans un lieu combinant charme, praticité et cadre naturel.Prix ​​: 129 900 € Taxe Foncière : 472 €Votre futur chez vous vous attend au cœur de Mimizan Bourg !"!#""!#""!#"1"!#""!#"1"!#"1970"!#""!#"1"!#""!#"1"!#"0"!#"Radiateur"!#""!#"0"!#"0"!#"0"!#"1"!#"0"!#""!#"0"!#"0"!#""!#"0"!#"0"!#"0"!#"0"!#"0"!#""!#""!#""!#""!#""!#""!#""!#""!#""!#""!#""!#""!#"0"!#"0"!#"0"!#"0"!#"0"!#"0"!#"0"!#"0"!#"0"!#"0"!#"0"!#"0"!#"0"!#"0"!#"0"!#"0"!#"0"!#"0"!#""!#""!#"0"!#"Figaro"!#"0"!#"0"!#"https://www.papsimmo.fr/properties/2025-011615-1/p12.jpg?20250117"!#"https://www.papsimmo.fr/properties/2025-011615-1/p20.jpg?20250121"!#"https://www.papsimmo.fr/properties/2025-011615-1/p11.jpg?20250117"!#"https://www.papsimmo.fr/properties/2025-011615-1/p2.jpg?20250117"!#"https://www.papsimmo.fr/properties/2025-011615-1/p10.jpg?20250117"!#"https://www.papsimmo.fr/properties/2025-011615-1/p4.jpg?20250117"!#"https://www.papsimmo.fr/properties/2025-011615-1/p3.jpg?20250117"!#"https://www.papsimmo.fr/properties/2025-011615-1/p1.jpg?20250117"!#"https://www.papsimmo.fr/properties/2025-011615-1/p5.jpg?20250117"!#"Photo-2025/011615-1-1"!#"Photo-2025/011615-1-2"!#"Photo-2025/011615-1-3"!#"Photo-2025/011615-1-4"!#"Photo-2025/011615-1-5"!#"Photo-2025/011615-1-7"!#"Photo-2025/011615-1-8"!#"Photo-2025/011615-1-9"!#"Photo-2025/011615-1-10"!#""!#""!#"06.77.16.31.03"!#"Joel DEHEZ 255210"!#"jdehez@papsimmo.fr"!#"40200"!#"MIMIZAN"!#""!#""!#"130"!#"16/01/2025"!#""!#""!#""!#""!#""!#""!#""!#""!#""!#""!#""!#""!#""!#""!#""!#""!#""!#""!#""!#""!#""!#""!#""!#""!#""!#""!#""!#""!#""!#""!#""!#""!#""!#""!#""!#""!#""!#""!#""!#""!#""!#""!#""!#""!#""!#""!#""!#""!#"0"!#"0"!#"https://www.papsimmo.fr/properties/2025-011615-1/p6.jpg?20250117"!#"https://www.papsimmo.fr/properties/2025-011615-1/p7.jpg?20250117"!#"https://www.papsimmo.fr/properties/2025-011615-1/Capture-d-ecran-2025-01-17-213703.jpg?20250117"!#"https://www.papsimmo.fr/properties/2025-011615-1/p8.jpg?20250117"!#""!#""!#""!#""!#""!#""!#""!#""!#"311"!#"E"!#"10"!#"B"!#""!#""!#""!#""!#""!#""!#""!#""!#""!#"0"!#"0"!#"0"!#"0"!#""!#""!#""!#""!#""!#""!#""!#""!#""!#""!#""!#""!#""!#""!#""!#""!#""!#""!#""!#""!#""!#""!#""!#""!#""!#""!#""!#""!#""!#""!#""!#""!#""!#""!#""!#""!#""!#""!#""!#""!#""!#""!#""!#""!#""!#""!#""!#""!#""!#""!#""!#""!#""!#""!#""!#""!#""!#""!#""!#""!#""!#""!#""!#""!#""!#"1"!#""!#"352.00"!#""!#""!#""!#""!#""!#""!#""!#""!#""!#""!#""!#""!#""!#"Photo-2025/011615-1-10"!#"Photo-2025/011615-1-11"!#"Photo-2025/011615-1-12"!#"Photo-2025/011615-1-13"!#""!#""!#""!#""!#""!#""!#""!#""!#""!#""!#""!#""!#""!#""!#""!#""!#""!#""!#""!#""!#""!#""!#""!#"4.11"!#""!#""!#""!#""!#""!#""!#""!#""!#""!#""!#""!#""!#""!#""!#""!#""!#""!#""!#""!#""!#""!#""!#"12/12/2024"!#""!#"1130"!#"1580"!#"04/01/2021"!#""!#""!#""!#""!#""
"107428"!#"2025/011951-1"!#"vente"!#"Maison"!#"40990"!#"SAINT-PAUL-LÈS-DAX"!#"France"!#"."!#""!#""!#"489600"!#""!#""!#""!#""!#"134"!#"662"!#"5"!#"4"!#"Maison d'architecte, lumineuse et spacieuse"!#"Maison d’architecte à Saint-Paul-lès-Dax – Une perle rare au cœur de la ville !<br />Amoureux de design et de confort, cette maison est faite pour vous ! Située dans un environnement calme, cette magnifique demeure d’architecte allie cachet, style, et prestations haut de gamme. Ici, aucun compromis : tout est pensé pour offrir un cadre de vie exceptionnel, sans travaux à prévoir.Les atouts de cette maison :Volumes uniques : Une hauteur sous plafond impressionnante avec un plafond cathédrale qui sublime la pièce de vie.Salon-séjour lumineux et cosy : Trois baies vitrées inondent l’espace de lumière naturelle, avec un poêle à bois pour des soirées chaleureuses.Cuisine équipée : Moderne, fonctionnelle, et ouverte sur le séjour pour une convivialité optimale.Espaces pratiques : Un cellier et une buanderie qui facilitent le quotidien.4 chambres spacieuses : Idéales pour accueillir famille et amis.2 salles d’eau : Une salle de bain et une salle d'eau pour plus de confort et de praticité.Sous-sol isolé et chauffé : Un véritable plus, incluant une pièce insonorisée parfaite pour un studio de musique, une salle de cinéma ou un espace de travail.Points forts supplémentaires :Maison prête à vivre, aucun travaux à prévoir !Style et caractère uniques : un bien rare qui saura séduire les amateurs d’architecture.Calme : L’emplacement idéal pour ceux qui recherchent sérénité et avec e confort de la ville.Un cadre de vie exceptionnel pour des moments en famille ou entre amis, dans une maison où tout a été pensé avec goût et fonctionnalité.Localisation : Saint-Paul-lès-Dax, à proximité des commodités <br /><br />Taxe foncière : 1924€Contactez-nous dès aujourd’hui pour organiser une visite et laissez-vous séduire par cette maison unique en son genre ! Lucie 06 85 65 10 63 "!#""!#""!#"0"!#""!#""!#"1993"!#""!#"1"!#""!#"2"!#"0"!#"Electrique - Gaz"!#""!#"0"!#"0"!#"0"!#"1"!#"0"!#""!#"0"!#"0"!#""!#"0"!#"0"!#"0"!#"0"!#"1"!#""!#""!#""!#""!#""!#""!#""!#""!#""!#""!#""!#""!#"0"!#"0"!#"0"!#"0"!#"0"!#"0"!#"0"!#"0"!#"0"!#"0"!#"0"!#"0"!#"0"!#"0"!#"0"!#"0"!#"0"!#"0"!#""!#""!#"0"!#"Figaro"!#"0"!#"0"!#"https://www.papsimmo.fr/properties/2025-011951-1/1000016010.jpg?20250210"!#"https://www.papsimmo.fr/properties/2025-011951-1/1000015976.jpg?20250210"!#"https://www.papsimmo.fr/properties/2025-011951-1/1000015974.jpg?20250210"!#"https://www.papsimmo.fr/properties/2025-011951-1/1000015985.jpg?20250210"!#"https://www.papsimmo.fr/properties/2025-011951-1/1000015984.jpg?20250210"!#"https://www.papsimmo.fr/properties/2025-011951-1/1000015982.jpg?20250210"!#"https://www.papsimmo.fr/properties/2025-011951-1/1000016003.jpg?20250210"!#"https://www.papsimmo.fr/properties/2025-011951-1/1000015992.jpg?20250210"!#"https://www.papsimmo.fr/properties/2025-011951-1/1000015987.jpg?20250210"!#"Photo-2025/011951-1-1"!#"Photo-2025/011951-1-2"!#"Photo-2025/011951-1-3"!#"Photo-2025/011951-1-4"!#"Photo-2025/011951-1-5"!#"Photo-2025/011951-1-7"!#"Photo-2025/011951-1-8"!#"Photo-2025/011951-1-9"!#""!#""!#""!#"06.85.65.10.63"!#"Lucie LAFITTE 944025"!#"llafitte@papsimmo.fr"!#"40990"!#"SAINT-PAUL-LÈS-DAX"!#""!#""!#"144"!#"19/01/2025"!#""!#""!#""!#""!#""!#""!#""!#""!#""!#""!#""!#""!#""!#""!#""!#""!#""!#""!#""!#""!#""!#""!#""!#""!#""!#""!#""!#""!#""!#""!#""!#""!#""!#""!#""!#""!#""!#""!#""!#""!#""!#""!#""!#""!#""!#""!#""!#""!#"0"!#"0"!#""!#""!#""!#""!#""!#""!#""!#""!#""!#""!#""!#""!#"163"!#"C"!#"25"!#"C"!#""!#""!#""!#""!#""!#""!#""!#""!#""!#"0"!#"0"!#"0"!#"0"!#""!#""!#""!#""!#""!#""!#""!#""!#""!#""!#""!#""!#""!#""!#""!#""!#""!#""!#""!#""!#""!#""!#""!#""!#""!#""!#""!#""!#""!#""!#""!#""!#""!#""!#""!#""!#""!#""!#""!#""!#""!#""!#""!#""!#""!#""!#""!#""!#""!#""!#""!#""!#""!#""!#""!#""!#""!#""!#""!#""!#""!#""!#""!#""!#""!#""!#""!#"0.00"!#""!#""!#""!#""!#""!#""!#""!#""!#""!#""!#""!#""!#""!#""!#""!#""!#""!#""!#""!#""!#""!#""!#""!#""!#""!#""!#""!#""!#""!#""!#""!#""!#""!#""!#""!#""!#""!#""!#""!#""!#"4.11"!#""!#""!#""!#""!#""!#""!#""!#""!#""!#""!#""!#""!#""!#""!#""!#""!#""!#""!#""!#""!#""!#""!#"10/12/2021"!#""!#"1340"!#"1900"!#"01/12/2021"!#""!#""!#""!#""!#""
"107428"!#"2025/011951-1A"!#"vente"!#"Maison"!#"40100"!#"DAX"!#"France"!#"."!#""!#""!#"489600"!#""!#""!#""!#""!#"134"!#"662"!#"5"!#"4"!#"Maison d'architecte, lumineuse et spacieuse"!#"🏡 Maison d’architecte à Saint-Paul-lès-Dax – Une perle rare au cœur de la ville !<br />✨ Amoureux de design et de confort, cette maison est faite pour vous ! Située dans un environnement calme, cette magnifique demeure d’architecte allie cachet, style, et prestations haut de gamme. Ici, aucun compromis : tout est pensé pour offrir un cadre de vie exceptionnel, sans travaux à prévoir.<br />🌟 Les atouts de cette maison :Volumes uniques : Une hauteur sous plafond impressionnante avec un plafond cathédrale qui sublime la pièce de vie.Salon-séjour lumineux et cosy : Trois baies vitrées inondent l’espace de lumière naturelle, avec un poêle à bois pour des soirées chaleureuses.Cuisine équipée : Moderne, fonctionnelle et ouverte sur le séjour pour une convivialité optimale.Espaces pratiques : Un cellier et une buanderie qui facilitent le quotidien.4 chambres spacieuses : Idéales pour accueillir famille et amis.2 salles d’eau : Une salle de bain et une salle d'eau pour plus de confort et de praticité.Sous-sol isolé et chauffé : Un véritable plus, incluant une pièce insonorisée, parfaite pour un studio de musique, une salle de cinéma ou un espace de travail.<br />🔑 Points forts supplémentaires :Maison prête à vivre, aucun travaux à prévoir !Style et caractère uniques : un bien rare qui saura séduire les amateurs d’architecture.Calme : L’emplacement idéal pour ceux qui recherchent sérénité et avec e confort de la ville.<br />💡 Un cadre de vie exceptionnel pour des moments en famille ou entre amis, dans une maison où tout a été pensé avec goût et fonctionnalité.<br />📍 Localisation : Saint-Paul-lès-Dax, à proximité des commodités<br />Taxe foncière : 1924€<br />📞 Contactez-nous dès aujourd’hui pour organiser une visite et laissez-vous séduire par cette maison unique en son genre ! Aline 0641598385"!#""!#""!#"0"!#""!#""!#"1993"!#""!#"1"!#""!#"2"!#"0"!#"Electrique - Gaz"!#""!#"0"!#"0"!#"0"!#"1"!#"0"!#""!#"0"!#"0"!#""!#"0"!#"0"!#"0"!#"0"!#"1"!#""!#""!#""!#""!#""!#""!#""!#""!#""!#""!#""!#""!#"0"!#"0"!#"0"!#"0"!#"0"!#"0"!#"0"!#"0"!#"0"!#"0"!#"0"!#"0"!#"0"!#"0"!#"0"!#"0"!#"0"!#"0"!#""!#""!#"0"!#"Figaro"!#"0"!#"0"!#"https://www.papsimmo.fr/properties/2025-011951-1A/1000016010.jpg?20250124"!#"https://www.papsimmo.fr/properties/2025-011951-1A/1000016003.jpg?20250124"!#"https://www.papsimmo.fr/properties/2025-011951-1A/1000015976.jpg?20250124"!#"https://www.papsimmo.fr/properties/2025-011951-1A/1000015974.jpg?20250124"!#"https://www.papsimmo.fr/properties/2025-011951-1A/1000015982.jpg?20250124"!#"https://www.papsimmo.fr/properties/2025-011951-1A/1000015984.jpg?20250124"!#"https://www.papsimmo.fr/properties/2025-011951-1A/1000015987.jpg?20250124"!#"https://www.papsimmo.fr/properties/2025-011951-1A/1000015992.jpg?20250124"!#"https://www.papsimmo.fr/properties/2025-011951-1A/1000015985.jpg?20250124"!#"Photo-2025/011951-1A-1"!#"Photo-2025/011951-1A-2"!#"Photo-2025/011951-1A-3"!#"Photo-2025/011951-1A-4"!#"Photo-2025/011951-1A-5"!#"Photo-2025/011951-1A-7"!#"Photo-2025/011951-1A-8"!#"Photo-2025/011951-1A-9"!#""!#""!#""!#"06.41.59.83.85"!#"Aline LATEULERE 473081"!#"alateulere@papsimmo.fr"!#"40100"!#"DAX"!#""!#""!#"144"!#"19/01/2025"!#""!#""!#""!#""!#""!#""!#""!#""!#""!#""!#""!#""!#""!#""!#""!#""!#""!#""!#""!#""!#""!#""!#""!#""!#""!#""!#""!#""!#""!#""!#""!#""!#""!#""!#""!#""!#""!#""!#""!#""!#""!#""!#""!#""!#""!#""!#""!#""!#"0"!#"0"!#""!#""!#""!#""!#""!#""!#""!#""!#""!#""!#""!#""!#"163"!#"C"!#"25"!#"C"!#""!#""!#""!#""!#""!#""!#""!#""!#""!#"0"!#"0"!#"0"!#"0"!#""!#""!#""!#""!#""!#""!#""!#""!#""!#""!#""!#""!#""!#""!#""!#""!#""!#""!#""!#""!#""!#""!#""!#""!#""!#""!#""!#""!#""!#""!#""!#""!#""!#""!#""!#""!#""!#""!#""!#""!#""!#""!#""!#""!#""!#""!#""!#""!#""!#""!#""!#""!#""!#""!#""!#""!#""!#""!#""!#""!#""!#""!#""!#""!#""!#""!#""!#"0.00"!#""!#""!#""!#""!#""!#""!#""!#""!#""!#""!#""!#""!#""!#""!#""!#""!#""!#""!#""!#""!#""!#""!#""!#""!#""!#""!#""!#""!#""!#""!#""!#""!#""!#""!#""!#""!#""!#""!#""!#""!#"4.11"!#""!#""!#""!#""!#""!#""!#""!#""!#""!#""!#""!#""!#""!#""!#""!#""!#""!#""!#""!#""!#""!#""!#"10/12/2021"!#""!#"1340"!#"1900"!#"01/12/2021"!#""!#""!#""!#""!#""
"107428"!#"2025/021221-1"!#"vente"!#"Maison"!#"40000"!#"MONT-DE-MARSAN"!#"France"!#"1 chemin de moulére"!#""!#""!#"194900"!#""!#""!#""!#""!#"115"!#"1882"!#"4"!#"3"!#"Maison de plain-pied: entrée, séjour, 3 chambres, bureau, garage, terrain clos."!#" Découvrez cette maison nichée dans un cadre verdoyant, idéale pour les amoureux de calme et de nature. <br />Située sur un terrain entièrement clôturé de 1 882 m², elle offre un cadre de vie paisible et agréable.<br />A seulement 30 minutes de Mont de Marsan et 20 Minutes de Villeneuve de Marsan.<br />D'une superficie confortable 115m², cette maison de plain-pied se compose : d'une entrée avec placard, un séjour lumineux avec poêle à bois, parfait pour les soirées d’hiver, une cuisine aménagée, trois chambres, dont deux avec placard, un bureau, une salle de bain avec douche, un WC séparé.<br />Attenant à la maison un garage.<br />À l’extérieur, vous pourrez profiter d’une terrasse couverte, idéale pour partager des moments conviviaux dès les premiers beaux jours.<br />Un véritable havre de paix à découvrir sans tarder ! <br />Pour plus d’informations ou pour organiser une visite, contactez-moi.Prix : 194 900 € <br />Taxe foncière : 530 €"!#""!#""!#"0"!#""!#""!#"1992"!#""!#"1"!#""!#"1"!#"0"!#"A définir"!#""!#"0"!#"0"!#"0"!#"1"!#"0"!#""!#"0"!#"0"!#""!#"0"!#"0"!#"0"!#"0"!#"1"!#""!#""!#""!#""!#""!#""!#""!#""!#""!#""!#""!#""!#"0"!#"0"!#"0"!#"0"!#"0"!#"0"!#"0"!#"0"!#"0"!#"0"!#"0"!#"0"!#"0"!#"0"!#"0"!#"0"!#"0"!#"0"!#""!#""!#"0"!#"Figaro"!#"0"!#"0"!#"https://www.papsimmo.fr/properties/2025-021221-1/Capture-maison.jpg?20250213"!#"https://www.papsimmo.fr/properties/2025-021221-1/telechargement-8.jpg?20250213"!#"https://www.papsimmo.fr/properties/2025-021221-1/telechargement-14.jpg?20250213"!#"https://www.papsimmo.fr/properties/2025-021221-1/telechargement-13.jpg?20250213"!#"https://www.papsimmo.fr/properties/2025-021221-1/telechargement-4.jpg?20250213"!#"https://www.papsimmo.fr/properties/2025-021221-1/telechargement-2.jpg?20250213"!#"https://www.papsimmo.fr/properties/2025-021221-1/telechargement.jpg?20250213"!#"https://www.papsimmo.fr/properties/2025-021221-1/telechargement-10.jpg?20250213"!#"https://www.papsimmo.fr/properties/2025-021221-1/telechargement-17.jpg?20250213"!#"Photo-2025/021221-1-1"!#"Photo-2025/021221-1-2"!#"Photo-2025/021221-1-3"!#"Photo-2025/021221-1-4"!#"Photo-2025/021221-1-5"!#"Photo-2025/021221-1-7"!#"Photo-2025/021221-1-8"!#"Photo-2025/021221-1-9"!#"Photo-2025/021221-1-10"!#""!#""!#"06.44.30.73.89"!#"Anne-Marie FURET  355025"!#"amfuret@papsimmo.fr"!#"40000"!#"MONT-DE-MARSAN"!#""!#""!#"149"!#"12/02/2025"!#""!#""!#""!#""!#""!#""!#""!#""!#""!#""!#""!#""!#""!#""!#""!#""!#""!#""!#""!#""!#""!#""!#""!#""!#""!#""!#""!#""!#""!#""!#""!#""!#""!#""!#""!#""!#""!#""!#""!#""!#""!#""!#""!#""!#""!#""!#""!#""!#"0"!#"0"!#"https://www.papsimmo.fr/properties/2025-021221-1/telechargement-16.jpg?20250213"!#"https://www.papsimmo.fr/properties/2025-021221-1/telechargement-15.jpg?20250213"!#""!#""!#""!#""!#""!#""!#""!#""!#""!#""!#"187"!#"D"!#"5"!#"A"!#""!#""!#""!#""!#""!#""!#""!#""!#""!#"0"!#"0"!#"0"!#"0"!#""!#""!#""!#""!#""!#""!#""!#""!#""!#""!#""!#""!#""!#""!#""!#""!#""!#""!#""!#""!#""!#""!#""!#""!#""!#""!#""!#""!#""!#""!#""!#""!#""!#""!#""!#""!#""!#""!#""!#""!#""!#""!#""!#""!#""!#""!#""!#""!#""!#""!#""!#""!#""!#""!#""!#""!#""!#""!#""!#""!#""!#""!#""!#""!#""!#""!#""!#"0.00"!#""!#""!#""!#""!#""!#""!#""!#""!#""!#""!#""!#""!#""!#"Photo-2025/021221-1-10"!#"Photo-2025/021221-1-11"!#""!#""!#""!#""!#""!#""!#""!#""!#""!#""!#""!#""!#""!#""!#""!#""!#""!#""!#""!#""!#""!#""!#""!#""!#""!#"4.11"!#""!#""!#""!#""!#""!#""!#""!#""!#""!#""!#""!#""!#""!#""!#""!#""!#""!#""!#""!#""!#""!#""!#"09/04/2024"!#""!#"1210"!#"1700"!#"01/01/2021"!#""!#""!#""!#""!#""
"107428"!#"2025/022628-1"!#"vente"!#"Appartement"!#"65400"!#"LAU-BALAGNAS"!#"France"!#"35bis Route des Vallées"!#""!#""!#"537000"!#""!#""!#""!#""!#"180"!#"671"!#"10"!#"6"!#"Ensemble Immobilier - 3 Appartements Meublés T3"!#"✨ UNE OPPORTUNITÉ RARE POUR LES INVESTISSEURS !<br />Situé dans un cadre paisible et agréable, cet ensemble immobilier entièrement rénové en 2024 offre une opportunité idéale pour un investissement locatif clé en main. Il se compose de 3 appartements spacieux, meublés et prêts à être loués, le tout sur un terrain de 681 m². Grâce à sa copropriété libre, vous bénéficiez d'une gestion simplifiée et d'une rentabilité optimisée.<br />🏡 Description du bien :<br />✅ 3 appartements rénovés et meublés (de 58 à 63 m²) ✅ État impeccable – Aucune rénovation à prévoir ✅ Chaque appartement dispose d'un agencement fonctionnel et moderne ✅ 3 garages privatifs pour un confort supplémentaire ✅ Terrain de 681 m²<br />👉 Atouts : Ensemble rénové, peu de frais de copropriété, logements immédiatement exploitables en location classique ou saisonnière.<br /><br />💡 Informations complémentaires : 📍 Environnement calme, proche des commodités et des axes routiers 💰 Fort potentiel locatif : Idéal pour la location annuelle ou touristique 📏 Peu charge de copropriété (copropriété libre) 📅 Disponibilité immédiate<br />Taxe foncière : 2528€<br />Prix : 537 000€"!#""!#""!#"1"!#""!#"1"!#""!#""!#"0"!#""!#"3"!#"0"!#"Electrique"!#""!#"0"!#"0"!#"0"!#"1"!#"0"!#""!#"0"!#"0"!#""!#"0"!#"0"!#"0"!#"0"!#"1"!#""!#""!#""!#""!#""!#""!#""!#""!#""!#""!#""!#""!#"0"!#"0"!#"0"!#"0"!#"0"!#"0"!#"0"!#"0"!#"0"!#"0"!#"0"!#"0"!#"0"!#"0"!#"0"!#"0"!#"0"!#"0"!#""!#""!#"0"!#"Figaro"!#"0"!#"0"!#"https://www.papsimmo.fr/properties/2025-022628-1/IMG-20240514-WA0055.jpg?20250226"!#"https://www.papsimmo.fr/properties/2025-022628-1/IMG-20240514-WA0056.jpg?20250226"!#"https://www.papsimmo.fr/properties/2025-022628-1/IMG-20240514-WA0062.jpg?20250226"!#"https://www.papsimmo.fr/properties/2025-022628-1/IMG-20240514-WA0050.jpg?20250226"!#"https://www.papsimmo.fr/properties/2025-022628-1/IMG-20240514-WA0028.jpg?20250226"!#"https://www.papsimmo.fr/properties/2025-022628-1/IMG-20240514-WA0057.jpg?20250226"!#"https://www.papsimmo.fr/properties/2025-022628-1/IMG-20240514-WA0032.jpg?20250226"!#"https://www.papsimmo.fr/properties/2025-022628-1/IMG-20240514-WA0030.jpg?20250226"!#"https://www.papsimmo.fr/properties/2025-022628-1/50606-582315-24.jpg?20250226"!#"Photo-2025/022628-1-1"!#"Photo-2025/022628-1-2"!#"Photo-2025/022628-1-3"!#"Photo-2025/022628-1-4"!#"Photo-2025/022628-1-5"!#"Photo-2025/022628-1-7"!#"Photo-2025/022628-1-8"!#"Photo-2025/022628-1-9"!#"Photo-2025/022628-1-10"!#""!#""!#"06.77.31.26.39"!#"Denis DEHEZ 497036"!#"ddehez@papsimmo.fr"!#"65400"!#"LAU-BALAGNAS"!#""!#""!#"152"!#"26/02/2025"!#""!#""!#""!#""!#""!#""!#""!#""!#""!#""!#""!#""!#""!#""!#""!#""!#""!#""!#""!#""!#""!#""!#""!#""!#""!#""!#""!#""!#""!#""!#""!#""!#""!#""!#""!#""!#""!#""!#""!#""!#""!#""!#""!#""!#""!#""!#""!#""!#"0"!#"0"!#"https://www.papsimmo.fr/properties/2025-022628-1/50606-582317-20.jpg?20250226"!#"https://www.papsimmo.fr/properties/2025-022628-1/IMG-20240514-WA0044.jpg?20250226"!#"https://www.papsimmo.fr/properties/2025-022628-1/50606-581957-15.jpg?20250226"!#""!#""!#""!#""!#""!#""!#""!#""!#""!#"138"!#"C"!#"4"!#"A"!#""!#""!#""!#""!#""!#""!#""!#""!#""!#"0"!#"0"!#"0"!#"0"!#""!#""!#""!#""!#""!#""!#""!#""!#""!#""!#""!#""!#""!#""!#""!#""!#""!#""!#""!#""!#""!#""!#""!#""!#""!#""!#""!#""!#""!#""!#""!#""!#""!#""!#""!#""!#""!#""!#""!#""!#""!#""!#""!#""!#""!#""!#""!#""!#""!#""!#""!#""!#""!#""!#""!#""!#""!#""!#""!#""!#""!#""!#""!#""!#""!#"1"!#""!#"200.00"!#""!#""!#""!#""!#""!#""!#""!#""!#""!#""!#""!#""!#""!#"Photo-2025/022628-1-10"!#"Photo-2025/022628-1-11"!#"Photo-2025/022628-1-12"!#""!#""!#""!#""!#""!#""!#""!#""!#""!#""!#""!#""!#""!#""!#""!#""!#""!#""!#""!#""!#""!#""!#""!#""!#"4.11"!#""!#""!#""!#""!#""!#""!#""!#""!#""!#""!#""!#""!#""!#""!#""!#""!#""!#""!#""!#""!#""!#""!#"08/03/2024"!#""!#"1750"!#"2560"!#"01/01/2021"!#""!#""!#""!#""!#""
"107428"!#"2025/030953-1"!#"vente"!#"Propriété"!#"40000"!#"MONT-DE-MARSAN"!#"France"!#"Avenue de la république"!#""!#""!#"469000"!#""!#""!#""!#""!#"140"!#"3168"!#"5"!#"4"!#"Pavillon d’exception  4 chambres, piscine, garage, carport,"!#"A seulement 10 minutes de Mont de Marsan, venez découvrir cette somptueuse propriété où le luxe et raffinement se conjugue avec des prestations haut de gamme.<br />Nichée dans un cadre d’exception, cette demeure a été conçue avec des matériaux de haute qualité et offre des extérieurs remarquables.<br />Dès votre arrivée, vous serez séduit par son allée goudronnée qui vous conduit au porche<br />d’entrée.<br />L'intérieur à la fois raffiné et fonctionnel dégage une atmosphère chaleureuse et élégante.<br />Dès l’entrée, vous serez séduit par une vaste pièce de vie comprenant une cuisine<br />ouverte, aménagée et entièrement équipée, qui s'étant harmonieusement sur un<br />séjour lumineux agrémenté d’une cheminée avec insert.<br />Côté nuit : la maison dispose de quatre chambres dont une somptueuse suite parentale avec dressing et salle de douche privative vous offrant un espace intime et confortable. <br />Également une salle de bain indépendante avec douche, 2 wc séparés dont un avec point d'eau.<br />Attenant à la maison un garage de 50 m².<br />Les espaces extérieurs sont une véritable invitation à la détente : terrasses spacieuses,<br />piscine somptueuse, (liner changé en 2022) Un véritable havre de paix où<br />chaque détail a été pensé pour offrir confort optimal !<br />Cette demeure est équipée des dernières technologies en matière de confort thermique incluant une pompe à chaleur gainable assurant chaleur l’hiver et fraicheur en été, 1 vmc garantissant un bien-être optimal tout au long de l’année.<br />Elle dispose également d'une cheminée avec insert, de volets roulants électriques et de 2 portails, dont un motorisé, offrant un accès sécurisé et pratique.<br />Un bien d’exception, rare sur le marché, alliant luxe, modernité et prestations haut de<br />gamme.<br />Une opportunité unique pour les amateurs de raffinement et de confort absolu.À visiter sans tarder !!Prix : 469 000 euros.<br />Taxe foncière : 1209 euros."!#""!#""!#"0"!#""!#""!#"2006"!#""!#"1"!#""!#"2"!#"0"!#"A définir - Climatisation réversible centrale - Cheminée-insert"!#""!#"0"!#"0"!#"0"!#"1"!#"0"!#""!#"0"!#"0"!#""!#"0"!#"0"!#"0"!#"0"!#"1"!#""!#""!#""!#""!#""!#""!#""!#""!#""!#""!#""!#""!#"0"!#"0"!#"0"!#"0"!#"0"!#"0"!#"0"!#"0"!#"0"!#"0"!#"0"!#"0"!#"0"!#"0"!#"0"!#"0"!#"0"!#"0"!#""!#""!#"0"!#"Figaro"!#"0"!#"0"!#"https://www.papsimmo.fr/properties/2025-030953-1/IMG-20250307-WA0000.jpg?20250309"!#"https://www.papsimmo.fr/properties/2025-030953-1/telechargement-7.jpg?20250330"!#"https://www.papsimmo.fr/properties/2025-030953-1/IMG-9129.jpg?20250330"!#"https://www.papsimmo.fr/properties/2025-030953-1/IMG-9135.jpg?20250330"!#"https://www.papsimmo.fr/properties/2025-030953-1/telechargement-23.jpg?20250330"!#"https://www.papsimmo.fr/properties/2025-030953-1/IMG-20250307-WA0006.jpg?20250309"!#"https://www.papsimmo.fr/properties/2025-030953-1/telechargement-17.jpg?20250330"!#"https://www.papsimmo.fr/properties/2025-030953-1/telechargement-15.jpg?20250330"!#"https://www.papsimmo.fr/properties/2025-030953-1/telechargement-1.jpg?20250330"!#"Photo-2025/030953-1-1"!#"Photo-2025/030953-1-2"!#"Photo-2025/030953-1-3"!#"Photo-2025/030953-1-4"!#"Photo-2025/030953-1-5"!#"Photo-2025/030953-1-7"!#"Photo-2025/030953-1-8"!#"Photo-2025/030953-1-9"!#"Photo-2025/030953-1-10"!#""!#""!#"06.44.30.73.89"!#"Anne-Marie FURET  355025"!#"amfuret@papsimmo.fr"!#"40000"!#"MONT-DE-MARSAN"!#""!#""!#"157"!#"09/03/2025"!#""!#""!#""!#""!#""!#""!#""!#""!#""!#""!#""!#""!#""!#""!#""!#""!#""!#""!#""!#""!#""!#""!#""!#""!#""!#""!#""!#""!#""!#""!#""!#""!#""!#""!#""!#""!#""!#""!#""!#""!#""!#""!#""!#""!#""!#""!#""!#""!#"0"!#"0"!#"https://www.papsimmo.fr/properties/2025-030953-1/telechargement.jpg?20250330"!#"https://www.papsimmo.fr/properties/2025-030953-1/telechargement-25.jpg?20250330"!#"https://www.papsimmo.fr/properties/2025-030953-1/telechargement-2.jpg?20250330"!#"https://www.papsimmo.fr/properties/2025-030953-1/telechargement-3.jpg?20250330"!#"https://www.papsimmo.fr/properties/2025-030953-1/telechargement-6.jpg?20250330"!#""!#""!#""!#""!#""!#""!#""!#"138"!#"C"!#"4"!#"A"!#""!#""!#""!#""!#""!#""!#""!#""!#""!#"0"!#"0"!#"0"!#"0"!#""!#""!#""!#""!#""!#""!#""!#""!#""!#""!#""!#""!#""!#""!#""!#""!#""!#""!#""!#""!#""!#""!#""!#""!#""!#""!#""!#""!#""!#""!#""!#""!#""!#""!#""!#""!#""!#""!#""!#""!#""!#""!#""!#""!#""!#""!#""!#""!#""!#""!#""!#""!#""!#""!#""!#""!#""!#""!#""!#""!#""!#""!#""!#""!#""!#""!#""!#"0.00"!#""!#""!#""!#""!#""!#""!#""!#""!#""!#""!#""!#""!#""!#"Photo-2025/030953-1-10"!#"Photo-2025/030953-1-11"!#"Photo-2025/030953-1-12"!#"Photo-2025/030953-1-13"!#"Photo-2025/030953-1-14"!#""!#""!#""!#""!#""!#""!#""!#""!#""!#""!#""!#""!#""!#""!#""!#""!#""!#""!#""!#""!#""!#""!#"4.11"!#""!#""!#""!#""!#""!#""!#""!#""!#""!#""!#""!#""!#""!#""!#""!#""!#""!#""!#""!#""!#""!#""!#"19/03/2025"!#""!#"1360"!#"1920"!#"01/03/2023"!#""!#""!#""!#""!#""
"107428"!#"2025/031235-1"!#"vente"!#"Immeuble"!#"40000"!#"MONT-DE-MARSAN"!#"France"!#"Mont de Marsan"!#""!#""!#"469000"!#""!#""!#""!#""!#"174"!#"567"!#"5"!#"0"!#"Locaux commerciaux"!#"À VENDRE – Deux Locaux Commerciaux avec Parking Privé- Idéal Investisseurs <br /><br />Nous vous proposons un ensemble de deux locaux commerciaux idéalement situés, offrant des espaces fonctionnels et adaptés à diverses activités professionnelles.<br />POINT FORT: murs occupés avec locataires en place garantissant une rentabilité immédiate.<br />Revenus locatifs: 2648 euros TTC par mois.1️⃣ Premier local :<br />Surface de 120 m² répartie sur deux niveaux qui se compose de 7 bureaux spacieux et lumineux, 1 coin cuisine pratique pour vos équipes et sanitaires privatifs.<br />2️⃣ Deuxième local : Surface de 54 m² aux normes PMR.<br />Actuellement dédié à une activité de Fast food, qui se compose: 1 coin cuisine, 1 salle de restauration, 1 réserve, 1 wc, 1 terrasse.<br />✅ Atout supplémentaire : Les deux locaux sont vendus ensemble et bénéficient d’un parking privé, un véritable avantage pour vos collaborateurs.<br />Pour plus d’informations ou organiser une visite, contactez moi dès aujourd’hui !DPE en cours.<br />Taxe foncière. 1238 euros"!#""!#""!#"0"!#""!#""!#""!#""!#"0"!#""!#"2"!#"0"!#"Electrique"!#""!#"0"!#"0"!#"0"!#"1"!#"0"!#""!#"0"!#"0"!#""!#"0"!#"0"!#"0"!#"0"!#"0"!#""!#""!#""!#""!#""!#""!#""!#""!#""!#""!#""!#""!#"0"!#"0"!#"0"!#"0"!#"0"!#"0"!#"0"!#"0"!#"0"!#"0"!#"0"!#"0"!#"0"!#"0"!#"0"!#"0"!#"0"!#"0"!#""!#""!#"0"!#"Figaro"!#"0"!#"0"!#"https://www.papsimmo.fr/properties/2025-031235-1/telechargement-4.jpg?20250320"!#"https://www.papsimmo.fr/properties/2025-031235-1/telechargement-3.jpg?20250320"!#"https://www.papsimmo.fr/properties/2025-031235-1/thumbnail-20240910-104144.jpg?20250320"!#"https://www.papsimmo.fr/properties/2025-031235-1/thumbnail-20240910-110400.jpg?20250321"!#"https://www.papsimmo.fr/properties/2025-031235-1/thumbnail-20240910-105641.jpg?20250321"!#"https://www.papsimmo.fr/properties/2025-031235-1/thumbnail-20240910-105619.jpg?20250320"!#"https://www.papsimmo.fr/properties/2025-031235-1/thumbnail-20240910-110336.jpg?20250320"!#""!#""!#"Photo-2025/031235-1-1"!#"Photo-2025/031235-1-2"!#"Photo-2025/031235-1-3"!#"Photo-2025/031235-1-4"!#"Photo-2025/031235-1-5"!#"Photo-2025/031235-1-7"!#""!#""!#""!#""!#""!#"06.44.30.73.89"!#"Anne-Marie FURET  355025"!#"amfuret@papsimmo.fr"!#"40000"!#"MONT-DE-MARSAN"!#""!#""!#"158"!#"12/03/2025"!#""!#""!#""!#""!#""!#""!#""!#""!#""!#""!#""!#""!#""!#""!#""!#""!#""!#""!#""!#""!#""!#""!#""!#""!#""!#""!#""!#""!#""!#""!#""!#""!#""!#""!#""!#""!#""!#""!#""!#""!#""!#""!#""!#""!#""!#""!#""!#""!#"0"!#"0"!#""!#""!#""!#""!#""!#""!#""!#""!#""!#""!#""!#""!#"175"!#"VI"!#"80"!#"VI"!#""!#""!#""!#""!#""!#""!#""!#""!#""!#"0"!#"0"!#"0"!#"0"!#""!#""!#""!#""!#""!#""!#""!#""!#""!#""!#""!#""!#""!#""!#""!#""!#""!#""!#""!#""!#""!#""!#""!#""!#""!#""!#""!#""!#""!#""!#""!#""!#""!#""!#""!#""!#""!#""!#""!#""!#""!#""!#""!#""!#""!#""!#""!#""!#""!#""!#""!#""!#""!#""!#""!#""!#""!#""!#""!#""!#""!#""!#""!#""!#""!#""!#""!#"0.00"!#""!#""!#""!#""!#""!#""!#""!#""!#""!#""!#""!#""!#""!#""!#""!#""!#""!#""!#""!#""!#""!#""!#""!#""!#""!#""!#""!#""!#""!#""!#""!#""!#""!#""!#""!#""!#""!#""!#""!#""!#"4.11"!#""!#""!#""!#""!#""!#""!#""!#""!#""!#""!#""!#""!#""!#""!#""!#""!#""!#""!#""!#""!#""!#""!#"19/03/2025"!#""!#"1680"!#"2499"!#"02/01/2023"!#""!#""!#""!#""!#""
"107428"!#"2025/031608-1"!#"vente"!#"Villa"!#"40000"!#"MONT-DE-MARSAN"!#"France"!#"."!#""!#""!#"489999"!#""!#""!#""!#""!#"210"!#"2300"!#"10"!#"5"!#"À VENDRE – VILLA D'EXCEPTION DE 210 M² – GRAND TERRAIN ARBORÉ –"!#"Dans un environnement calme et privilégié, cette superbe villa de 210 m² habitables, édifiée sur un terrain arboré d'environ 2 300 m², offre un cadre de vie exceptionnel. Idéale pour une famille en quête d'espace et de confort, elle séduit par ses volumes généreux, ses prestations modernes et son entretien irréprochable.<br />Un cadre de vie unique : Dès l'entrée, le séjour spacieux et lumineux vous accueille avec de grandes ouvertures offrant une vue panoramique sur le parc boisé. La salle à manger baignée de lumière, la cuisine aménagée et équipée complètent cet espace de vie convivial, parfait pour les moments en famille ou entre amis.<br />Un agencement optimisé pour le confort : Au rez-de-chaussée : une suite parentale avec salle de bains privative (douche, baignoire, double vasque, WC), une seconde chambre avec salle d'eau attenante, un bureau, une pièce dressing pouvant être aménagée en chambre et un WC indépendant avec lave-mains.<br />À l'étage : une grande chambre avec espace bureau donnant sur un balcon avec vue dégagée, une salle d'eau avec WC et une pièce, espace de rangement supplémentaire.<br />Des prestations haut de gamme : Chauffage au sol avec chaudière à gaz récente, Double vitrage pour un confort thermique et phonique optimal, Volets électriques et magasins bannes à commande centralisée, Garage double avec portes motorisées et portail électrique, 2 Terrasses pour profiter du cadre verdoyant en toute saison.<br />Un emplacement recherché : Située dans un quartier calme et résidentiel de Mont-de-Marsan, la villa bénéficie d'un accès rapide aux commerces, écoles et transports. Son isolation phonique et thermique de qualité garantit une tranquillité absolue.<br />Taxe foncière : 2111€<br /><br />Prix ​​de vente : 490 000 €"!#""!#""!#"1"!#""!#""!#"2002"!#""!#"1"!#""!#"3"!#"0"!#"Electrique radiateur - Individuel gaz sol"!#""!#"0"!#"0"!#"0"!#"1"!#"1"!#""!#"0"!#"0"!#""!#"0"!#"0"!#"0"!#"0"!#"1"!#""!#""!#""!#""!#""!#""!#""!#""!#""!#""!#""!#""!#"0"!#"0"!#"0"!#"0"!#"0"!#"0"!#"0"!#"0"!#"0"!#"0"!#"0"!#"0"!#"0"!#"0"!#"0"!#"0"!#"0"!#"0"!#""!#""!#"0"!#"Figaro"!#"0"!#"0"!#"https://www.papsimmo.fr/properties/2025-031608-1/20250207-105842a.jpg?20250316"!#"https://www.papsimmo.fr/properties/2025-031608-1/e07ee48669f5981d14b572355ffd4484bf4f28bba.jpg?20250316"!#"https://www.papsimmo.fr/properties/2025-031608-1/1nuxjusqgx4yzx7yezpo01pld7x0l3dlkpf2y79fya.jpg?20250316"!#"https://www.papsimmo.fr/properties/2025-031608-1/20250207-105605a.jpg?20250316"!#"https://www.papsimmo.fr/properties/2025-031608-1/20250207-105833a.jpg?20250316"!#"https://www.papsimmo.fr/properties/2025-031608-1/408c5906e11f059917b28bb488f48ba84ec3f2a3a.jpg?20250316"!#"https://www.papsimmo.fr/properties/2025-031608-1/20250207-105735a.jpg?20250316"!#"https://www.papsimmo.fr/properties/2025-031608-1/cacf1903eed21d5edf5d31a4b302e1a5d2ac95bba.jpg?20250316"!#"https://www.papsimmo.fr/properties/2025-031608-1/84ba2d640ace16bcf6e95cdcbfa65cc39d733e7fa.jpg?20250316"!#"Photo-2025/031608-1-1"!#"Photo-2025/031608-1-2"!#"Photo-2025/031608-1-3"!#"Photo-2025/031608-1-4"!#"Photo-2025/031608-1-5"!#"Photo-2025/031608-1-7"!#"Photo-2025/031608-1-8"!#"Photo-2025/031608-1-9"!#"Photo-2025/031608-1-10"!#""!#""!#"06.77.31.26.39"!#"Denis DEHEZ 497036"!#"ddehez@papsimmo.fr"!#"40000"!#"MONT-DE-MARSAN"!#""!#""!#"156"!#"16/03/2025"!#""!#""!#""!#""!#""!#""!#""!#""!#""!#""!#""!#""!#""!#""!#""!#""!#""!#""!#""!#""!#""!#""!#""!#""!#""!#""!#""!#""!#""!#""!#""!#""!#""!#""!#""!#""!#""!#""!#""!#""!#""!#""!#""!#""!#""!#""!#""!#""!#"0"!#"0"!#"https://www.papsimmo.fr/properties/2025-031608-1/20250207-105712a.jpg?20250316"!#"https://www.papsimmo.fr/properties/2025-031608-1/20250207-110015a.jpg?20250316"!#"https://www.papsimmo.fr/properties/2025-031608-1/165bb54c03361c53ea768e7f12b246018a8684a0a.jpg?20250316"!#""!#""!#""!#""!#""!#""!#""!#""!#""!#"95"!#"B"!#"15"!#"C"!#""!#""!#""!#""!#""!#""!#""!#""!#""!#"0"!#"0"!#"0"!#"0"!#""!#""!#""!#""!#""!#""!#""!#""!#""!#""!#""!#""!#""!#""!#""!#""!#""!#""!#""!#""!#""!#""!#""!#""!#""!#""!#""!#""!#""!#""!#""!#""!#""!#""!#""!#""!#""!#""!#""!#""!#""!#""!#""!#""!#""!#""!#""!#""!#""!#""!#""!#""!#""!#""!#""!#""!#""!#""!#""!#""!#""!#""!#""!#""!#""!#""!#""!#"0.00"!#""!#""!#""!#""!#""!#""!#""!#""!#""!#""!#""!#""!#""!#"Photo-2025/031608-1-10"!#"Photo-2025/031608-1-11"!#"Photo-2025/031608-1-12"!#""!#""!#""!#""!#""!#""!#""!#""!#""!#""!#""!#""!#""!#""!#""!#""!#""!#""!#""!#""!#""!#""!#""!#""!#"4.11"!#""!#""!#""!#""!#""!#""!#""!#""!#""!#""!#""!#""!#""!#""!#""!#""!#""!#""!#""!#""!#""!#""!#"29/01/2025"!#""!#"1810"!#"2500"!#"01/01/2023"!#""!#""!#""!#""!#""
"107428"!#"2025/040105-1"!#"vente"!#"Appartement"!#"33700"!#"MÉRIGNAC"!#"France"!#"135 avenue de l'Yser"!#""!#""!#"234000"!#""!#""!#""!#""!#"61"!#"0"!#"3"!#"2"!#"T3 avec terrasse + parking + cave - Mérignac – Opportunité à saisir !"!#"Vous recherchez un appartement bien situé, fonctionnel et avec un fort potentiel ? Que ce soit pour y vivre ou investir, ce T3 de 61,80 m² est une véritable affaire à saisir.<br />Situé au 2ᵉ étage avec ascenseur, il bénéficie d’une belle luminosité et d’un agencement optimisé. Son séjour spacieux de 21 m² offre un espace de vie confortable, ouvert sur une terrasse de 11,60 m², idéale pour profiter de l’extérieur. Les deux grandes chambres permettent d’aménager un intérieur agréable et pratique.<br />La résidence dispose d’un parking en sous-sol, d’une cave et de toutes les commodités à proximité : commerces, transports en commun, écoles et accès rapide aux grands axes.<br />Pourquoi c’est l’affaire du moment ?<br />✔ Un bien rare sur le marché avec des prestations recherchées ✔ Un emplacement stratégique, parfait pour une vie pratique et dynamique ✔ Un excellent potentiel locatif avec forte demande sur Mérignac ✔ Un prix attractif, une opportunité à ne pas laisser passer<br />Avec quelques améliorations, cet appartement peut devenir un véritable cocon moderne ou un investissement rentable dans un secteur prisé.<br />Ne laissez pas passer cette occasion. Contactez-nous dès maintenant pour organiser une visite.<br />Taxe foncière : 1194€ Prix : 234 000€"!#""!#""!#"2"!#""!#""!#"2011"!#""!#"0"!#""!#"1"!#"0"!#"Electrique"!#""!#"0"!#"0"!#"0"!#"1"!#"0"!#""!#"0"!#"0"!#""!#"0"!#"0"!#"0"!#"0"!#"1"!#""!#""!#""!#""!#""!#""!#""!#""!#""!#""!#""!#""!#"0"!#"0"!#"0"!#"0"!#"0"!#"0"!#"0"!#"0"!#"0"!#"0"!#"0"!#"0"!#"0"!#"0"!#"0"!#"0"!#"0"!#"0"!#""!#""!#"0"!#"Figaro"!#"0"!#"0"!#"https://www.papsimmo.fr/properties/2025-040105-1/WhatsApp-Image-2025-04-06.jpg?20250407"!#"https://www.papsimmo.fr/properties/2025-040105-1/20250331-105934.jpg?20250401"!#"https://www.papsimmo.fr/properties/2025-040105-1/WhatsApp-Image-2025-04-07-a.jpg?20250407"!#"https://www.papsimmo.fr/properties/2025-040105-1/20250331-105913.jpg?20250407"!#"https://www.papsimmo.fr/properties/2025-040105-1/WhatsApp-Image-2025-04-07-a-08.jpg?20250407"!#"https://www.papsimmo.fr/properties/2025-040105-1/20250331-105906.jpg?20250407"!#"https://www.papsimmo.fr/properties/2025-040105-1/20250331-103658.jpg?20250401"!#"https://www.papsimmo.fr/properties/2025-040105-1/20250331-103314.jpg?20250401"!#"https://www.papsimmo.fr/properties/2025-040105-1/20250331-103140.jpg?20250401"!#"Photo-2025/040105-1-1"!#"Photo-2025/040105-1-2"!#"Photo-2025/040105-1-3"!#"Photo-2025/040105-1-4"!#"Photo-2025/040105-1-5"!#"Photo-2025/040105-1-7"!#"Photo-2025/040105-1-8"!#"Photo-2025/040105-1-9"!#"Photo-2025/040105-1-10"!#""!#""!#"06.77.31.26.39"!#"Denis DEHEZ 497036"!#"ddehez@papsimmo.fr"!#"33700"!#"MÉRIGNAC"!#""!#""!#"160"!#"01/04/2025"!#""!#""!#""!#""!#""!#""!#""!#""!#""!#""!#""!#""!#""!#""!#""!#""!#""!#""!#""!#""!#""!#""!#""!#""!#""!#""!#""!#""!#""!#""!#""!#""!#""!#""!#""!#""!#""!#""!#""!#""!#""!#""!#""!#""!#""!#""!#""!#""!#"0"!#"0"!#"https://www.papsimmo.fr/properties/2025-040105-1/20250331-103448.jpg?20250401"!#"https://www.papsimmo.fr/properties/2025-040105-1/20250331-105840.jpg?20250401"!#"https://www.papsimmo.fr/properties/2025-040105-1/CCF01042025-00000.jpg?20250401"!#""!#""!#""!#""!#""!#""!#""!#""!#""!#"0"!#"VI"!#"0"!#"VI"!#""!#""!#""!#""!#""!#""!#""!#""!#""!#"0"!#"0"!#"0"!#"0"!#""!#""!#""!#""!#""!#""!#""!#""!#""!#""!#""!#""!#""!#""!#""!#""!#""!#""!#""!#""!#""!#""!#""!#""!#""!#""!#""!#""!#""!#""!#""!#""!#""!#""!#""!#""!#""!#""!#""!#""!#""!#""!#""!#""!#""!#""!#""!#""!#""!#""!#""!#""!#""!#""!#""!#""!#""!#""!#""!#""!#""!#""!#""!#""!#""!#"1"!#""!#"0.00"!#""!#""!#""!#""!#""!#""!#""!#""!#""!#""!#""!#""!#""!#"Photo-2025/040105-1-10"!#"Photo-2025/040105-1-11"!#"Photo-2025/040105-1-12"!#""!#""!#""!#""!#""!#""!#""!#""!#""!#""!#""!#""!#""!#""!#""!#""!#""!#""!#""!#""!#""!#""!#""!#""!#"4.11"!#""!#""!#""!#""!#""!#""!#""!#""!#""!#""!#""!#""!#""!#""!#""!#""!#""!#""!#""!#""!#""!#""!#""!#""!#"0"!#"0"!#""!#""!#""!#""!#""!#""
"107428"!#"2025/040209-1"!#"vente"!#"Maison"!#"40410"!#"PISSOS"!#"France"!#"route de l'ocean"!#""!#""!#"235000"!#""!#""!#""!#""!#"132"!#"964"!#"5"!#"4"!#"Maison familiale de 135m² à Pissos – Confort & Potentiel"!#"À deux pas du centre-ville de Pissos, à seulement 5 minutes de l’A63 et proche de l’océan, découvrez cette maison traditionnelle de 135m² sur un terrain constructible de 964m².<br />Ses atouts :<br />✔ 4 chambres spacieuses pour toute la famille<br />✔ Séjour lumineux de 28m² et cuisine équipée avec espace cellier<br />✔ Deux vérandas offrant des possibilités d’agrandissement ou coin cosy<br />✔ Exposition Est-Ouest pour une belle luminosité toute la journée<br />✔ Deux terrasses, dont une couverte pour des moments conviviaux<br />✔ Climatisation réversible gainable et raccordement au tout-à-l'égout pour un confort moderne et économique<br />✔ Salle de bain rénovée<br />Un cadre idéal pour une vie paisible, avec un beau potentiel. Ne manquez pas cette opportunité !<br />Contactez-moi pour une visite !<br /><br /><br /><br />"!#""!#""!#"0"!#""!#""!#"1970"!#""!#"1"!#""!#"1"!#"0"!#"A définir"!#""!#"0"!#"0"!#"0"!#"1"!#"0"!#""!#"0"!#"0"!#""!#"0"!#"0"!#"0"!#"0"!#"1"!#""!#""!#""!#""!#""!#""!#""!#""!#""!#""!#""!#""!#"0"!#"0"!#"0"!#"0"!#"0"!#"0"!#"0"!#"0"!#"0"!#"0"!#"0"!#"0"!#"0"!#"0"!#"0"!#"0"!#"0"!#"0"!#""!#""!#"0"!#"Figaro"!#"0"!#"0"!#"https://www.papsimmo.fr/properties/2025-040209-1/IMG-20250402-WA0027.jpg?20250409"!#"https://www.papsimmo.fr/properties/2025-040209-1/IMG-20250402-WA0018.jpg?20250409"!#"https://www.papsimmo.fr/properties/2025-040209-1/IMG-20250402-WA0032.jpg?20250409"!#"https://www.papsimmo.fr/properties/2025-040209-1/IMG-20250402-WA0012.jpg?20250409"!#"https://www.papsimmo.fr/properties/2025-040209-1/IMG-20250402-WA0008.jpg?20250409"!#"https://www.papsimmo.fr/properties/2025-040209-1/IMG-20250402-WA0010.jpg?20250409"!#"https://www.papsimmo.fr/properties/2025-040209-1/IMG-20250402-WA0049.jpg?20250409"!#"https://www.papsimmo.fr/properties/2025-040209-1/IMG-20250402-WA0044.jpg?20250409"!#"https://www.papsimmo.fr/properties/2025-040209-1/IMG-20250402-WA0036.jpg?20250409"!#"Photo-2025/040209-1-1"!#"Photo-2025/040209-1-2"!#"Photo-2025/040209-1-3"!#"Photo-2025/040209-1-4"!#"Photo-2025/040209-1-5"!#"Photo-2025/040209-1-7"!#"Photo-2025/040209-1-8"!#"Photo-2025/040209-1-9"!#"Photo-2025/040209-1-10"!#""!#""!#"06.85.65.10.63"!#"Lucie LAFITTE 944025"!#"llafitte@papsimmo.fr"!#"40410"!#"PISSOS"!#""!#""!#"159"!#"02/04/2025"!#""!#""!#""!#""!#""!#""!#""!#""!#""!#""!#""!#""!#""!#""!#""!#""!#""!#""!#""!#""!#""!#""!#""!#""!#""!#""!#""!#""!#""!#""!#""!#""!#""!#""!#""!#""!#""!#""!#""!#""!#""!#""!#""!#""!#""!#""!#""!#""!#"0"!#"0"!#"https://www.papsimmo.fr/properties/2025-040209-1/IMG-20250402-WA0039.jpg?20250409"!#"https://www.papsimmo.fr/properties/2025-040209-1/IMG-20250402-WA0022.jpg?20250409"!#"https://www.papsimmo.fr/properties/2025-040209-1/IMG-20250402-WA0014.jpg?20250409"!#""!#""!#""!#""!#""!#""!#""!#""!#""!#"242"!#"D"!#"7"!#"B"!#""!#""!#""!#""!#""!#""!#""!#""!#""!#"0"!#"0"!#"0"!#"0"!#""!#""!#""!#""!#""!#""!#""!#""!#""!#""!#""!#""!#""!#""!#""!#""!#""!#""!#""!#""!#""!#""!#""!#""!#""!#""!#""!#""!#""!#""!#""!#""!#""!#""!#""!#""!#""!#""!#""!#""!#""!#""!#""!#""!#""!#""!#""!#""!#""!#""!#""!#""!#""!#""!#""!#""!#""!#""!#""!#""!#""!#""!#""!#""!#""!#""!#""!#"0.00"!#""!#""!#""!#""!#""!#""!#""!#""!#""!#""!#""!#""!#""!#"Photo-2025/040209-1-10"!#"Photo-2025/040209-1-11"!#"Photo-2025/040209-1-12"!#""!#""!#""!#""!#""!#""!#""!#""!#""!#""!#""!#""!#""!#""!#""!#""!#""!#""!#""!#""!#""!#""!#""!#""!#"4.11"!#""!#""!#""!#""!#""!#""!#""!#""!#""!#""!#""!#""!#""!#""!#""!#""!#""!#""!#""!#""!#""!#""!#"17/03/2025"!#""!#"0"!#"0"!#""!#""!#""!#""!#""!#""
"107428"!#"2025/040416-1"!#"vente"!#"Maison"!#"40100"!#"DAX"!#"France"!#"ROUTE DE BUGLOSE"!#""!#""!#"345000"!#""!#""!#""!#""!#"125"!#"809"!#"4"!#"3"!#"Maison moderne avec piscine chauffée et double garage"!#"Maison moderne avec piscine chauffée et double garage – Un cadre de vie exceptionnel<br />Découvrez cette superbe maison de plain-pied sur la commune de LALUQUE, conçue pour offrir confort et sérénité. Située dans un environnement paisible avec vue sur forêt, elle séduit par ses espaces lumineux et bien agencés. L'espace de vie de 59 m² comprend un salon/séjour spacieux ouvert sur une cuisine moderne et fonctionnelle. Une véranda prolonge cet espace et donne accès à l’une des trois chambres climatisées, apportant un véritable confort en toute saison.<br />Côté nuit, la maison dispose de trois chambres climatisées, d’une salle de bains avec baignoire et douche, ainsi qu’un WC indépendant.<br />Les prestations haut de gamme assurent un confort optimal : <br />✔ Chauffage au sol par pompe à chaleur <br />✔ Piscine au sel chauffée (liner neuf – 2023) <br />✔ Double garage <br />✔ Portail électrique<br />L’extérieur, entièrement clos et sans vis-à-vis sur 809 m², est un véritable havre de paix avec ses grandes terrasses et sa piscine chauffée.<br />Une maison prête à vous accueillir, où il ne reste plus qu’à poser vos valises !<br />Taxe foncière : 1009€<br />Prix : 345 000€"!#""!#""!#"0"!#""!#""!#"2016"!#""!#"1"!#""!#"1"!#"0"!#"Individuel sol - Climatisation réversible"!#""!#"0"!#"0"!#"0"!#"1"!#"0"!#""!#"0"!#"0"!#""!#"0"!#"0"!#"0"!#"0"!#"1"!#""!#""!#""!#""!#""!#""!#""!#""!#""!#""!#""!#""!#"0"!#"0"!#"0"!#"0"!#"0"!#"0"!#"0"!#"0"!#"0"!#"0"!#"0"!#"0"!#"0"!#"0"!#"0"!#"0"!#"0"!#"0"!#""!#""!#"0"!#"Figaro"!#"0"!#"0"!#"https://www.papsimmo.fr/properties/2025-040416-1/20250402-121012.jpg?20250404"!#"https://www.papsimmo.fr/properties/2025-040416-1/b19d46ed4427b9fb5c64b1c90ba9c6730362fb52.jpg?20250404"!#"https://www.papsimmo.fr/properties/2025-040416-1/20250402-121801.jpg?20250404"!#"https://www.papsimmo.fr/properties/2025-040416-1/20250402-121811.jpg?20250404"!#"https://www.papsimmo.fr/properties/2025-040416-1/20250402-121132.jpg?20250404"!#"https://www.papsimmo.fr/properties/2025-040416-1/20250402-121459.jpg?20250404"!#"https://www.papsimmo.fr/properties/2025-040416-1/20250402-121420.jpg?20250404"!#"https://www.papsimmo.fr/properties/2025-040416-1/20250402-121537.jpg?20250404"!#"https://www.papsimmo.fr/properties/2025-040416-1/b3f27d9d72094cf7aceb08bd74f953558b628a42.jpg?20250404"!#"Photo-2025/040416-1-1"!#"Photo-2025/040416-1-2"!#"Photo-2025/040416-1-3"!#"Photo-2025/040416-1-4"!#"Photo-2025/040416-1-5"!#"Photo-2025/040416-1-7"!#"Photo-2025/040416-1-8"!#"Photo-2025/040416-1-9"!#"Photo-2025/040416-1-10"!#""!#""!#"06.77.31.26.39"!#"Denis DEHEZ 497036"!#"ddehez@papsimmo.fr"!#"40100"!#"DAX"!#""!#""!#"161"!#"04/04/2025"!#""!#""!#""!#""!#""!#""!#""!#""!#""!#""!#""!#""!#""!#""!#""!#""!#""!#""!#""!#""!#""!#""!#""!#""!#""!#""!#""!#""!#""!#""!#""!#""!#""!#""!#""!#""!#""!#""!#""!#""!#""!#""!#""!#""!#""!#""!#""!#""!#"0"!#"0"!#"https://www.papsimmo.fr/properties/2025-040416-1/20250402-121616.jpg?20250404"!#"https://www.papsimmo.fr/properties/2025-040416-1/20250402-121052.jpg?20250404"!#"https://www.papsimmo.fr/properties/2025-040416-1/20250402-120940.jpg?20250404"!#""!#""!#""!#""!#""!#""!#""!#""!#""!#"51"!#"A"!#"1"!#"A"!#""!#""!#""!#""!#""!#""!#""!#""!#""!#"0"!#"0"!#"0"!#"0"!#""!#""!#""!#""!#""!#""!#""!#""!#""!#""!#""!#""!#""!#""!#""!#""!#""!#""!#""!#""!#""!#""!#""!#""!#""!#""!#""!#""!#""!#""!#""!#""!#""!#""!#""!#""!#""!#""!#""!#""!#""!#""!#""!#""!#""!#""!#""!#""!#""!#""!#""!#""!#""!#""!#""!#""!#""!#""!#""!#""!#""!#""!#""!#""!#""!#""!#""!#"0.00"!#""!#""!#""!#""!#""!#""!#""!#""!#""!#""!#""!#""!#""!#"Photo-2025/040416-1-10"!#"Photo-2025/040416-1-11"!#"Photo-2025/040416-1-12"!#""!#""!#""!#""!#""!#""!#""!#""!#""!#""!#""!#""!#""!#""!#""!#""!#""!#""!#""!#""!#""!#""!#""!#""!#"4.11"!#""!#""!#""!#""!#""!#""!#""!#""!#""!#""!#""!#""!#""!#""!#""!#""!#""!#""!#""!#""!#""!#""!#"22/11/2024"!#""!#"560"!#"810"!#"20/03/2025"!#""!#""!#""!#""!#""
"107428"!#"2025/040929-1"!#"vente"!#"Maison"!#"40110"!#"ONESSE-LAHARIE"!#"France"!#"2556 Route de Laharie"!#""!#""!#"179000"!#""!#""!#""!#""!#"88"!#"4600"!#"4"!#"3"!#"Maison à vendre – Onesse-Laharie – Cadre nature & fort potentiel"!#"À seulement 2 km du centre du village d’Onesse-Laharie, 10 km de Morcenx, et 25 km des plages landaises, venez découvrir cette maison familiale nichée au cœur de la nature, offrant un cadre de vie paisible et arboré, idéal pour les amoureux d’espace.Implantée sur un terrain généreux de 4 000 m² arboré, cette propriété dispose également d'une parcelle forestière supplémentaire de 600 m², accessible à pied en quelques minutes.Descriptif du bien : Entrée, Cuisine indépendante, Salon/séjour lumineux de 26 m² avec cheminée, ouvrant sur une véranda de 16 m², parfaite pour profiter du jardin en toutes saisons. 3 chambres confortables d’environ 10 m² chacune, salle de bain avec douche et baignoiree, WC indépendant.<br /><br />À noter :<br />Des travaux de rénovation sont à prévoir, mais cette maison offre un excellent potentiel de transformation selon vos envies.Dépendances :<br />Garage indépendant de 45 m²<br />Cave de 10 m², idéale pour le stockage.<br /> <br />Cette maison est une belle opportunité pour un projet de résidence principale ou secondaire, ou pour les investisseurs en quête d’un bien à rénover dans un environnement naturel.Prix : 179 000 €       Taxe foncière : 476 €"!#""!#""!#"0"!#""!#""!#"1920"!#""!#"0"!#""!#"0"!#"0"!#"A définir"!#""!#"0"!#"0"!#"0"!#"1"!#"0"!#""!#"0"!#"0"!#""!#"0"!#"0"!#"0"!#"0"!#"1"!#""!#""!#""!#""!#""!#""!#""!#""!#""!#""!#""!#""!#"0"!#"0"!#"0"!#"0"!#"0"!#"0"!#"0"!#"0"!#"0"!#"0"!#"0"!#"0"!#"0"!#"0"!#"0"!#"0"!#"0"!#"0"!#""!#""!#"0"!#"Figaro"!#"0"!#"0"!#"https://www.papsimmo.fr/properties/2025-040929-1/20250409-112451.jpg?20250409"!#"https://www.papsimmo.fr/properties/2025-040929-1/raw-7.jpg?20250409"!#"https://www.papsimmo.fr/properties/2025-040929-1/20250409-103602.jpg?20250409"!#"https://www.papsimmo.fr/properties/2025-040929-1/20250409-103334.jpg?20250409"!#"https://www.papsimmo.fr/properties/2025-040929-1/20250409-103418.jpg?20250409"!#"https://www.papsimmo.fr/properties/2025-040929-1/20250409-103508.jpg?20250409"!#"https://www.papsimmo.fr/properties/2025-040929-1/raw-10.jpg?20250409"!#"https://www.papsimmo.fr/properties/2025-040929-1/raw-9.jpg?20250409"!#"https://www.papsimmo.fr/properties/2025-040929-1/2000x2000-orientation-0deg-2.jpg?20250409"!#"Photo-2025/040929-1-1"!#"Photo-2025/040929-1-2"!#"Photo-2025/040929-1-3"!#"Photo-2025/040929-1-4"!#"Photo-2025/040929-1-5"!#"Photo-2025/040929-1-7"!#"Photo-2025/040929-1-8"!#"Photo-2025/040929-1-9"!#"Photo-2025/040929-1-10"!#""!#""!#"06.77.16.31.03"!#"Joel DEHEZ 255210"!#"jdehez@papsimmo.fr"!#"40110"!#"ONESSE-LAHARIE"!#""!#""!#"154"!#"09/04/2025"!#""!#""!#""!#""!#""!#""!#""!#""!#""!#""!#""!#""!#""!#""!#""!#""!#""!#""!#""!#""!#""!#""!#""!#""!#""!#""!#""!#""!#""!#""!#""!#""!#""!#""!#""!#""!#""!#""!#""!#""!#""!#""!#""!#""!#""!#""!#""!#""!#"0"!#"0"!#"https://www.papsimmo.fr/properties/2025-040929-1/raw.jpg?20250409"!#"https://www.papsimmo.fr/properties/2025-040929-1/20250409-103841.jpg?20250409"!#"https://www.papsimmo.fr/properties/2025-040929-1/20250409-103821.jpg?20250410"!#"https://www.papsimmo.fr/properties/2025-040929-1/20250409-103746.jpg?20250410"!#""!#""!#""!#""!#""!#""!#""!#""!#"348"!#"F"!#"10"!#"B"!#""!#""!#""!#""!#""!#""!#""!#""!#""!#"0"!#"0"!#"0"!#"0"!#""!#""!#""!#""!#""!#""!#""!#""!#""!#""!#""!#""!#""!#""!#""!#""!#""!#""!#""!#""!#""!#""!#""!#""!#""!#""!#""!#""!#""!#""!#""!#""!#""!#""!#""!#""!#""!#""!#""!#""!#""!#""!#""!#""!#""!#""!#""!#""!#""!#""!#""!#""!#""!#""!#""!#""!#""!#""!#""!#""!#""!#""!#""!#""!#""!#""!#""!#"0.00"!#""!#""!#""!#""!#""!#""!#""!#""!#""!#""!#""!#""!#""!#"Photo-2025/040929-1-10"!#"Photo-2025/040929-1-11"!#"Photo-2025/040929-1-12"!#"Photo-2025/040929-1-13"!#""!#""!#""!#""!#""!#""!#""!#""!#""!#""!#""!#""!#""!#""!#""!#""!#""!#""!#""!#""!#""!#""!#""!#"4.11"!#""!#""!#""!#""!#""!#""!#""!#""!#""!#""!#""!#""!#""!#""!#""!#""!#""!#""!#""!#""!#""!#""!#"29/08/2024"!#""!#"1422"!#"1924"!#"20/03/2025"!#""!#""!#""!#""!#""
"107428"!#"2025/041048-1"!#"vente"!#"Appartement"!#"40990"!#"SAINT-PAUL-LÈS-DAX"!#"France"!#"saint paul les dax"!#""!#""!#"169000"!#""!#""!#""!#""!#"48"!#"3536"!#"2"!#"1"!#"T2 48m² TERRASSE PARKING"!#"Localisé tout près du lac de Christus à Saint Paul lès Dax, venez découvrir ce T2 situé au deuxième étage d'une résidence calme et sécurisée. Très lumineux , cet appartement se compose d'une entrée avec placard, une cuisine ouverte sur la pièce de vie qui donne sur sur la belle terrasse, d'environ 10m². La chambre d'environ 11 m² a également un accès direct à la terrasse exposée sud-ouest. Une salle d'eau et un Wc séparé complètent ce bien.Côté confort: radiateurs électriques dernière génération qui se stoppent dès ouverture des portes, double vitrage, store électrique, store banne, place de parking.Taxe foncière environ 800€Charges mensuelles environ 78€Prix: 169000€contact: Aline Lateulère PAPSIMMO: 0641598385 ou alateulere@papsimmo.frLes informations sur les risques auxquels, ce bien est exposé sont disponibles sur le site Géorisques : www.georisques.gouv.fr<br /> "!#""!#""!#"0"!#""!#""!#"2006"!#""!#"0"!#""!#"0"!#"0"!#"A définir"!#""!#"0"!#"0"!#"0"!#"1"!#"0"!#""!#"0"!#"0"!#""!#"0"!#"0"!#"0"!#"0"!#"0"!#""!#""!#""!#""!#""!#""!#""!#""!#""!#""!#""!#""!#"0"!#"0"!#"0"!#"0"!#"0"!#"0"!#"0"!#"0"!#"0"!#"0"!#"0"!#"0"!#"0"!#"0"!#"0"!#"0"!#"0"!#"0"!#""!#""!#"0"!#"Figaro"!#"0"!#"0"!#"https://www.papsimmo.fr/properties/2025-041048-1/IMMEUBLE.jpg?20250416"!#"https://www.papsimmo.fr/properties/2025-041048-1/CUISINE2.jpg?20250416"!#"https://www.papsimmo.fr/properties/2025-041048-1/PIECE-DE-VIE.jpg?20250410"!#"https://www.papsimmo.fr/properties/2025-041048-1/TERRASSE.jpg?20250410"!#""!#""!#""!#""!#""!#"Photo-2025/041048-1-1"!#"Photo-2025/041048-1-2"!#"Photo-2025/041048-1-3"!#"Photo-2025/041048-1-4"!#""!#""!#""!#""!#""!#""!#""!#"06.41.59.83.85"!#"Aline LATEULERE 473081"!#"alateulere@papsimmo.fr"!#"40990"!#"SAINT-PAUL-LÈS-DAX"!#""!#""!#"150"!#"10/04/2025"!#""!#""!#""!#""!#""!#""!#""!#""!#""!#""!#""!#""!#""!#""!#""!#""!#""!#""!#""!#""!#""!#""!#""!#""!#""!#""!#""!#""!#""!#""!#""!#""!#""!#""!#""!#""!#""!#""!#""!#""!#""!#""!#""!#""!#""!#""!#""!#""!#"0"!#"0"!#""!#""!#""!#""!#""!#""!#""!#""!#""!#""!#""!#""!#"156"!#"C"!#"4"!#"A"!#""!#""!#""!#""!#""!#""!#""!#""!#""!#"0"!#"0"!#"0"!#"0"!#""!#""!#""!#""!#""!#""!#""!#""!#""!#""!#""!#""!#""!#""!#""!#""!#""!#""!#""!#""!#""!#""!#""!#""!#""!#""!#""!#""!#""!#""!#""!#""!#""!#""!#""!#""!#""!#""!#""!#""!#""!#""!#""!#""!#""!#""!#""!#""!#""!#""!#""!#""!#""!#""!#""!#""!#""!#""!#""!#""!#""!#""!#""!#""!#""!#""!#""!#"0.00"!#""!#""!#""!#""!#""!#""!#""!#""!#""!#""!#""!#""!#""!#""!#""!#""!#""!#""!#""!#""!#""!#""!#""!#""!#""!#""!#""!#""!#""!#""!#""!#""!#""!#""!#""!#""!#""!#""!#""!#""!#"4.11"!#""!#""!#""!#""!#""!#""!#""!#""!#""!#""!#""!#""!#""!#""!#""!#""!#""!#""!#""!#""!#""!#""!#"19/11/2024"!#""!#"680"!#"970"!#"20/03/2025"!#""!#""!#""!#""!#""